Filename,Age,Gender,Race,Ethnicity,Ground_Truth,Pred_GL,Confidence,Reasoning,Raw_Response,Is_Correct
data/Glaucoma/Test/data_07001.npz,50.81,female,asian,non-hispanic,1,0,low,"The SLO/fundus image shows an optic nerve head that is small and difficult to assess due to low contrast and noise; clear cupping, rim thinning, or notching cannot be reliably identified. The OCT B-scans are peripheral macular/retinal scans rather than centered on the optic nerve head, and RNFL thickness around the disc cannot be evaluated. Because key glaucoma-related structures are poorly visualized and there is no obvious structural loss, glaucoma is not detected, but image limitations make this assessment uncertain.","{""glaucoma_detected"": 0, ""confidence"": ""low"", ""reasoning"": ""The SLO/fundus image shows an optic nerve head that is small and difficult to assess due to low contrast and noise; clear cupping, rim thinning, or notching cannot be reliably identified. The OCT B-scans are peripheral macular/retinal scans rather than centered on the optic nerve head, and RNFL thickness around the disc cannot be evaluated. Because key glaucoma-related structures are poorly visualized and there is no obvious structural loss, glaucoma is not detected, but image limitations make this assessment uncertain.""}",0
data/Glaucoma/Test/data_07002.npz,79.67,female,white,non-hispanic,0,0,low,"Fundus/SLO image shows an optic nerve head that is small and difficult to evaluate clearly; neuroretinal rim and cup are poorly defined due to low contrast and resolution, with no obvious marked cupping or focal rim loss visible. The OCT B-scans provided are macular/retinal cross-sections rather than peripapillary RNFL scans, so they do not directly show glaucomatous RNFL thinning; retinal layers appear relatively preserved without clear nerve fiber layer loss. Because image quality and scan type limit assessment and there are no strong structural signs of glaucoma, glaucoma is not detected, but uncertainty is high.","{""glaucoma_detected"": 0, ""confidence"": ""low"", ""reasoning"": ""Fundus/SLO image shows an optic nerve head that is small and difficult to evaluate clearly; neuroretinal rim and cup are poorly defined due to low contrast and resolution, with no obvious marked cupping or focal rim loss visible. The OCT B-scans provided are macular/retinal cross-sections rather than peripapillary RNFL scans, so they do not directly show glaucomatous RNFL thinning; retinal layers appear relatively preserved without clear nerve fiber layer loss. Because image quality and scan type limit assessment and there are no strong structural signs of glaucoma, glaucoma is not detected, but uncertainty is high.""}",1
data/Glaucoma/Test/data_07003.npz,75.81,female,white,non-hispanic,1,0,low,"Fundus/SLO image is low contrast and partially obscured, making detailed assessment of optic nerve head cupping and neuroretinal rim difficult. The disc appears relatively small without obvious marked cupping or focal rim loss, but visualization is limited. The OCT B-scans provided are macular/retinal cross-sections rather than peripapillary RNFL scans, so they do not clearly show RNFL thinning or optic nerve head deformation typical of glaucoma. Because structural glaucomatous changes cannot be confidently identified on either modality, glaucoma is not detected, but image quality and scan type significantly reduce diagnostic certainty.","{""glaucoma_detected"": 0, ""confidence"": ""low"", ""reasoning"": ""Fundus/SLO image is low contrast and partially obscured, making detailed assessment of optic nerve head cupping and neuroretinal rim difficult. The disc appears relatively small without obvious marked cupping or focal rim loss, but visualization is limited. The OCT B-scans provided are macular/retinal cross-sections rather than peripapillary RNFL scans, so they do not clearly show RNFL thinning or optic nerve head deformation typical of glaucoma. Because structural glaucomatous changes cannot be confidently identified on either modality, glaucoma is not detected, but image quality and scan type significantly reduce diagnostic certainty.""}",0
data/Glaucoma/Test/data_07004.npz,63.38,male,asian,non-hispanic,0,1,moderate,"Fundus image shows a relatively large, deep-appearing cup with thinning of the neuroretinal rim, particularly inferiorly, suggesting glaucomatous cupping. The OCT B-scans through the optic nerve head demonstrate a pronounced excavation of the disc with steep cup walls and reduced neuroretinal tissue, consistent with structural glaucomatous damage. RNFL and macular layers outside the disc region appear relatively preserved, but the optic nerve head changes are sufficiently suspicious to favor glaucoma, though image noise and lack of quantitative data limit certainty.","{""glaucoma_detected"": 1, ""confidence"": ""moderate"", ""reasoning"": ""Fundus image shows a relatively large, deep-appearing cup with thinning of the neuroretinal rim, particularly inferiorly, suggesting glaucomatous cupping. The OCT B-scans through the optic nerve head demonstrate a pronounced excavation of the disc with steep cup walls and reduced neuroretinal tissue, consistent with structural glaucomatous damage. RNFL and macular layers outside the disc region appear relatively preserved, but the optic nerve head changes are sufficiently suspicious to favor glaucoma, though image noise and lack of quantitative data limit certainty.""}",0
data/Glaucoma/Test/data_07005.npz,84.99,female,white,non-hispanic,1,1,moderate,"Fundus image shows a relatively large, vertically elongated cup with apparent thinning of the neuroretinal rim, suggesting increased cupping. The OCT B-scans through the optic nerve head demonstrate deep excavation of the disc with reduced neuroretinal tissue, consistent with glaucomatous structural loss. RNFL around the disc appears relatively thin, though image noise limits precise assessment. Overall, the optic nerve morphology on both SLO and OCT is more compatible with glaucomatous damage than a normal disc, but image quality and lack of quantitative data warrant moderate rather than high confidence.","{""glaucoma_detected"": 1, ""confidence"": ""moderate"", ""reasoning"": ""Fundus image shows a relatively large, vertically elongated cup with apparent thinning of the neuroretinal rim, suggesting increased cupping. The OCT B-scans through the optic nerve head demonstrate deep excavation of the disc with reduced neuroretinal tissue, consistent with glaucomatous structural loss. RNFL around the disc appears relatively thin, though image noise limits precise assessment. Overall, the optic nerve morphology on both SLO and OCT is more compatible with glaucomatous damage than a normal disc, but image quality and lack of quantitative data warrant moderate rather than high confidence.""}",1
data/Glaucoma/Test/data_07006.npz,26.04,female,white,non-hispanic,0,0,moderate,"The SLO/fundus image shows a relatively normal-appearing optic nerve head without obvious pathologic cupping or focal neuroretinal rim thinning; vessels enter and exit in a typical pattern and there is no clear peripapillary atrophy suggestive of glaucomatous damage. The OCT B-scans, though somewhat noisy, demonstrate preserved retinal layers without obvious thinning of the peripapillary retinal nerve fiber layer or structural defects consistent with glaucoma. Given image quality limitations and lack of quantitative data, subtle early disease cannot be excluded, but available structural findings favor no glaucoma.","{""glaucoma_detected"": 0, ""confidence"": ""moderate"", ""reasoning"": ""The SLO/fundus image shows a relatively normal-appearing optic nerve head without obvious pathologic cupping or focal neuroretinal rim thinning; vessels enter and exit in a typical pattern and there is no clear peripapillary atrophy suggestive of glaucomatous damage. The OCT B-scans, though somewhat noisy, demonstrate preserved retinal layers without obvious thinning of the peripapillary retinal nerve fiber layer or structural defects consistent with glaucoma. Given image quality limitations and lack of quantitative data, subtle early disease cannot be excluded, but available structural findings favor no glaucoma.""}",1
data/Glaucoma/Test/data_07007.npz,54.66,female,white,non-hispanic,1,0,low,"The SLO/fundus image is low contrast and does not clearly show the optic nerve head, cupping, or neuroretinal rim, making assessment of glaucomatous changes difficult. The OCT B-scans provided appear to be macular or peripapillary cross-sections without obvious focal RNFL thinning, defects, or structural loss, but image noise and limited field reduce reliability. With no clear structural signs of glaucomatous damage visible, glaucoma is not detected, though the poor visualization of the optic disc and RNFL leads to low confidence.","{""glaucoma_detected"": 0, ""confidence"": ""low"", ""reasoning"": ""The SLO/fundus image is low contrast and does not clearly show the optic nerve head, cupping, or neuroretinal rim, making assessment of glaucomatous changes difficult. The OCT B-scans provided appear to be macular or peripapillary cross-sections without obvious focal RNFL thinning, defects, or structural loss, but image noise and limited field reduce reliability. With no clear structural signs of glaucomatous damage visible, glaucoma is not detected, though the poor visualization of the optic disc and RNFL leads to low confidence.""}",0
data/Glaucoma/Test/data_07008.npz,40.07,male,white,non-hispanic,0,0,moderate,"The SLO/fundus image shows a relatively normal-appearing optic nerve head with a central cup but no obvious excessive cupping or focal neuroretinal rim thinning; the rim appears fairly symmetric without clear notching. Retinal vessels follow a typical course without marked bayoneting or nasalization. The OCT B-scans around the disc demonstrate a reasonably preserved peripapillary retinal nerve fiber layer and neuroretinal tissue without clear localized thinning or excavation suggestive of glaucomatous damage. Image noise is present but structural details are still appreciable. Given the absence of clear glaucomatous structural changes on both modalities, glaucoma is not detected, though clinical correlation with IOP and visual fields would still be important.","{""glaucoma_detected"": 0, ""confidence"": ""moderate"", ""reasoning"": ""The SLO/fundus image shows a relatively normal-appearing optic nerve head with a central cup but no obvious excessive cupping or focal neuroretinal rim thinning; the rim appears fairly symmetric without clear notching. Retinal vessels follow a typical course without marked bayoneting or nasalization. The OCT B-scans around the disc demonstrate a reasonably preserved peripapillary retinal nerve fiber layer and neuroretinal tissue without clear localized thinning or excavation suggestive of glaucomatous damage. Image noise is present but structural details are still appreciable. Given the absence of clear glaucomatous structural changes on both modalities, glaucoma is not detected, though clinical correlation with IOP and visual fields would still be important.""}",1
data/Glaucoma/Test/data_07009.npz,91.8,male,white,non-hispanic,0,0,low,"The SLO/fundus image is low contrast and does not clearly show the optic nerve head, cup, or neuroretinal rim, making assessment of glaucomatous cupping or rim thinning difficult. The OCT B-scans provided are macular/retinal cross-sections rather than peripapillary RNFL scans, so they do not adequately depict RNFL thickness or optic nerve structure relevant to glaucoma. No definite glaucomatous structural changes are visible in these images, but image type and quality limit evaluation, so absence of glaucoma cannot be assured.","{""glaucoma_detected"": 0, ""confidence"": ""low"", ""reasoning"": ""The SLO/fundus image is low contrast and does not clearly show the optic nerve head, cup, or neuroretinal rim, making assessment of glaucomatous cupping or rim thinning difficult. The OCT B-scans provided are macular/retinal cross-sections rather than peripapillary RNFL scans, so they do not adequately depict RNFL thickness or optic nerve structure relevant to glaucoma. No definite glaucomatous structural changes are visible in these images, but image type and quality limit evaluation, so absence of glaucoma cannot be assured.""}",1
data/Glaucoma/Test/data_07010.npz,67.38,male,white,non-hispanic,0,0,moderate,"The SLO/fundus image shows a relatively small optic disc with preserved neuroretinal rim and no obvious pathologic cupping or focal rim thinning. Vessels follow a normal course without clear bayoneting or notching. The OCT B-scans through the peripapillary region demonstrate intact retinal nerve fiber and ganglion cell layers without obvious thinning or excavation of the optic nerve head. Image quality is adequate and the two modalities are concordant in not showing characteristic glaucomatous structural damage, so glaucoma is not detected, though absence of quantitative RNFL data and visual fields limits certainty.","{""glaucoma_detected"": 0, ""confidence"": ""moderate"", ""reasoning"": ""The SLO/fundus image shows a relatively small optic disc with preserved neuroretinal rim and no obvious pathologic cupping or focal rim thinning. Vessels follow a normal course without clear bayoneting or notching. The OCT B-scans through the peripapillary region demonstrate intact retinal nerve fiber and ganglion cell layers without obvious thinning or excavation of the optic nerve head. Image quality is adequate and the two modalities are concordant in not showing characteristic glaucomatous structural damage, so glaucoma is not detected, though absence of quantitative RNFL data and visual fields limits certainty.""}",1
data/Glaucoma/Test/data_07011.npz,40.17,female,white,non-hispanic,0,0,moderate,"The SLO/fundus image shows an optic nerve head with a visible cup but without obvious excessive cupping, focal neuroretinal rim thinning, or clear notching. Peripapillary RNFL striations appear relatively preserved without obvious wedge defects. The OCT B-scans, while somewhat noisy, show normal-appearing retinal layers and no clear thinning or loss of the RNFL or ganglion cell complex in the scanned regions. There is reasonable agreement between modalities, and no strong structural hallmark of glaucomatous damage is evident, though image quality limits certainty.","{""glaucoma_detected"": 0, ""confidence"": ""moderate"", ""reasoning"": ""The SLO/fundus image shows an optic nerve head with a visible cup but without obvious excessive cupping, focal neuroretinal rim thinning, or clear notching. Peripapillary RNFL striations appear relatively preserved without obvious wedge defects. The OCT B-scans, while somewhat noisy, show normal-appearing retinal layers and no clear thinning or loss of the RNFL or ganglion cell complex in the scanned regions. There is reasonable agreement between modalities, and no strong structural hallmark of glaucomatous damage is evident, though image quality limits certainty.""}",1
data/Glaucoma/Test/data_07012.npz,71.7,female,black,non-hispanic,1,0,low,"The SLO/fundus image is very low contrast and does not clearly show the optic nerve head, cupping, or neuroretinal rim, making assessment of glaucomatous optic neuropathy difficult. The OCT B-scans provided appear to be macular/retinal scans rather than peripapillary RNFL or optic nerve head scans, so they do not show typical glaucoma-related structural changes. Without clear visualization of the optic disc or RNFL, there is insufficient structural evidence of glaucoma in these images, so glaucoma is not detected, but confidence is low due to limited image quality and non-optimal scan type.","{""glaucoma_detected"": 0, ""confidence"": ""low"", ""reasoning"": ""The SLO/fundus image is very low contrast and does not clearly show the optic nerve head, cupping, or neuroretinal rim, making assessment of glaucomatous optic neuropathy difficult. The OCT B-scans provided appear to be macular/retinal scans rather than peripapillary RNFL or optic nerve head scans, so they do not show typical glaucoma-related structural changes. Without clear visualization of the optic disc or RNFL, there is insufficient structural evidence of glaucoma in these images, so glaucoma is not detected, but confidence is low due to limited image quality and non-optimal scan type.""}",0
data/Glaucoma/Test/data_07013.npz,68.45,female,white,hispanic,1,0,low,"The SLO/fundus image is low contrast and does not clearly show the optic nerve head or neuroretinal rim, making assessment of cupping difficult. The OCT B-scans provided appear to be macular rather than peripapillary/optic nerve scans, so retinal nerve fiber layer thickness around the disc cannot be evaluated. No obvious glaucomatous structural changes are identifiable in the available views, but image type and quality limit reliable assessment. Given the absence of clear glaucomatous features yet substantial uncertainty, glaucoma is judged not detected with low confidence.","{""glaucoma_detected"": 0, ""confidence"": ""low"", ""reasoning"": ""The SLO/fundus image is low contrast and does not clearly show the optic nerve head or neuroretinal rim, making assessment of cupping difficult. The OCT B-scans provided appear to be macular rather than peripapillary/optic nerve scans, so retinal nerve fiber layer thickness around the disc cannot be evaluated. No obvious glaucomatous structural changes are identifiable in the available views, but image type and quality limit reliable assessment. Given the absence of clear glaucomatous features yet substantial uncertainty, glaucoma is judged not detected with low confidence.""}",0
data/Glaucoma/Test/data_07014.npz,58.42,male,white,non-hispanic,1,0,low,"Fundus/SLO image is low contrast and small, making detailed assessment of optic nerve head cupping and neuroretinal rim difficult; no obvious marked cupping or focal RNFL defects are visible. The OCT B-scans provided appear to be macular/retinal scans rather than optic nerve head or peripapillary RNFL scans, so they do not clearly show glaucomatous structural loss. Due to limited visualization and non-ideal imaging for glaucoma assessment, glaucoma cannot be confidently identified, so classification is set to no glaucoma with low confidence.","{""glaucoma_detected"": 0, ""confidence"": ""low"", ""reasoning"": ""Fundus/SLO image is low contrast and small, making detailed assessment of optic nerve head cupping and neuroretinal rim difficult; no obvious marked cupping or focal RNFL defects are visible. The OCT B-scans provided appear to be macular/retinal scans rather than optic nerve head or peripapillary RNFL scans, so they do not clearly show glaucomatous structural loss. Due to limited visualization and non-ideal imaging for glaucoma assessment, glaucoma cannot be confidently identified, so classification is set to no glaucoma with low confidence.""}",0
data/Glaucoma/Test/data_07015.npz,48.14,male,asian,non-hispanic,0,0,moderate,"The SLO/fundus image shows a relatively normal-appearing optic nerve head without obvious marked cupping, rim thinning, or focal notching; vessels follow a typical course without clear signs of glaucomatous excavation. The OCT B-scans through the peripapillary region demonstrate preserved retinal nerve fiber layer and neuroretinal rim structure without obvious diffuse or focal thinning or deformation of the optic cup. Image quality is somewhat noisy, which limits fine assessment, but across both modalities there are no strong structural indicators of glaucomatous damage, so glaucoma is not detected, with moderate confidence due to these limitations.","{""glaucoma_detected"": 0, ""confidence"": ""moderate"", ""reasoning"": ""The SLO/fundus image shows a relatively normal-appearing optic nerve head without obvious marked cupping, rim thinning, or focal notching; vessels follow a typical course without clear signs of glaucomatous excavation. The OCT B-scans through the peripapillary region demonstrate preserved retinal nerve fiber layer and neuroretinal rim structure without obvious diffuse or focal thinning or deformation of the optic cup. Image quality is somewhat noisy, which limits fine assessment, but across both modalities there are no strong structural indicators of glaucomatous damage, so glaucoma is not detected, with moderate confidence due to these limitations.""}",1
data/Glaucoma/Test/data_07016.npz,84.82,male,black,non-hispanic,1,0,low,"The SLO/fundus image is very dark with poor contrast and the optic nerve head and neuroretinal rim are not clearly discernible, preventing assessment of cupping or rim thinning. The OCT B-scans appear to be macular rather than peripapillary RNFL scans, and no obvious focal thinning or structural loss suggestive of glaucoma can be confidently identified. Due to limited visualization of glaucoma-relevant structures and suboptimal image quality, glaucoma cannot be reliably detected, so it is classified as not detected with low confidence.","{""glaucoma_detected"": 0, ""confidence"": ""low"", ""reasoning"": ""The SLO/fundus image is very dark with poor contrast and the optic nerve head and neuroretinal rim are not clearly discernible, preventing assessment of cupping or rim thinning. The OCT B-scans appear to be macular rather than peripapillary RNFL scans, and no obvious focal thinning or structural loss suggestive of glaucoma can be confidently identified. Due to limited visualization of glaucoma-relevant structures and suboptimal image quality, glaucoma cannot be reliably detected, so it is classified as not detected with low confidence.""}",0
data/Glaucoma/Test/data_07017.npz,74.01,female,white,non-hispanic,0,0,low,"The SLO/fundus image shows an optic nerve head with visible vessels but limited detail of the neuroretinal rim and cup, making assessment of cupping and rim thinning difficult. The OCT B-scans provided are macular/retinal cross-sections rather than peripapillary RNFL or optic nerve scans, so they do not clearly demonstrate glaucomatous structural loss. No obvious retinal nerve fiber layer defects or other glaucomatous patterns are apparent. Due to suboptimal imaging for glaucoma evaluation and limited structural information, glaucoma cannot be confidently identified, so absence is inferred with low confidence.","{""glaucoma_detected"": 0, ""confidence"": ""low"", ""reasoning"": ""The SLO/fundus image shows an optic nerve head with visible vessels but limited detail of the neuroretinal rim and cup, making assessment of cupping and rim thinning difficult. The OCT B-scans provided are macular/retinal cross-sections rather than peripapillary RNFL or optic nerve scans, so they do not clearly demonstrate glaucomatous structural loss. No obvious retinal nerve fiber layer defects or other glaucomatous patterns are apparent. Due to suboptimal imaging for glaucoma evaluation and limited structural information, glaucoma cannot be confidently identified, so absence is inferred with low confidence.""}",1
data/Glaucoma/Test/data_07018.npz,54.05,female,black,non-hispanic,1,0,low,"The SLO/fundus image is extremely dark and non-diagnostic, with no visible optic nerve head, cupping, or neuroretinal rim. The OCT B-scans appear to be macular rather than peripapillary/optic nerve scans, and show relatively preserved retinal layers without obvious thinning patterns typical of glaucomatous RNFL loss. Because the key glaucoma structures (optic disc and peripapillary RNFL) are not clearly visualized, assessment is highly limited; based on the available structural information, definite glaucomatous damage cannot be identified, so glaucoma is not detected but with low confidence.","{""glaucoma_detected"": 0, ""confidence"": ""low"", ""reasoning"": ""The SLO/fundus image is extremely dark and non-diagnostic, with no visible optic nerve head, cupping, or neuroretinal rim. The OCT B-scans appear to be macular rather than peripapillary/optic nerve scans, and show relatively preserved retinal layers without obvious thinning patterns typical of glaucomatous RNFL loss. Because the key glaucoma structures (optic disc and peripapillary RNFL) are not clearly visualized, assessment is highly limited; based on the available structural information, definite glaucomatous damage cannot be identified, so glaucoma is not detected but with low confidence.""}",0
data/Glaucoma/Test/data_07019.npz,44.75,female,white,non-hispanic,0,0,moderate,"The SLO/fundus image shows a relatively small optic disc with a modest cup and preserved neuroretinal rim without obvious focal thinning or notching. Vessels appear to follow a normal course without bayoneting or marked cupping. The OCT B-scans through the macula and peripapillary region show intact retinal layers and no clear thinning or loss of the retinal nerve fiber layer or ganglion cell complex. Image quality is somewhat noisy, which limits fine assessment, but there are no convincing structural glaucomatous changes in either modality, so glaucoma is not detected based on these images.","{""glaucoma_detected"": 0, ""confidence"": ""moderate"", ""reasoning"": ""The SLO/fundus image shows a relatively small optic disc with a modest cup and preserved neuroretinal rim without obvious focal thinning or notching. Vessels appear to follow a normal course without bayoneting or marked cupping. The OCT B-scans through the macula and peripapillary region show intact retinal layers and no clear thinning or loss of the retinal nerve fiber layer or ganglion cell complex. Image quality is somewhat noisy, which limits fine assessment, but there are no convincing structural glaucomatous changes in either modality, so glaucoma is not detected based on these images.""}",1
data/Glaucoma/Test/data_07020.npz,75.13,male,white,non-hispanic,0,0,moderate,"The SLO/fundus image shows an optic nerve head with visible vessels and no obvious marked cupping or focal neuroretinal rim loss; the disc does not appear pathologically enlarged or deeply excavated. The OCT B-scans around the posterior pole show relatively preserved retinal layers without clear thinning or focal RNFL defects adjacent to the disc. Image noise and limited views of the peripapillary RNFL reduce certainty, but there is no strong structural evidence of glaucomatous damage in the provided images.","{""glaucoma_detected"": 0, ""confidence"": ""moderate"", ""reasoning"": ""The SLO/fundus image shows an optic nerve head with visible vessels and no obvious marked cupping or focal neuroretinal rim loss; the disc does not appear pathologically enlarged or deeply excavated. The OCT B-scans around the posterior pole show relatively preserved retinal layers without clear thinning or focal RNFL defects adjacent to the disc. Image noise and limited views of the peripapillary RNFL reduce certainty, but there is no strong structural evidence of glaucomatous damage in the provided images.""}",1
data/Glaucoma/Test/data_07021.npz,64.39,female,white,non-hispanic,0,0,moderate,"The SLO/fundus image shows a relatively small optic disc with limited cupping and no obvious focal neuroretinal rim thinning or notching. Vessels appear to enter and exit the disc in a typical pattern without clear signs of advanced cupping. The OCT B-scans through and around the optic nerve head show preserved retinal nerve fiber layer and neuroretinal rim structure without marked thinning, excavation, or lamina cribrosa deformation suggestive of glaucomatous damage. Image quality is adequate and the two modalities are concordant in not showing clear glaucomatous structural changes, though subtle early disease cannot be excluded without quantitative data or visual fields.","{""glaucoma_detected"": 0, ""confidence"": ""moderate"", ""reasoning"": ""The SLO/fundus image shows a relatively small optic disc with limited cupping and no obvious focal neuroretinal rim thinning or notching. Vessels appear to enter and exit the disc in a typical pattern without clear signs of advanced cupping. The OCT B-scans through and around the optic nerve head show preserved retinal nerve fiber layer and neuroretinal rim structure without marked thinning, excavation, or lamina cribrosa deformation suggestive of glaucomatous damage. Image quality is adequate and the two modalities are concordant in not showing clear glaucomatous structural changes, though subtle early disease cannot be excluded without quantitative data or visual fields.""}",1
data/Glaucoma/Test/data_07022.npz,69.05,female,white,non-hispanic,1,0,moderate,"The SLO/fundus image shows an optic nerve head without obvious marked cupping or focal neuroretinal rim loss, though detail is somewhat limited by image quality and grayscale contrast. The OCT B-scans provided are macular/retinal cross-sections rather than peripapillary RNFL scans, and they do not show clear thinning or structural changes typical of glaucomatous damage. Given the absence of definite glaucomatous optic nerve or RNFL changes in the available images, glaucoma is not detected, but confidence is moderate due to limited visualization and lack of dedicated RNFL/optic nerve OCT.","{""glaucoma_detected"": 0, ""confidence"": ""moderate"", ""reasoning"": ""The SLO/fundus image shows an optic nerve head without obvious marked cupping or focal neuroretinal rim loss, though detail is somewhat limited by image quality and grayscale contrast. The OCT B-scans provided are macular/retinal cross-sections rather than peripapillary RNFL scans, and they do not show clear thinning or structural changes typical of glaucomatous damage. Given the absence of definite glaucomatous optic nerve or RNFL changes in the available images, glaucoma is not detected, but confidence is moderate due to limited visualization and lack of dedicated RNFL/optic nerve OCT.""}",0
data/Glaucoma/Test/data_07023.npz,65.46,female,white,non-hispanic,0,0,low,"The SLO/fundus image shows an optic nerve head with visible cupping but without a clearly thinned neuroretinal rim or obvious focal RNFL defects; image contrast and resolution are limited, making detailed rim assessment difficult. The evenly spaced OCT B-scans through the macula and peripapillary region do not show clear RNFL thinning, laminar excavation, or other structural changes strongly suggestive of glaucomatous damage, though the scans are somewhat noisy and lack quantitative RNFL maps. Because of these imaging limitations and absence of definite structural glaucomatous changes, glaucoma is not detected, but uncertainty remains, so confidence is low.","{""glaucoma_detected"": 0, ""confidence"": ""low"", ""reasoning"": ""The SLO/fundus image shows an optic nerve head with visible cupping but without a clearly thinned neuroretinal rim or obvious focal RNFL defects; image contrast and resolution are limited, making detailed rim assessment difficult. The evenly spaced OCT B-scans through the macula and peripapillary region do not show clear RNFL thinning, laminar excavation, or other structural changes strongly suggestive of glaucomatous damage, though the scans are somewhat noisy and lack quantitative RNFL maps. Because of these imaging limitations and absence of definite structural glaucomatous changes, glaucoma is not detected, but uncertainty remains, so confidence is low.""}",1
data/Glaucoma/Test/data_07024.npz,70.14,female,white,non-hispanic,0,0,moderate,"The SLO/fundus image shows an optic nerve head with relatively preserved neuroretinal rim and no obvious pathologic cupping or focal rim thinning; vessels follow a normal course without clear notching. The OCT B-scans through the posterior pole show intact retinal layers without obvious thinning or defects of the peripapillary retinal nerve fiber layer. Image quality is somewhat noisy, which limits fine assessment, but across both modalities there are no strong structural signs of glaucomatous damage, so glaucoma is not detected, though subtle disease cannot be fully excluded.","{""glaucoma_detected"": 0, ""confidence"": ""moderate"", ""reasoning"": ""The SLO/fundus image shows an optic nerve head with relatively preserved neuroretinal rim and no obvious pathologic cupping or focal rim thinning; vessels follow a normal course without clear notching. The OCT B-scans through the posterior pole show intact retinal layers without obvious thinning or defects of the peripapillary retinal nerve fiber layer. Image quality is somewhat noisy, which limits fine assessment, but across both modalities there are no strong structural signs of glaucomatous damage, so glaucoma is not detected, though subtle disease cannot be fully excluded.""}",1
data/Glaucoma/Test/data_07025.npz,70.56,male,white,non-hispanic,0,0,low,"The SLO/fundus image is very dark and low quality, with the optic nerve head and neuroretinal rim poorly visualized, making assessment of cupping or rim thinning unreliable. The OCT B-scans provided appear to be macular or peripapillary cross-sections without a clearly visible optic nerve head; retinal layers look relatively intact without obvious focal RNFL loss or structural excavation suggestive of glaucomatous damage. Due to limited visualization and absence of clear glaucomatous structural changes, glaucoma is not detected, but confidence is low because image quality and coverage are insufficient for a definitive assessment.","{""glaucoma_detected"": 0, ""confidence"": ""low"", ""reasoning"": ""The SLO/fundus image is very dark and low quality, with the optic nerve head and neuroretinal rim poorly visualized, making assessment of cupping or rim thinning unreliable. The OCT B-scans provided appear to be macular or peripapillary cross-sections without a clearly visible optic nerve head; retinal layers look relatively intact without obvious focal RNFL loss or structural excavation suggestive of glaucomatous damage. Due to limited visualization and absence of clear glaucomatous structural changes, glaucoma is not detected, but confidence is low because image quality and coverage are insufficient for a definitive assessment.""}",1
data/Glaucoma/Test/data_07026.npz,57.62,male,white,non-hispanic,1,0,moderate,"The SLO/fundus image shows an optic nerve head with relatively small cup and preserved neuroretinal rim without obvious focal thinning or notching. Vessels follow a normal course without clear bayoneting or nasalization suggestive of advanced cupping. The OCT B-scans through the peripapillary region demonstrate intact retinal layers without obvious thinning or loss of the retinal nerve fiber layer or ganglion cell complex. Image quality is adequate and there is no strong structural pattern of glaucomatous damage in either modality, so glaucoma is not detected, though early disease cannot be fully excluded from imaging alone.","{""glaucoma_detected"": 0, ""confidence"": ""moderate"", ""reasoning"": ""The SLO/fundus image shows an optic nerve head with relatively small cup and preserved neuroretinal rim without obvious focal thinning or notching. Vessels follow a normal course without clear bayoneting or nasalization suggestive of advanced cupping. The OCT B-scans through the peripapillary region demonstrate intact retinal layers without obvious thinning or loss of the retinal nerve fiber layer or ganglion cell complex. Image quality is adequate and there is no strong structural pattern of glaucomatous damage in either modality, so glaucoma is not detected, though early disease cannot be fully excluded from imaging alone.""}",0
data/Glaucoma/Test/data_07027.npz,66.06,female,white,non-hispanic,0,0,low,"Fundus/SLO image shows an optic nerve with visible vessels but the disc margins, cup, and neuroretinal rim are poorly defined due to low contrast and limited field, making assessment of cupping or rim thinning unreliable. The OCT B-scans provided appear to be macular/retinal cross-sections rather than peripapillary RNFL scans, and they do not show clear glaucomatous structural loss; retinal layers look relatively preserved without obvious thinning or focal defects. Because image quality and scan type limit evaluation and there are no definite glaucomatous changes visible, glaucoma is not detected, but uncertainty is high.","{""glaucoma_detected"": 0, ""confidence"": ""low"", ""reasoning"": ""Fundus/SLO image shows an optic nerve with visible vessels but the disc margins, cup, and neuroretinal rim are poorly defined due to low contrast and limited field, making assessment of cupping or rim thinning unreliable. The OCT B-scans provided appear to be macular/retinal cross-sections rather than peripapillary RNFL scans, and they do not show clear glaucomatous structural loss; retinal layers look relatively preserved without obvious thinning or focal defects. Because image quality and scan type limit evaluation and there are no definite glaucomatous changes visible, glaucoma is not detected, but uncertainty is high.""}",1
data/Glaucoma/Test/data_07028.npz,63.3,male,asian,non-hispanic,0,0,low,"Fundus/SLO image is very low contrast and does not clearly show the optic nerve head, cupping, or neuroretinal rim, limiting assessment. The OCT B-scans appear noisy but show relatively normal macular retinal layers without obvious RNFL thinning, deep cupping, or lamina cribrosa deformation. Due to poor visualization of the optic disc and RNFL, glaucoma cannot be confidently identified, so absence is inferred with low confidence.","{""glaucoma_detected"": 0, ""confidence"": ""low"", ""reasoning"": ""Fundus/SLO image is very low contrast and does not clearly show the optic nerve head, cupping, or neuroretinal rim, limiting assessment. The OCT B-scans appear noisy but show relatively normal macular retinal layers without obvious RNFL thinning, deep cupping, or lamina cribrosa deformation. Due to poor visualization of the optic disc and RNFL, glaucoma cannot be confidently identified, so absence is inferred with low confidence.""}",1
data/Glaucoma/Test/data_07029.npz,52.88,male,black,non-hispanic,1,0,low,"The SLO/fundus image is low contrast and does not clearly show the optic nerve head, cup, or neuroretinal rim, making assessment of cupping or rim thinning difficult. The OCT B-scans provided appear to be macular or peripapillary retinal scans rather than clear optic nerve head cross-sections, and they do not show obvious focal RNFL loss or structural defects typical of glaucoma. Due to limited visualization and image quality, glaucoma cannot be confidently identified, so absence is inferred with low confidence.","{""glaucoma_detected"": 0, ""confidence"": ""low"", ""reasoning"": ""The SLO/fundus image is low contrast and does not clearly show the optic nerve head, cup, or neuroretinal rim, making assessment of cupping or rim thinning difficult. The OCT B-scans provided appear to be macular or peripapillary retinal scans rather than clear optic nerve head cross-sections, and they do not show obvious focal RNFL loss or structural defects typical of glaucoma. Due to limited visualization and image quality, glaucoma cannot be confidently identified, so absence is inferred with low confidence.""}",0
data/Glaucoma/Test/data_07030.npz,59.43,male,white,non-hispanic,0,0,moderate,"The SLO/fundus image shows a relatively small optic disc with limited visible cupping and no obvious neuroretinal rim thinning or focal notching. Retinal vessels appear to enter and exit normally without clear bayoneting or nasalization. The OCT B-scans through the posterior pole demonstrate normal-appearing retinal layers without evident thinning of the peripapillary retinal nerve fiber layer or structural excavation of the optic nerve head. While image resolution and contrast are not optimal and subtle damage could be missed, there is no clear structural pattern typical of glaucomatous optic neuropathy in these images, so glaucoma is not detected based on the available data.","{""glaucoma_detected"": 0, ""confidence"": ""moderate"", ""reasoning"": ""The SLO/fundus image shows a relatively small optic disc with limited visible cupping and no obvious neuroretinal rim thinning or focal notching. Retinal vessels appear to enter and exit normally without clear bayoneting or nasalization. The OCT B-scans through the posterior pole demonstrate normal-appearing retinal layers without evident thinning of the peripapillary retinal nerve fiber layer or structural excavation of the optic nerve head. While image resolution and contrast are not optimal and subtle damage could be missed, there is no clear structural pattern typical of glaucomatous optic neuropathy in these images, so glaucoma is not detected based on the available data.""}",1
data/Glaucoma/Test/data_07031.npz,20.86,female,black,non-hispanic,1,0,low,"The SLO/fundus image is extremely limited, with the optic nerve head and neuroretinal rim essentially not visible, preventing assessment of cupping or rim thinning. The OCT B-scans appear to be macular rather than peripapillary RNFL scans, and show relatively normal retinal layering without obvious thinning or structural loss typical of glaucoma, but they are not ideal for glaucoma evaluation. Because key optic nerve and RNFL information is missing or not well visualized, glaucoma cannot be reliably identified; in this context, I default to no glaucoma detected with low confidence due to substantial uncertainty.","{""glaucoma_detected"": 0, ""confidence"": ""low"", ""reasoning"": ""The SLO/fundus image is extremely limited, with the optic nerve head and neuroretinal rim essentially not visible, preventing assessment of cupping or rim thinning. The OCT B-scans appear to be macular rather than peripapillary RNFL scans, and show relatively normal retinal layering without obvious thinning or structural loss typical of glaucoma, but they are not ideal for glaucoma evaluation. Because key optic nerve and RNFL information is missing or not well visualized, glaucoma cannot be reliably identified; in this context, I default to no glaucoma detected with low confidence due to substantial uncertainty.""}",0
data/Glaucoma/Test/data_07032.npz,95.58,male,white,non-hispanic,1,0,low,"The SLO/fundus image shows an optic nerve head, but contrast and resolution are limited, making assessment of cup size and neuroretinal rim difficult. No clear, marked cupping or focal rim loss is evident, though subtle changes could be missed. The OCT B-scans provided appear to be macular/retinal scans rather than peripapillary RNFL or optic nerve head scans, so they do not show typical glaucoma-related structural changes at the disc. Because of suboptimal visualization of the optic nerve and lack of RNFL/ONH OCT data, glaucoma cannot be confidently identified, and absence of obvious glaucomatous features leads to a cautious classification of no glaucoma with low confidence.","{""glaucoma_detected"": 0, ""confidence"": ""low"", ""reasoning"": ""The SLO/fundus image shows an optic nerve head, but contrast and resolution are limited, making assessment of cup size and neuroretinal rim difficult. No clear, marked cupping or focal rim loss is evident, though subtle changes could be missed. The OCT B-scans provided appear to be macular/retinal scans rather than peripapillary RNFL or optic nerve head scans, so they do not show typical glaucoma-related structural changes at the disc. Because of suboptimal visualization of the optic nerve and lack of RNFL/ONH OCT data, glaucoma cannot be confidently identified, and absence of obvious glaucomatous features leads to a cautious classification of no glaucoma with low confidence.""}",0
data/Glaucoma/Test/data_07033.npz,47.71,male,white,non-hispanic,1,0,moderate,"The SLO/fundus image shows a relatively normal-appearing optic nerve head without obvious marked cupping, rim thinning, or focal notching. Vessels follow a typical course without clear signs of glaucomatous displacement. The OCT B-scans through the optic nerve demonstrate a normal-appearing disc contour without deep excavation or obvious thinning of peripapillary retinal nerve fiber layers. Image quality is adequate and the two modalities are concordant in not showing clear structural glaucomatous damage. However, absence of quantitative RNFL analysis and functional data limits certainty, so confidence is moderate.","{""glaucoma_detected"": 0, ""confidence"": ""moderate"", ""reasoning"": ""The SLO/fundus image shows a relatively normal-appearing optic nerve head without obvious marked cupping, rim thinning, or focal notching. Vessels follow a typical course without clear signs of glaucomatous displacement. The OCT B-scans through the optic nerve demonstrate a normal-appearing disc contour without deep excavation or obvious thinning of peripapillary retinal nerve fiber layers. Image quality is adequate and the two modalities are concordant in not showing clear structural glaucomatous damage. However, absence of quantitative RNFL analysis and functional data limits certainty, so confidence is moderate.""}",0
data/Glaucoma/Test/data_07034.npz,64.75,male,white,non-hispanic,1,0,moderate,"The SLO/fundus image shows an optic nerve head without obvious marked cupping or neuroretinal rim thinning; the disc margins and vessels appear relatively normal, and there is no clear focal RNFL defect visible. The OCT B-scans, though somewhat noisy, show a generally preserved retinal nerve fiber and ganglion cell layer thickness without obvious diffuse thinning or excavation near the disc region. Structural findings between fundus and OCT are broadly consistent with a non-glaucomatous appearance. Image quality limitations prevent high certainty, but there is insufficient structural evidence of glaucomatous damage in these images.","{""glaucoma_detected"": 0, ""confidence"": ""moderate"", ""reasoning"": ""The SLO/fundus image shows an optic nerve head without obvious marked cupping or neuroretinal rim thinning; the disc margins and vessels appear relatively normal, and there is no clear focal RNFL defect visible. The OCT B-scans, though somewhat noisy, show a generally preserved retinal nerve fiber and ganglion cell layer thickness without obvious diffuse thinning or excavation near the disc region. Structural findings between fundus and OCT are broadly consistent with a non-glaucomatous appearance. Image quality limitations prevent high certainty, but there is insufficient structural evidence of glaucomatous damage in these images.""}",0
data/Glaucoma/Test/data_07035.npz,77.33,female,black,non-hispanic,1,0,low,"Assessment is limited by poor image quality and lack of clear optic nerve head visualization. The SLO/fundus image shows an indistinct disc with no reliably appreciable cupping or neuroretinal rim detail. The OCT B-scans appear to be macular/retinal cross-sections rather than peripapillary RNFL scans, and no obvious thinning or structural glaucomatous damage can be confidently identified. Due to these limitations and absence of clear glaucomatous structural changes, glaucoma is not detected, but uncertainty is high.","{""glaucoma_detected"": 0, ""confidence"": ""low"", ""reasoning"": ""Assessment is limited by poor image quality and lack of clear optic nerve head visualization. The SLO/fundus image shows an indistinct disc with no reliably appreciable cupping or neuroretinal rim detail. The OCT B-scans appear to be macular/retinal cross-sections rather than peripapillary RNFL scans, and no obvious thinning or structural glaucomatous damage can be confidently identified. Due to these limitations and absence of clear glaucomatous structural changes, glaucoma is not detected, but uncertainty is high.""}",0
data/Glaucoma/Test/data_07036.npz,78.99,male,white,non-hispanic,1,0,moderate,"The SLO/fundus image shows an optic nerve head without obvious marked cupping or focal neuroretinal rim loss, though image contrast is limited. The OCT B-scans appear to be macular scans rather than peripapillary RNFL scans; they show relatively preserved retinal layers without clear thinning patterns or structural changes typical of glaucomatous damage. Because the OCT does not directly sample the RNFL around the disc and image quality is somewhat noisy, subtle glaucoma cannot be excluded, but there is no convincing structural evidence of glaucomatous damage in the provided images.","{""glaucoma_detected"": 0, ""confidence"": ""moderate"", ""reasoning"": ""The SLO/fundus image shows an optic nerve head without obvious marked cupping or focal neuroretinal rim loss, though image contrast is limited. The OCT B-scans appear to be macular scans rather than peripapillary RNFL scans; they show relatively preserved retinal layers without clear thinning patterns or structural changes typical of glaucomatous damage. Because the OCT does not directly sample the RNFL around the disc and image quality is somewhat noisy, subtle glaucoma cannot be excluded, but there is no convincing structural evidence of glaucomatous damage in the provided images.""}",0
data/Glaucoma/Test/data_07037.npz,55.33,male,black,non-hispanic,0,1,moderate,"On the SLO/fundus image, the optic nerve head appears vertically elongated with a relatively large cup and thinning of the neuroretinal rim, suggestive of glaucomatous cupping. The OCT B-scans through the disc show deep excavation of the optic nerve head with reduced neuroretinal tissue, while the peripapillary retinal nerve fiber layer and macular layers otherwise appear relatively preserved. The structural changes at the disc are consistent across modalities, supporting glaucomatous damage, though absence of quantitative RNFL data and visual fields limits certainty.","{""glaucoma_detected"": 1, ""confidence"": ""moderate"", ""reasoning"": ""On the SLO/fundus image, the optic nerve head appears vertically elongated with a relatively large cup and thinning of the neuroretinal rim, suggestive of glaucomatous cupping. The OCT B-scans through the disc show deep excavation of the optic nerve head with reduced neuroretinal tissue, while the peripapillary retinal nerve fiber layer and macular layers otherwise appear relatively preserved. The structural changes at the disc are consistent across modalities, supporting glaucomatous damage, though absence of quantitative RNFL data and visual fields limits certainty.""}",0
data/Glaucoma/Test/data_07038.npz,82.32,female,white,non-hispanic,1,0,moderate,"The SLO/fundus image shows a relatively small, well-centered optic cup with preserved neuroretinal rim and no obvious focal rim thinning or notching. Vessels follow a normal course without clear signs of glaucomatous cupping. The OCT B-scans through the peripapillary region show intact retinal nerve fiber and ganglion cell layers without obvious diffuse thinning or focal defects. Image quality is adequate and the two modalities are concordant in not showing characteristic glaucomatous structural damage. Therefore glaucoma is not detected, though this assessment is limited by the absence of quantitative RNFL analysis and visual field data.","{""glaucoma_detected"": 0, ""confidence"": ""moderate"", ""reasoning"": ""The SLO/fundus image shows a relatively small, well-centered optic cup with preserved neuroretinal rim and no obvious focal rim thinning or notching. Vessels follow a normal course without clear signs of glaucomatous cupping. The OCT B-scans through the peripapillary region show intact retinal nerve fiber and ganglion cell layers without obvious diffuse thinning or focal defects. Image quality is adequate and the two modalities are concordant in not showing characteristic glaucomatous structural damage. Therefore glaucoma is not detected, though this assessment is limited by the absence of quantitative RNFL analysis and visual field data.""}",0
data/Glaucoma/Test/data_07039.npz,68.45,male,white,non-hispanic,1,0,low,"The fundus/SLO image is extremely dark with the optic nerve head and neuroretinal rim essentially not visible, preventing assessment of cupping or rim thinning. The OCT B-scans shown are macular cross-sections rather than peripapillary RNFL or optic nerve scans, so they do not provide direct structural information relevant to glaucoma. No clear glaucomatous changes can be identified from the available images, but image type and quality are insufficient for reliable exclusion, so the assessment is uncertain.","{""glaucoma_detected"": 0, ""confidence"": ""low"", ""reasoning"": ""The fundus/SLO image is extremely dark with the optic nerve head and neuroretinal rim essentially not visible, preventing assessment of cupping or rim thinning. The OCT B-scans shown are macular cross-sections rather than peripapillary RNFL or optic nerve scans, so they do not provide direct structural information relevant to glaucoma. No clear glaucomatous changes can be identified from the available images, but image type and quality are insufficient for reliable exclusion, so the assessment is uncertain.""}",0
data/Glaucoma/Test/data_07040.npz,70.58,female,white,non-hispanic,0,0,low,"The SLO/fundus image is extremely dark and does not clearly show the optic nerve head, cupping, or neuroretinal rim, making structural assessment for glaucoma impossible. The OCT B-scans provided appear to be macular scans rather than peripapillary RNFL or optic nerve head scans, so they do not show glaucoma-specific changes such as RNFL thinning around the disc. With no visible glaucomatous structural damage in the available images, glaucoma cannot be confirmed, but image limitations mean significant disease could be missed.","{""glaucoma_detected"": 0, ""confidence"": ""low"", ""reasoning"": ""The SLO/fundus image is extremely dark and does not clearly show the optic nerve head, cupping, or neuroretinal rim, making structural assessment for glaucoma impossible. The OCT B-scans provided appear to be macular scans rather than peripapillary RNFL or optic nerve head scans, so they do not show glaucoma-specific changes such as RNFL thinning around the disc. With no visible glaucomatous structural damage in the available images, glaucoma cannot be confirmed, but image limitations mean significant disease could be missed.""}",1
data/Glaucoma/Test/data_07041.npz,72.6,female,white,non-hispanic,1,1,moderate,"The SLO/fundus image shows a relatively large, vertically elongated cup with apparent thinning of the neuroretinal rim, suggestive of glaucomatous cupping. The OCT B-scans through the optic nerve head demonstrate a deep, excavated cup with reduced neuroretinal tissue, consistent with structural loss. RNFL detail is limited by image noise, but the agreement between disc cupping on fundus and excavation on OCT supports glaucomatous damage rather than a normal variant.","{""glaucoma_detected"": 1, ""confidence"": ""moderate"", ""reasoning"": ""The SLO/fundus image shows a relatively large, vertically elongated cup with apparent thinning of the neuroretinal rim, suggestive of glaucomatous cupping. The OCT B-scans through the optic nerve head demonstrate a deep, excavated cup with reduced neuroretinal tissue, consistent with structural loss. RNFL detail is limited by image noise, but the agreement between disc cupping on fundus and excavation on OCT supports glaucomatous damage rather than a normal variant.""}",1
data/Glaucoma/Test/data_07042.npz,58.21,female,white,non-hispanic,1,0,low,"Fundus/SLO image shows an optic nerve that is difficult to assess due to low contrast and small size; clear evaluation of cup-to-disc ratio or neuroretinal rim thinning is not possible. The OCT B-scans provided appear to be macular scans rather than optic nerve head/RNFL scans, so they do not show typical glaucoma-related structural loss around the disc. Without visible glaucomatous cupping or RNFL defects and given the limited image quality and non-optic nerve OCT, glaucoma cannot be supported, but uncertainty remains high.","{""glaucoma_detected"": 0, ""confidence"": ""low"", ""reasoning"": ""Fundus/SLO image shows an optic nerve that is difficult to assess due to low contrast and small size; clear evaluation of cup-to-disc ratio or neuroretinal rim thinning is not possible. The OCT B-scans provided appear to be macular scans rather than optic nerve head/RNFL scans, so they do not show typical glaucoma-related structural loss around the disc. Without visible glaucomatous cupping or RNFL defects and given the limited image quality and non-optic nerve OCT, glaucoma cannot be supported, but uncertainty remains high.""}",0
data/Glaucoma/Test/data_07043.npz,55.6,female,white,non-hispanic,0,0,moderate,"The SLO/fundus image shows an optic nerve head without obvious enlargement of the cup or focal neuroretinal rim thinning; vessel configuration appears relatively normal and there are no clear wedge-shaped RNFL defects. The OCT B-scans through the posterior pole demonstrate intact retinal layers without apparent thinning or loss of the RNFL or ganglion cell complex, and no structural abnormalities suggestive of glaucomatous damage. Image quality is adequate, though not optimal, which limits fine assessment of subtle changes. Overall, structural findings do not convincingly indicate glaucoma, so glaucoma is not detected, but certainty is moderate due to resolution limits and absence of quantitative data.","{""glaucoma_detected"": 0, ""confidence"": ""moderate"", ""reasoning"": ""The SLO/fundus image shows an optic nerve head without obvious enlargement of the cup or focal neuroretinal rim thinning; vessel configuration appears relatively normal and there are no clear wedge-shaped RNFL defects. The OCT B-scans through the posterior pole demonstrate intact retinal layers without apparent thinning or loss of the RNFL or ganglion cell complex, and no structural abnormalities suggestive of glaucomatous damage. Image quality is adequate, though not optimal, which limits fine assessment of subtle changes. Overall, structural findings do not convincingly indicate glaucoma, so glaucoma is not detected, but certainty is moderate due to resolution limits and absence of quantitative data.""}",1
data/Glaucoma/Test/data_07044.npz,68.44,female,white,non-hispanic,1,0,moderate,"The SLO/fundus image shows an optic nerve head that appears relatively small with no obvious marked cupping or focal neuroretinal rim loss, though image contrast is limited. Retinal vessels follow a normal course without clear bayoneting or disc hemorrhage. The OCT B-scans through the peripapillary/nerve region show preserved retinal nerve fiber and ganglion cell layers without obvious diffuse thinning, focal notching, or excavation of the optic nerve head. No structural pattern strongly suggestive of glaucomatous damage is evident, but image noise and lack of quantitative data reduce certainty.","{""glaucoma_detected"": 0, ""confidence"": ""moderate"", ""reasoning"": ""The SLO/fundus image shows an optic nerve head that appears relatively small with no obvious marked cupping or focal neuroretinal rim loss, though image contrast is limited. Retinal vessels follow a normal course without clear bayoneting or disc hemorrhage. The OCT B-scans through the peripapillary/nerve region show preserved retinal nerve fiber and ganglion cell layers without obvious diffuse thinning, focal notching, or excavation of the optic nerve head. No structural pattern strongly suggestive of glaucomatous damage is evident, but image noise and lack of quantitative data reduce certainty.""}",0
data/Glaucoma/Test/data_07045.npz,74.17,male,white,non-hispanic,1,1,moderate,"Fundus/SLO shows a relatively large, vertically elongated cup with apparent thinning of the neuroretinal rim, suggesting increased cupping. The OCT B-scans through the optic nerve head demonstrate a deep, wide excavation of the disc with reduced neuroretinal tissue, consistent with glaucomatous structural loss. RNFL and macular layers outside the disc appear relatively preserved, but the optic nerve head morphology in both modalities is suspicious enough to favor glaucoma despite some image noise and lack of quantitative data.","{""glaucoma_detected"": 1, ""confidence"": ""moderate"", ""reasoning"": ""Fundus/SLO shows a relatively large, vertically elongated cup with apparent thinning of the neuroretinal rim, suggesting increased cupping. The OCT B-scans through the optic nerve head demonstrate a deep, wide excavation of the disc with reduced neuroretinal tissue, consistent with glaucomatous structural loss. RNFL and macular layers outside the disc appear relatively preserved, but the optic nerve head morphology in both modalities is suspicious enough to favor glaucoma despite some image noise and lack of quantitative data.""}",1
data/Glaucoma/Test/data_07046.npz,36.84,male,white,non-hispanic,0,0,moderate,"The SLO/fundus image shows a relatively normal-appearing optic nerve head without obvious pathologic cupping or focal neuroretinal rim thinning; vessel configuration and peripapillary area appear grossly intact. The OCT B-scans, though somewhat noisy, show a continuous retinal nerve fiber layer and inner retinal contour without clear thinning, notching, or structural loss typical of glaucomatous damage. No strong glaucomatous structural patterns are evident in either modality, so glaucoma is not detected, though image quality limits certainty.","{""glaucoma_detected"": 0, ""confidence"": ""moderate"", ""reasoning"": ""The SLO/fundus image shows a relatively normal-appearing optic nerve head without obvious pathologic cupping or focal neuroretinal rim thinning; vessel configuration and peripapillary area appear grossly intact. The OCT B-scans, though somewhat noisy, show a continuous retinal nerve fiber layer and inner retinal contour without clear thinning, notching, or structural loss typical of glaucomatous damage. No strong glaucomatous structural patterns are evident in either modality, so glaucoma is not detected, though image quality limits certainty.""}",1
data/Glaucoma/Test/data_07047.npz,68.73,male,black,non-hispanic,0,0,moderate,"The SLO/fundus image shows an optic nerve head with relatively small cup and preserved neuroretinal rim without obvious focal notching or peripapillary atrophy. The OCT B-scans through the disc demonstrate a normal-appearing contour of the retinal nerve fiber layer and neuroretinal rim without clear thinning, excavation, or lamina cribrosa deformation. Image quality is adequate and the two modalities are concordant in not showing structural glaucomatous damage, so glaucoma is not detected, though this assessment is limited by the absence of quantitative RNFL metrics and visual field data.","{""glaucoma_detected"": 0, ""confidence"": ""moderate"", ""reasoning"": ""The SLO/fundus image shows an optic nerve head with relatively small cup and preserved neuroretinal rim without obvious focal notching or peripapillary atrophy. The OCT B-scans through the disc demonstrate a normal-appearing contour of the retinal nerve fiber layer and neuroretinal rim without clear thinning, excavation, or lamina cribrosa deformation. Image quality is adequate and the two modalities are concordant in not showing structural glaucomatous damage, so glaucoma is not detected, though this assessment is limited by the absence of quantitative RNFL metrics and visual field data.""}",1
data/Glaucoma/Test/data_07048.npz,70.56,female,white,non-hispanic,0,0,low,"The SLO image shows an optic nerve head that appears relatively small and not clearly cupped, but image quality and contrast are limited, making rim assessment difficult. The OCT B-scans provided are macular scans rather than peripapillary RNFL or optic nerve scans, so they do not show typical glaucoma-related structural loss around the disc. Without clear evidence of neuroretinal rim thinning, marked cupping, or RNFL defects, glaucoma cannot be confidently identified, but uncertainty remains due to suboptimal imaging and lack of optic nerve–focused OCT views.","{""glaucoma_detected"": 0, ""confidence"": ""low"", ""reasoning"": ""The SLO image shows an optic nerve head that appears relatively small and not clearly cupped, but image quality and contrast are limited, making rim assessment difficult. The OCT B-scans provided are macular scans rather than peripapillary RNFL or optic nerve scans, so they do not show typical glaucoma-related structural loss around the disc. Without clear evidence of neuroretinal rim thinning, marked cupping, or RNFL defects, glaucoma cannot be confidently identified, but uncertainty remains due to suboptimal imaging and lack of optic nerve–focused OCT views.""}",1
data/Glaucoma/Test/data_07049.npz,66.62,female,white,hispanic,0,0,low,"Fundus/SLO image shows an optic disc that is small and difficult to assess due to low contrast and noise; clear cupping, rim thinning, or RNFL defects are not convincingly visible. The OCT B-scans provided are macular/retinal cross-sections rather than peripapillary RNFL scans, and they do not show obvious thinning or structural changes typical of glaucoma, but image noise and lack of nerve head views limit evaluation. Because of poor image quality and suboptimal scan type, glaucomatous damage cannot be reliably identified, so glaucoma is not detected, with low confidence due to significant uncertainty.","{""glaucoma_detected"": 0, ""confidence"": ""low"", ""reasoning"": ""Fundus/SLO image shows an optic disc that is small and difficult to assess due to low contrast and noise; clear cupping, rim thinning, or RNFL defects are not convincingly visible. The OCT B-scans provided are macular/retinal cross-sections rather than peripapillary RNFL scans, and they do not show obvious thinning or structural changes typical of glaucoma, but image noise and lack of nerve head views limit evaluation. Because of poor image quality and suboptimal scan type, glaucomatous damage cannot be reliably identified, so glaucoma is not detected, with low confidence due to significant uncertainty.""}",1
data/Glaucoma/Test/data_07050.npz,60.95,female,black,non-hispanic,1,0,low,"The fundus/SLO image is extremely dark with only a small, poorly defined central area visible, making assessment of the optic nerve head, cupping, and neuroretinal rim impossible. The OCT B-scans provided appear to be macular rather than optic nerve scans, and do not show clear RNFL or optic disc structure needed for glaucoma evaluation. Because key anatomical features relevant to glaucoma cannot be reliably visualized, no structural glaucomatous damage can be confirmed; therefore glaucoma is not detected, but confidence is low due to limited image quality and non-optic OCT views.","{""glaucoma_detected"": 0, ""confidence"": ""low"", ""reasoning"": ""The fundus/SLO image is extremely dark with only a small, poorly defined central area visible, making assessment of the optic nerve head, cupping, and neuroretinal rim impossible. The OCT B-scans provided appear to be macular rather than optic nerve scans, and do not show clear RNFL or optic disc structure needed for glaucoma evaluation. Because key anatomical features relevant to glaucoma cannot be reliably visualized, no structural glaucomatous damage can be confirmed; therefore glaucoma is not detected, but confidence is low due to limited image quality and non-optic OCT views.""}",0
data/Glaucoma/Test/data_07051.npz,61.68,female,black,non-hispanic,0,0,moderate,"The SLO/fundus image shows a relatively small optic disc with limited visible cupping and no obvious neuroretinal rim thinning or focal notching. Peripapillary area does not show clear RNFL defects or wedge-shaped loss. The OCT B-scans through the macula and optic nerve region demonstrate normal retinal layering and a physiologic optic cup without marked excavation or thinning of the peripapillary retinal nerve fiber layer. Image quality is adequate and the two modalities are concordant in not showing characteristic glaucomatous structural damage, so glaucoma is not suggested, though absence of quantitative RNFL data and visual fields limits certainty.","{""glaucoma_detected"": 0, ""confidence"": ""moderate"", ""reasoning"": ""The SLO/fundus image shows a relatively small optic disc with limited visible cupping and no obvious neuroretinal rim thinning or focal notching. Peripapillary area does not show clear RNFL defects or wedge-shaped loss. The OCT B-scans through the macula and optic nerve region demonstrate normal retinal layering and a physiologic optic cup without marked excavation or thinning of the peripapillary retinal nerve fiber layer. Image quality is adequate and the two modalities are concordant in not showing characteristic glaucomatous structural damage, so glaucoma is not suggested, though absence of quantitative RNFL data and visual fields limits certainty.""}",1
data/Glaucoma/Test/data_07052.npz,67.08,female,white,non-hispanic,1,0,moderate,"The SLO/fundus image shows an optic nerve head with relatively small cup and preserved neuroretinal rim without obvious focal notching or peripapillary RNFL defects. Vessels follow a normal course without clear bayoneting or nasalization. The OCT B-scans through the peripapillary region demonstrate a continuous, reasonably thick RNFL band circumferentially, without clear localized thinning or step defects that would suggest glaucomatous damage. Image quality is somewhat noisy, which limits fine assessment, but across both modalities there is no convincing structural evidence of glaucoma.","{""glaucoma_detected"": 0, ""confidence"": ""moderate"", ""reasoning"": ""The SLO/fundus image shows an optic nerve head with relatively small cup and preserved neuroretinal rim without obvious focal notching or peripapillary RNFL defects. Vessels follow a normal course without clear bayoneting or nasalization. The OCT B-scans through the peripapillary region demonstrate a continuous, reasonably thick RNFL band circumferentially, without clear localized thinning or step defects that would suggest glaucomatous damage. Image quality is somewhat noisy, which limits fine assessment, but across both modalities there is no convincing structural evidence of glaucoma.""}",0
data/Glaucoma/Test/data_07053.npz,57.5,female,white,non-hispanic,0,0,moderate,"The SLO/fundus image shows an optic nerve head with a relatively small, centrally located cup and preserved neuroretinal rim without obvious focal thinning or notching. Vessels appear to course over a reasonably intact rim, and there is no clear evidence of advanced cupping. The OCT B-scans through the peripapillary region demonstrate a continuous, fairly thick retinal nerve fiber layer band without obvious sectoral thinning or loss. Image noise is present but structural layers remain discernible and do not suggest marked glaucomatous damage. Taken together, these findings are more consistent with a non-glaucomatous optic nerve, though subtle or early disease cannot be fully excluded from imaging alone.","{""glaucoma_detected"": 0, ""confidence"": ""moderate"", ""reasoning"": ""The SLO/fundus image shows an optic nerve head with a relatively small, centrally located cup and preserved neuroretinal rim without obvious focal thinning or notching. Vessels appear to course over a reasonably intact rim, and there is no clear evidence of advanced cupping. The OCT B-scans through the peripapillary region demonstrate a continuous, fairly thick retinal nerve fiber layer band without obvious sectoral thinning or loss. Image noise is present but structural layers remain discernible and do not suggest marked glaucomatous damage. Taken together, these findings are more consistent with a non-glaucomatous optic nerve, though subtle or early disease cannot be fully excluded from imaging alone.""}",1
data/Glaucoma/Test/data_07054.npz,81.13,female,white,non-hispanic,1,0,low,"The SLO/fundus image is low contrast and does not clearly show the optic nerve head or neuroretinal rim, making assessment of cupping difficult. The OCT B-scans provided appear to be macular rather than peripapillary RNFL scans, and they do not show obvious thinning or structural loss typical of glaucomatous damage. Because key glaucoma-related structures are poorly visualized and modality agreement cannot be firmly established, glaucoma cannot be confidently identified; therefore, glaucoma is not detected, but with low confidence due to limited image quality and views.","{""glaucoma_detected"": 0, ""confidence"": ""low"", ""reasoning"": ""The SLO/fundus image is low contrast and does not clearly show the optic nerve head or neuroretinal rim, making assessment of cupping difficult. The OCT B-scans provided appear to be macular rather than peripapillary RNFL scans, and they do not show obvious thinning or structural loss typical of glaucomatous damage. Because key glaucoma-related structures are poorly visualized and modality agreement cannot be firmly established, glaucoma cannot be confidently identified; therefore, glaucoma is not detected, but with low confidence due to limited image quality and views.""}",0
data/Glaucoma/Test/data_07055.npz,55.75,male,white,non-hispanic,1,0,moderate,"The SLO/fundus image shows a relatively small optic disc with limited cupping and a preserved neuroretinal rim without obvious focal notching or peripapillary atrophy suggestive of glaucomatous damage. The OCT B-scans through the peripapillary region demonstrate a fairly uniform, intact retinal nerve fiber layer and inner retinal contour without clear thinning or excavation of the neuroretinal rim. Image quality is adequate and the two modalities are concordant in not showing definite structural glaucomatous changes. However, absence of functional data and quantitative RNFL metrics limits certainty, so glaucoma cannot be fully excluded but is not supported by these images.","{""glaucoma_detected"": 0, ""confidence"": ""moderate"", ""reasoning"": ""The SLO/fundus image shows a relatively small optic disc with limited cupping and a preserved neuroretinal rim without obvious focal notching or peripapillary atrophy suggestive of glaucomatous damage. The OCT B-scans through the peripapillary region demonstrate a fairly uniform, intact retinal nerve fiber layer and inner retinal contour without clear thinning or excavation of the neuroretinal rim. Image quality is adequate and the two modalities are concordant in not showing definite structural glaucomatous changes. However, absence of functional data and quantitative RNFL metrics limits certainty, so glaucoma cannot be fully excluded but is not supported by these images.""}",0
data/Glaucoma/Test/data_07056.npz,60.68,female,white,non-hispanic,0,0,low,"Fundus/SLO image shows an optic nerve head that appears relatively small with no obvious marked cupping or rim thinning, but image quality and contrast are limited, making detailed assessment of neuroretinal rim difficult. The OCT B-scans provided are macular/retinal cross-sections rather than peripapillary RNFL scans, so they do not clearly show glaucomatous RNFL loss or optic nerve excavation. No definite structural glaucomatous damage is visible in the available images, but the absence of dedicated optic nerve/RNFL OCT and the low image quality reduce certainty.","{""glaucoma_detected"": 0, ""confidence"": ""low"", ""reasoning"": ""Fundus/SLO image shows an optic nerve head that appears relatively small with no obvious marked cupping or rim thinning, but image quality and contrast are limited, making detailed assessment of neuroretinal rim difficult. The OCT B-scans provided are macular/retinal cross-sections rather than peripapillary RNFL scans, so they do not clearly show glaucomatous RNFL loss or optic nerve excavation. No definite structural glaucomatous damage is visible in the available images, but the absence of dedicated optic nerve/RNFL OCT and the low image quality reduce certainty.""}",1
data/Glaucoma/Test/data_07057.npz,77.66,female,white,non-hispanic,1,0,moderate,"The SLO/fundus image shows an optic nerve head with relatively small cup and preserved neuroretinal rim without obvious focal notching or peripapillary RNFL defects. The OCT B-scans through the disc demonstrate a normal-appearing optic nerve contour without deep excavation or thinning of the neuroretinal rim, and the peripapillary retinal nerve fiber layer appears reasonably intact across scans. Image quality is adequate and the two modalities are concordant in not showing clear glaucomatous structural damage, so glaucoma is not detected, though absence of quantitative RNFL data and visual fields limits certainty.","{""glaucoma_detected"": 0, ""confidence"": ""moderate"", ""reasoning"": ""The SLO/fundus image shows an optic nerve head with relatively small cup and preserved neuroretinal rim without obvious focal notching or peripapillary RNFL defects. The OCT B-scans through the disc demonstrate a normal-appearing optic nerve contour without deep excavation or thinning of the neuroretinal rim, and the peripapillary retinal nerve fiber layer appears reasonably intact across scans. Image quality is adequate and the two modalities are concordant in not showing clear glaucomatous structural damage, so glaucoma is not detected, though absence of quantitative RNFL data and visual fields limits certainty.""}",0
data/Glaucoma/Test/data_07058.npz,54.44,male,white,non-hispanic,1,1,moderate,"The SLO/fundus image shows a markedly excavated optic nerve head with a large cup and very thin neuroretinal rim, suggesting glaucomatous cupping. Peripapillary RNFL appears relatively attenuated. The OCT B-scans through the disc demonstrate deep cupping and thinning of the neuroretinal tissue overlying the cup, consistent with structural loss. Image quality is adequate and the two modalities agree on significant optic nerve excavation, supporting glaucoma, though absence of quantitative data and visual fields limits certainty.","{""glaucoma_detected"": 1, ""confidence"": ""moderate"", ""reasoning"": ""The SLO/fundus image shows a markedly excavated optic nerve head with a large cup and very thin neuroretinal rim, suggesting glaucomatous cupping. Peripapillary RNFL appears relatively attenuated. The OCT B-scans through the disc demonstrate deep cupping and thinning of the neuroretinal tissue overlying the cup, consistent with structural loss. Image quality is adequate and the two modalities agree on significant optic nerve excavation, supporting glaucoma, though absence of quantitative data and visual fields limits certainty.""}",1
data/Glaucoma/Test/data_07059.npz,69.66,female,white,non-hispanic,0,0,moderate,"The SLO/fundus image shows an optic nerve head with some cupping but no clearly thinned neuroretinal rim or focal notching; vessels appear to follow a relatively normal course. The OCT B-scans through the macula and peripapillary region show preserved retinal layers without obvious diffuse RNFL thinning, deep cupping, or lamina cribrosa deformation. Image quality is adequate, and there is reasonable agreement between modalities, with no strong structural signs of glaucomatous damage. However, subtle changes cannot be excluded without quantitative RNFL analysis or visual fields, so assessment remains moderately confident.","{""glaucoma_detected"": 0, ""confidence"": ""moderate"", ""reasoning"": ""The SLO/fundus image shows an optic nerve head with some cupping but no clearly thinned neuroretinal rim or focal notching; vessels appear to follow a relatively normal course. The OCT B-scans through the macula and peripapillary region show preserved retinal layers without obvious diffuse RNFL thinning, deep cupping, or lamina cribrosa deformation. Image quality is adequate, and there is reasonable agreement between modalities, with no strong structural signs of glaucomatous damage. However, subtle changes cannot be excluded without quantitative RNFL analysis or visual fields, so assessment remains moderately confident.""}",1
data/Glaucoma/Test/data_07060.npz,51.25,female,white,non-hispanic,1,0,moderate,"The SLO image shows an optic nerve head with a visible cup but without obvious marked enlargement, focal neuroretinal rim thinning, or clear notching. Peripapillary area does not show distinct RNFL wedge defects. The OCT B-scans through the macula and peripapillary region demonstrate relatively preserved retinal layers without clear localized RNFL thinning or structural glaucomatous damage. Image quality is adequate and the two modalities are generally concordant in not showing definite glaucomatous changes, though fine details and quantitative data are lacking, so early or subtle glaucoma cannot be excluded.","{""glaucoma_detected"": 0, ""confidence"": ""moderate"", ""reasoning"": ""The SLO image shows an optic nerve head with a visible cup but without obvious marked enlargement, focal neuroretinal rim thinning, or clear notching. Peripapillary area does not show distinct RNFL wedge defects. The OCT B-scans through the macula and peripapillary region demonstrate relatively preserved retinal layers without clear localized RNFL thinning or structural glaucomatous damage. Image quality is adequate and the two modalities are generally concordant in not showing definite glaucomatous changes, though fine details and quantitative data are lacking, so early or subtle glaucoma cannot be excluded.""}",0
data/Glaucoma/Test/data_07061.npz,36.79,female,white,non-hispanic,0,0,moderate,"The SLO/fundus image shows a relatively normal-appearing optic nerve head without obvious marked cupping, rim thinning, or focal notching; vessels follow a typical course without clear bayoneting or nasalization. The OCT B-scans demonstrate intact retinal layers without evident thinning or loss of the peripapillary retinal nerve fiber layer or other glaucomatous structural changes. Image quality is adequate, and the two modalities are concordant in not showing clear glaucomatous damage, though subtle changes cannot be fully excluded from these views alone.","{""glaucoma_detected"": 0, ""confidence"": ""moderate"", ""reasoning"": ""The SLO/fundus image shows a relatively normal-appearing optic nerve head without obvious marked cupping, rim thinning, or focal notching; vessels follow a typical course without clear bayoneting or nasalization. The OCT B-scans demonstrate intact retinal layers without evident thinning or loss of the peripapillary retinal nerve fiber layer or other glaucomatous structural changes. Image quality is adequate, and the two modalities are concordant in not showing clear glaucomatous damage, though subtle changes cannot be fully excluded from these views alone.""}",1
data/Glaucoma/Test/data_07062.npz,43.89,female,white,non-hispanic,0,0,moderate,"The SLO/fundus image shows an optic nerve head with a relatively small cup and preserved neuroretinal rim without obvious focal thinning or notching. Vessels follow a normal course without clear signs of glaucomatous displacement. The OCT B-scans through the disc demonstrate a normal-appearing optic nerve contour without marked excavation or thinning of the peripapillary retinal nerve fiber layer. Image noise is present but structural details are still appreciable, and there is no strong concordant evidence of glaucomatous damage across modalities. Therefore glaucoma is not detected, though subtle early changes cannot be fully excluded from these images alone.","{""glaucoma_detected"": 0, ""confidence"": ""moderate"", ""reasoning"": ""The SLO/fundus image shows an optic nerve head with a relatively small cup and preserved neuroretinal rim without obvious focal thinning or notching. Vessels follow a normal course without clear signs of glaucomatous displacement. The OCT B-scans through the disc demonstrate a normal-appearing optic nerve contour without marked excavation or thinning of the peripapillary retinal nerve fiber layer. Image noise is present but structural details are still appreciable, and there is no strong concordant evidence of glaucomatous damage across modalities. Therefore glaucoma is not detected, though subtle early changes cannot be fully excluded from these images alone.""}",1
data/Glaucoma/Test/data_07063.npz,79.39,female,white,non-hispanic,1,0,low,"The SLO/fundus image is very dark with limited visibility of the optic nerve head; cupping and neuroretinal rim details cannot be reliably assessed. The OCT B-scans provided appear to be macular scans rather than peripapillary RNFL scans, and they do not show obvious thinning or structural defects typical of glaucoma, but image noise and lack of nerve head coverage limit evaluation. Because clear glaucomatous changes are not demonstrable yet image quality and coverage are suboptimal, glaucoma is not detected but with low confidence.","{""glaucoma_detected"": 0, ""confidence"": ""low"", ""reasoning"": ""The SLO/fundus image is very dark with limited visibility of the optic nerve head; cupping and neuroretinal rim details cannot be reliably assessed. The OCT B-scans provided appear to be macular scans rather than peripapillary RNFL scans, and they do not show obvious thinning or structural defects typical of glaucoma, but image noise and lack of nerve head coverage limit evaluation. Because clear glaucomatous changes are not demonstrable yet image quality and coverage are suboptimal, glaucoma is not detected but with low confidence.""}",0
data/Glaucoma/Test/data_07064.npz,73.36,female,white,non-hispanic,0,0,moderate,"The SLO/fundus image shows an optic nerve head with a central cup but no obvious marked enlargement or focal neuroretinal rim thinning; vessel configuration and peripapillary area do not show clear glaucomatous notching or localized RNFL defects. The OCT B-scans provided are macular/retinal cross-sections rather than peripapillary RNFL scans and appear to show relatively preserved retinal layers without obvious thinning or structural loss suggestive of advanced glaucoma. Image quality is somewhat noisy, limiting fine assessment, but across both modalities there is no strong structural evidence of glaucomatous damage, so glaucoma is not detected, with moderate uncertainty due to limited views and absence of RNFL/ONH-specific OCT data.","{""glaucoma_detected"": 0, ""confidence"": ""moderate"", ""reasoning"": ""The SLO/fundus image shows an optic nerve head with a central cup but no obvious marked enlargement or focal neuroretinal rim thinning; vessel configuration and peripapillary area do not show clear glaucomatous notching or localized RNFL defects. The OCT B-scans provided are macular/retinal cross-sections rather than peripapillary RNFL scans and appear to show relatively preserved retinal layers without obvious thinning or structural loss suggestive of advanced glaucoma. Image quality is somewhat noisy, limiting fine assessment, but across both modalities there is no strong structural evidence of glaucomatous damage, so glaucoma is not detected, with moderate uncertainty due to limited views and absence of RNFL/ONH-specific OCT data.""}",1
data/Glaucoma/Test/data_07065.npz,57.18,male,white,non-hispanic,1,0,moderate,"The SLO/fundus image shows a relatively small optic disc with limited visible cupping and no obvious focal neuroretinal rim thinning or notching. Peripapillary area does not show clear wedge-shaped RNFL defects. The OCT B-scans through the optic nerve head demonstrate a normal-appearing contour without marked excavation or thinning of the neuroretinal rim. While image noise and lack of quantitative RNFL data limit certainty, there are no convincing structural signs of glaucomatous damage, so glaucoma is not detected based on these images.","{""glaucoma_detected"": 0, ""confidence"": ""moderate"", ""reasoning"": ""The SLO/fundus image shows a relatively small optic disc with limited visible cupping and no obvious focal neuroretinal rim thinning or notching. Peripapillary area does not show clear wedge-shaped RNFL defects. The OCT B-scans through the optic nerve head demonstrate a normal-appearing contour without marked excavation or thinning of the neuroretinal rim. While image noise and lack of quantitative RNFL data limit certainty, there are no convincing structural signs of glaucomatous damage, so glaucoma is not detected based on these images.""}",0
data/Glaucoma/Test/data_07066.npz,85.43,female,asian,non-hispanic,0,0,low,"Fundus/SLO image is very dark with poor visibility of the optic nerve head, cupping, and neuroretinal rim, limiting assessment of glaucomatous changes. The OCT B-scans provided are macular/retinal cross-sections rather than peripapillary RNFL scans, so they do not show the optic nerve or RNFL thickness pattern typically used for glaucoma evaluation. No clear structural glaucomatous damage can be identified in the available images, but image type and quality are insufficient for a confident exclusion of disease.","{""glaucoma_detected"": 0, ""confidence"": ""low"", ""reasoning"": ""Fundus/SLO image is very dark with poor visibility of the optic nerve head, cupping, and neuroretinal rim, limiting assessment of glaucomatous changes. The OCT B-scans provided are macular/retinal cross-sections rather than peripapillary RNFL scans, so they do not show the optic nerve or RNFL thickness pattern typically used for glaucoma evaluation. No clear structural glaucomatous damage can be identified in the available images, but image type and quality are insufficient for a confident exclusion of disease.""}",1
data/Glaucoma/Test/data_07067.npz,29.02,male,white,non-hispanic,0,0,moderate,"The SLO/fundus image shows a relatively small optic disc with limited cupping and no obvious neuroretinal rim thinning or focal notching. Vessels appear to follow a normal course without clear signs of glaucomatous excavation. The OCT B-scans through the macula and optic nerve show normal retinal layering and a physiologic-appearing optic nerve depression without marked thinning of the peripapillary retinal nerve fiber layer or structural defects suggestive of glaucoma. Image quality is adequate, and the two modalities are concordant with a non-glaucomatous appearance, though absence of quantitative RNFL data and visual fields limits certainty.","{""glaucoma_detected"": 0, ""confidence"": ""moderate"", ""reasoning"": ""The SLO/fundus image shows a relatively small optic disc with limited cupping and no obvious neuroretinal rim thinning or focal notching. Vessels appear to follow a normal course without clear signs of glaucomatous excavation. The OCT B-scans through the macula and optic nerve show normal retinal layering and a physiologic-appearing optic nerve depression without marked thinning of the peripapillary retinal nerve fiber layer or structural defects suggestive of glaucoma. Image quality is adequate, and the two modalities are concordant with a non-glaucomatous appearance, though absence of quantitative RNFL data and visual fields limits certainty.""}",1
data/Glaucoma/Test/data_07068.npz,69.73,female,asian,non-hispanic,1,1,moderate,"The SLO/fundus image shows a relatively large, deeply excavated optic cup with a thin neuroretinal rim, suggesting significant cupping. The OCT B-scans through the optic nerve head demonstrate a steep, deep cup configuration without obvious thick neuroretinal tissue at the rim, consistent with glaucomatous structural loss. RNFL detail is limited by image quality, but the agreement between disc cupping on SLO and ONH morphology on OCT supports glaucomatous damage. However, absence of quantitative RNFL data and functional testing reduces certainty, so confidence is moderate.","{""glaucoma_detected"": 1, ""confidence"": ""moderate"", ""reasoning"": ""The SLO/fundus image shows a relatively large, deeply excavated optic cup with a thin neuroretinal rim, suggesting significant cupping. The OCT B-scans through the optic nerve head demonstrate a steep, deep cup configuration without obvious thick neuroretinal tissue at the rim, consistent with glaucomatous structural loss. RNFL detail is limited by image quality, but the agreement between disc cupping on SLO and ONH morphology on OCT supports glaucomatous damage. However, absence of quantitative RNFL data and functional testing reduces certainty, so confidence is moderate.""}",1
data/Glaucoma/Test/data_07069.npz,83.63,female,white,non-hispanic,1,0,moderate,"The SLO/fundus image shows an optic nerve head with relatively small cup and preserved neuroretinal rim without obvious focal notching or peripapillary RNFL defects. The OCT B-scans, though somewhat noisy and limited to peripapillary cross-sections, show a generally intact retinal nerve fiber layer and inner retinal contour without clear thinning or excavation suggestive of glaucomatous damage. Image quality is adequate but not optimal, and absence of quantitative RNFL data limits certainty, yet no convincing structural glaucomatous changes are visible in either modality.","{""glaucoma_detected"": 0, ""confidence"": ""moderate"", ""reasoning"": ""The SLO/fundus image shows an optic nerve head with relatively small cup and preserved neuroretinal rim without obvious focal notching or peripapillary RNFL defects. The OCT B-scans, though somewhat noisy and limited to peripapillary cross-sections, show a generally intact retinal nerve fiber layer and inner retinal contour without clear thinning or excavation suggestive of glaucomatous damage. Image quality is adequate but not optimal, and absence of quantitative RNFL data limits certainty, yet no convincing structural glaucomatous changes are visible in either modality.""}",0
data/Glaucoma/Test/data_07070.npz,65.89,male,white,non-hispanic,0,0,low,"The SLO/fundus image shows an optic nerve head with some cupping, but the neuroretinal rim and disc margins are not clearly delineated due to grayscale and limited resolution, making assessment of rim thinning or notching difficult. The OCT B-scans provided are macular/retinal cross-sections rather than peripapillary RNFL scans, so they do not show typical glaucoma-related RNFL loss around the optic nerve. No obvious structural glaucomatous damage is identifiable in the available OCT views. Because of suboptimal visualization of the disc and lack of RNFL-focused OCT, glaucoma cannot be confidently diagnosed, so glaucoma is marked as not detected with low confidence and recommendation for full clinical correlation.","{""glaucoma_detected"": 0, ""confidence"": ""low"", ""reasoning"": ""The SLO/fundus image shows an optic nerve head with some cupping, but the neuroretinal rim and disc margins are not clearly delineated due to grayscale and limited resolution, making assessment of rim thinning or notching difficult. The OCT B-scans provided are macular/retinal cross-sections rather than peripapillary RNFL scans, so they do not show typical glaucoma-related RNFL loss around the optic nerve. No obvious structural glaucomatous damage is identifiable in the available OCT views. Because of suboptimal visualization of the disc and lack of RNFL-focused OCT, glaucoma cannot be confidently diagnosed, so glaucoma is marked as not detected with low confidence and recommendation for full clinical correlation.""}",1
data/Glaucoma/Test/data_07071.npz,65.93,female,white,non-hispanic,0,0,moderate,"The SLO/fundus image shows a relatively small optic disc with limited cupping and a preserved neuroretinal rim without obvious focal thinning or notching. Retinal vessels follow a normal course without bayoneting or marked nasalization. The OCT B-scans demonstrate a generally intact retinal nerve fiber layer and inner retinal architecture without clear sectoral thinning or excavation at the optic nerve head. Image quality is somewhat noisy, which limits fine assessment, but across both modalities there are no strong structural signs of glaucomatous damage, so glaucoma is not detected, though subtle early disease cannot be fully excluded.","{""glaucoma_detected"": 0, ""confidence"": ""moderate"", ""reasoning"": ""The SLO/fundus image shows a relatively small optic disc with limited cupping and a preserved neuroretinal rim without obvious focal thinning or notching. Retinal vessels follow a normal course without bayoneting or marked nasalization. The OCT B-scans demonstrate a generally intact retinal nerve fiber layer and inner retinal architecture without clear sectoral thinning or excavation at the optic nerve head. Image quality is somewhat noisy, which limits fine assessment, but across both modalities there are no strong structural signs of glaucomatous damage, so glaucoma is not detected, though subtle early disease cannot be fully excluded.""}",1
data/Glaucoma/Test/data_07072.npz,48.85,male,white,non-hispanic,0,0,moderate,"The SLO/fundus image shows an optic nerve head with a visible cup but without obvious excessive cupping or focal neuroretinal rim loss; the surrounding RNFL pattern appears relatively uniform without clear wedge defects. The OCT B-scans through the peripapillary region show intact retinal layers and no obvious thinning or excavation of the RNFL or neuroretinal rim that would strongly suggest glaucomatous damage. Image noise and limited views reduce certainty, but available structural findings are more consistent with a non-glaucomatous optic nerve.","{""glaucoma_detected"": 0, ""confidence"": ""moderate"", ""reasoning"": ""The SLO/fundus image shows an optic nerve head with a visible cup but without obvious excessive cupping or focal neuroretinal rim loss; the surrounding RNFL pattern appears relatively uniform without clear wedge defects. The OCT B-scans through the peripapillary region show intact retinal layers and no obvious thinning or excavation of the RNFL or neuroretinal rim that would strongly suggest glaucomatous damage. Image noise and limited views reduce certainty, but available structural findings are more consistent with a non-glaucomatous optic nerve.""}",1
data/Glaucoma/Test/data_07073.npz,81.81,female,white,non-hispanic,1,0,low,"Fundus/SLO image is low contrast and small, but the optic nerve head does not clearly show marked cupping or obvious neuroretinal rim loss; vessels appear to enter a relatively normal-sized disc. The OCT B-scans through the peripapillary region show a continuous RNFL band without obvious focal thinning or notching, though image noise and limited field reduce reliability. Given the suboptimal image quality and absence of clear structural glaucomatous changes, glaucoma is not detected, but uncertainty remains high.","{""glaucoma_detected"": 0, ""confidence"": ""low"", ""reasoning"": ""Fundus/SLO image is low contrast and small, but the optic nerve head does not clearly show marked cupping or obvious neuroretinal rim loss; vessels appear to enter a relatively normal-sized disc. The OCT B-scans through the peripapillary region show a continuous RNFL band without obvious focal thinning or notching, though image noise and limited field reduce reliability. Given the suboptimal image quality and absence of clear structural glaucomatous changes, glaucoma is not detected, but uncertainty remains high.""}",0
data/Glaucoma/Test/data_07074.npz,46.45,female,black,non-hispanic,0,0,moderate,"SLO/fundus image shows a relatively small optic disc with no obvious pathologic cupping or focal neuroretinal rim thinning; vessels follow a normal course without clear bayoneting or disc hemorrhage. The OCT B-scans through the peripapillary/retinal regions demonstrate intact retinal layers and no obvious diffuse RNFL thinning or structural loss typical of glaucomatous damage. Image noise and lack of quantitative RNFL data limit certainty, but available structural findings do not strongly suggest glaucoma.","{""glaucoma_detected"": 0, ""confidence"": ""moderate"", ""reasoning"": ""SLO/fundus image shows a relatively small optic disc with no obvious pathologic cupping or focal neuroretinal rim thinning; vessels follow a normal course without clear bayoneting or disc hemorrhage. The OCT B-scans through the peripapillary/retinal regions demonstrate intact retinal layers and no obvious diffuse RNFL thinning or structural loss typical of glaucomatous damage. Image noise and lack of quantitative RNFL data limit certainty, but available structural findings do not strongly suggest glaucoma.""}",1
data/Glaucoma/Test/data_07075.npz,69.78,male,black,non-hispanic,1,0,low,"The SLO/fundus image is very dark and low contrast, making detailed assessment of the optic nerve head, cup, and neuroretinal rim difficult. No clear enlarged cup or focal rim thinning can be reliably identified. The OCT B-scans provided appear to be macular rather than peripapillary RNFL scans, and show relatively preserved retinal layers without obvious diffuse thinning or structural loss typical of advanced glaucoma. Because image quality and scan type limit evaluation and there are no definitive glaucomatous structural changes visible, glaucoma is not detected, but uncertainty is high.","{""glaucoma_detected"": 0, ""confidence"": ""low"", ""reasoning"": ""The SLO/fundus image is very dark and low contrast, making detailed assessment of the optic nerve head, cup, and neuroretinal rim difficult. No clear enlarged cup or focal rim thinning can be reliably identified. The OCT B-scans provided appear to be macular rather than peripapillary RNFL scans, and show relatively preserved retinal layers without obvious diffuse thinning or structural loss typical of advanced glaucoma. Because image quality and scan type limit evaluation and there are no definitive glaucomatous structural changes visible, glaucoma is not detected, but uncertainty is high.""}",0
data/Glaucoma/Test/data_07076.npz,50.76,female,black,non-hispanic,0,0,low,"The SLO/fundus image shows an optic nerve head that appears relatively small and crowded, with no clearly visible large cup or obvious focal neuroretinal rim thinning; however, image contrast and resolution are limited, making detailed rim assessment difficult. The OCT B-scans provided are macular/retinal cross-sections rather than peripapillary RNFL scans, so they do not clearly show RNFL thinning or optic nerve structural damage typical of glaucoma. Because the available images do not demonstrate definite glaucomatous cupping or RNFL loss, glaucoma is not detected, but confidence is low due to suboptimal visualization of the optic disc and lack of dedicated RNFL/ONH OCT data.","{""glaucoma_detected"": 0, ""confidence"": ""low"", ""reasoning"": ""The SLO/fundus image shows an optic nerve head that appears relatively small and crowded, with no clearly visible large cup or obvious focal neuroretinal rim thinning; however, image contrast and resolution are limited, making detailed rim assessment difficult. The OCT B-scans provided are macular/retinal cross-sections rather than peripapillary RNFL scans, so they do not clearly show RNFL thinning or optic nerve structural damage typical of glaucoma. Because the available images do not demonstrate definite glaucomatous cupping or RNFL loss, glaucoma is not detected, but confidence is low due to suboptimal visualization of the optic disc and lack of dedicated RNFL/ONH OCT data.""}",1
data/Glaucoma/Test/data_07077.npz,76.73,male,white,non-hispanic,1,0,moderate,"The SLO/fundus image shows a relatively small optic disc with limited cupping and a preserved neuroretinal rim without obvious focal thinning or notching. There are no clear peripapillary RNFL defects or wedge-shaped loss visible. The OCT B-scans through the posterior pole demonstrate normal-appearing retinal layers without evident thinning or excavation of the peripapillary RNFL or optic nerve head region. Image quality is somewhat noisy, which limits fine assessment, but across both modalities there are no strong structural signs of glaucomatous damage, so glaucoma is not detected, with moderate confidence due to image limitations.","{""glaucoma_detected"": 0, ""confidence"": ""moderate"", ""reasoning"": ""The SLO/fundus image shows a relatively small optic disc with limited cupping and a preserved neuroretinal rim without obvious focal thinning or notching. There are no clear peripapillary RNFL defects or wedge-shaped loss visible. The OCT B-scans through the posterior pole demonstrate normal-appearing retinal layers without evident thinning or excavation of the peripapillary RNFL or optic nerve head region. Image quality is somewhat noisy, which limits fine assessment, but across both modalities there are no strong structural signs of glaucomatous damage, so glaucoma is not detected, with moderate confidence due to image limitations.""}",0
data/Glaucoma/Test/data_07078.npz,24.93,male,asian,non-hispanic,0,0,moderate,"The SLO/fundus image shows an optic nerve head without obvious pathologic cupping or marked neuroretinal rim thinning, though image quality is limited and grayscale contrast is low. The evenly spaced OCT B-scans through the posterior pole demonstrate normal-appearing retinal layers without clear thinning of the peripapillary retinal nerve fiber layer or other glaucomatous structural loss. No focal notching, excavation, or corresponding RNFL defects are evident. Given the absence of clear glaucomatous changes but acknowledging image noise and limited detail, glaucoma is not detected, with moderate confidence.","{""glaucoma_detected"": 0, ""confidence"": ""moderate"", ""reasoning"": ""The SLO/fundus image shows an optic nerve head without obvious pathologic cupping or marked neuroretinal rim thinning, though image quality is limited and grayscale contrast is low. The evenly spaced OCT B-scans through the posterior pole demonstrate normal-appearing retinal layers without clear thinning of the peripapillary retinal nerve fiber layer or other glaucomatous structural loss. No focal notching, excavation, or corresponding RNFL defects are evident. Given the absence of clear glaucomatous changes but acknowledging image noise and limited detail, glaucoma is not detected, with moderate confidence.""}",1
data/Glaucoma/Test/data_07079.npz,63.81,male,white,non-hispanic,1,0,moderate,"The SLO/fundus image shows a relatively normal-appearing optic nerve head without obvious marked cupping, rim thinning, or focal notching; vessels follow a typical course and there is no clear peripapillary RNFL defect. The OCT B-scans demonstrate preserved retinal layers and do not show obvious diffuse thinning or localized RNFL loss near the disc. Image quality is adequate but not optimal, and quantitative RNFL data are not available, so subtle glaucoma cannot be excluded; however, based on visible structural features, glaucomatous damage is not clearly present.","{""glaucoma_detected"": 0, ""confidence"": ""moderate"", ""reasoning"": ""The SLO/fundus image shows a relatively normal-appearing optic nerve head without obvious marked cupping, rim thinning, or focal notching; vessels follow a typical course and there is no clear peripapillary RNFL defect. The OCT B-scans demonstrate preserved retinal layers and do not show obvious diffuse thinning or localized RNFL loss near the disc. Image quality is adequate but not optimal, and quantitative RNFL data are not available, so subtle glaucoma cannot be excluded; however, based on visible structural features, glaucomatous damage is not clearly present.""}",0
data/Glaucoma/Test/data_07080.npz,73.26,female,white,non-hispanic,1,0,low,"The fundus/SLO image is very low contrast and noisy, making detailed assessment of optic nerve head cupping and neuroretinal rim difficult. No clear evidence of marked cupping, rim thinning, or peripapillary RNFL defects can be confidently identified. The OCT B-scans provided appear to be macular/retinal scans rather than dedicated optic nerve or RNFL scans, and they do not show obvious diffuse thinning or structural loss typical of glaucoma, though image noise and montage artifacts limit evaluation. Because of the poor image quality and suboptimal views of glaucoma-relevant structures, assessment is uncertain; however, there is no definite structural pattern strongly suggestive of glaucoma, so glaucoma is not detected with low confidence.","{""glaucoma_detected"": 0, ""confidence"": ""low"", ""reasoning"": ""The fundus/SLO image is very low contrast and noisy, making detailed assessment of optic nerve head cupping and neuroretinal rim difficult. No clear evidence of marked cupping, rim thinning, or peripapillary RNFL defects can be confidently identified. The OCT B-scans provided appear to be macular/retinal scans rather than dedicated optic nerve or RNFL scans, and they do not show obvious diffuse thinning or structural loss typical of glaucoma, though image noise and montage artifacts limit evaluation. Because of the poor image quality and suboptimal views of glaucoma-relevant structures, assessment is uncertain; however, there is no definite structural pattern strongly suggestive of glaucoma, so glaucoma is not detected with low confidence.""}",0
data/Glaucoma/Test/data_07081.npz,23.96,male,white,non-hispanic,1,0,moderate,"The SLO/fundus image shows a round optic disc with a central cup but no obvious focal neuroretinal rim thinning, notching, or peripapillary RNFL defects. Vessels appear to enter and exit in a typical pattern without clear glaucomatous displacement. The OCT B-scans through the macula and peripapillary region demonstrate normal retinal layering and do not show obvious RNFL thinning or structural loss around the optic nerve head. Image quality is adequate but not optimal, and quantitative RNFL data are not available, so subtle damage cannot be excluded. Based on visible structures alone, glaucomatous changes are not evident.","{""glaucoma_detected"": 0, ""confidence"": ""moderate"", ""reasoning"": ""The SLO/fundus image shows a round optic disc with a central cup but no obvious focal neuroretinal rim thinning, notching, or peripapillary RNFL defects. Vessels appear to enter and exit in a typical pattern without clear glaucomatous displacement. The OCT B-scans through the macula and peripapillary region demonstrate normal retinal layering and do not show obvious RNFL thinning or structural loss around the optic nerve head. Image quality is adequate but not optimal, and quantitative RNFL data are not available, so subtle damage cannot be excluded. Based on visible structures alone, glaucomatous changes are not evident.""}",0
data/Glaucoma/Test/data_07082.npz,63.11,female,white,non-hispanic,1,0,moderate,"The SLO/fundus image shows an optic nerve head with relatively preserved neuroretinal rim and no obvious pathologic cupping or focal rim thinning; vessels follow a normal course without clear notching. The OCT B-scans through the peripapillary/retinal regions demonstrate intact retinal layers without obvious diffuse RNFL thinning, deep cupping, or structural excavation of the optic nerve head. Image quality is somewhat limited and no quantitative RNFL data are available, so subtle early damage cannot be excluded, but based on visible structural features there is no clear glaucomatous change.","{""glaucoma_detected"": 0, ""confidence"": ""moderate"", ""reasoning"": ""The SLO/fundus image shows an optic nerve head with relatively preserved neuroretinal rim and no obvious pathologic cupping or focal rim thinning; vessels follow a normal course without clear notching. The OCT B-scans through the peripapillary/retinal regions demonstrate intact retinal layers without obvious diffuse RNFL thinning, deep cupping, or structural excavation of the optic nerve head. Image quality is somewhat limited and no quantitative RNFL data are available, so subtle early damage cannot be excluded, but based on visible structural features there is no clear glaucomatous change.""}",0
data/Glaucoma/Test/data_07083.npz,52.22,female,white,non-hispanic,0,0,moderate,"The SLO/fundus image shows an optic nerve head with visible vasculature but no clear evidence of marked cupping, rim thinning, or focal RNFL defects; overall appearance is relatively preserved, though grayscale and small size limit detail. The OCT B-scans, which appear to be macular rather than peripapillary RNFL scans, show intact retinal layers without obvious thinning or structural loss typical of glaucomatous damage. Given the absence of clear glaucomatous structural changes in either modality, glaucoma is not detected, but confidence is moderate due to limited resolution and lack of dedicated ONH/RNFL OCT data.","{""glaucoma_detected"": 0, ""confidence"": ""moderate"", ""reasoning"": ""The SLO/fundus image shows an optic nerve head with visible vasculature but no clear evidence of marked cupping, rim thinning, or focal RNFL defects; overall appearance is relatively preserved, though grayscale and small size limit detail. The OCT B-scans, which appear to be macular rather than peripapillary RNFL scans, show intact retinal layers without obvious thinning or structural loss typical of glaucomatous damage. Given the absence of clear glaucomatous structural changes in either modality, glaucoma is not detected, but confidence is moderate due to limited resolution and lack of dedicated ONH/RNFL OCT data.""}",1
data/Glaucoma/Test/data_07084.npz,32.78,female,white,non-hispanic,0,0,moderate,"The SLO/fundus image shows a relatively normal-appearing optic nerve head without obvious marked cupping or focal neuroretinal rim thinning; vessels enter and exit in a typical pattern and there is no clear notch or localized RNFL defect. The OCT B-scans through the macula and peripapillary region demonstrate normal retinal layering without evident diffuse RNFL thinning, deep cupping, or lamina cribrosa deformation. Image quality is somewhat noisy, which limits fine assessment, but across both modalities there are no convincing structural signs of glaucomatous damage, so glaucoma is not detected, with moderate confidence due to these limitations.","{""glaucoma_detected"": 0, ""confidence"": ""moderate"", ""reasoning"": ""The SLO/fundus image shows a relatively normal-appearing optic nerve head without obvious marked cupping or focal neuroretinal rim thinning; vessels enter and exit in a typical pattern and there is no clear notch or localized RNFL defect. The OCT B-scans through the macula and peripapillary region demonstrate normal retinal layering without evident diffuse RNFL thinning, deep cupping, or lamina cribrosa deformation. Image quality is somewhat noisy, which limits fine assessment, but across both modalities there are no convincing structural signs of glaucomatous damage, so glaucoma is not detected, with moderate confidence due to these limitations.""}",1
data/Glaucoma/Test/data_07085.npz,50.18,female,black,non-hispanic,1,0,moderate,"The SLO/fundus image shows an optic nerve head without obvious marked cupping or focal neuroretinal rim loss, though detail is limited by grayscale and resolution. The OCT B-scans through the macula and peripapillary region show relatively preserved retinal nerve fiber and ganglion cell layers without clear thinning, notching, or structural defects typical of glaucomatous damage. Image quality is adequate but not optimal, and absence of quantitative RNFL data limits certainty, yet no convincing glaucomatous structural changes are visible in either modality.","{""glaucoma_detected"": 0, ""confidence"": ""moderate"", ""reasoning"": ""The SLO/fundus image shows an optic nerve head without obvious marked cupping or focal neuroretinal rim loss, though detail is limited by grayscale and resolution. The OCT B-scans through the macula and peripapillary region show relatively preserved retinal nerve fiber and ganglion cell layers without clear thinning, notching, or structural defects typical of glaucomatous damage. Image quality is adequate but not optimal, and absence of quantitative RNFL data limits certainty, yet no convincing glaucomatous structural changes are visible in either modality.""}",0
data/Glaucoma/Test/data_07086.npz,81.12,male,asian,non-hispanic,1,0,low,"The SLO/fundus image is very low contrast and noisy, with a small central optic nerve head that cannot be reliably assessed for cupping or neuroretinal rim integrity. The OCT B-scans appear to be macular/retinal scans rather than centered on the optic nerve head, and the retinal layers are difficult to evaluate due to noise; no clear pattern of RNFL thinning or glaucomatous structural change is identifiable. Because the optic disc and peripapillary RNFL are not adequately visualized, glaucomatous damage cannot be confirmed, so glaucoma is not detected, but the assessment is uncertain due to poor image quality and non-optic-nerve scan positioning.","{""glaucoma_detected"": 0, ""confidence"": ""low"", ""reasoning"": ""The SLO/fundus image is very low contrast and noisy, with a small central optic nerve head that cannot be reliably assessed for cupping or neuroretinal rim integrity. The OCT B-scans appear to be macular/retinal scans rather than centered on the optic nerve head, and the retinal layers are difficult to evaluate due to noise; no clear pattern of RNFL thinning or glaucomatous structural change is identifiable. Because the optic disc and peripapillary RNFL are not adequately visualized, glaucomatous damage cannot be confirmed, so glaucoma is not detected, but the assessment is uncertain due to poor image quality and non-optic-nerve scan positioning.""}",0
data/Glaucoma/Test/data_07087.npz,42.63,male,asian,non-hispanic,0,0,moderate,"Fundus/SLO image shows a relatively normal-appearing optic nerve head without obvious marked cupping, rim thinning, or focal notching; vessels follow a typical course without clear bayoneting or nasalization. The OCT B-scans through the disc demonstrate a normal contour of the neuroretinal rim and peripapillary retina without evident thinning or excavation suggestive of glaucomatous damage. Image quality is adequate and the two modalities are structurally consistent, so glaucoma is not suggested, though absence of quantitative RNFL data and visual fields limits certainty.","{""glaucoma_detected"": 0, ""confidence"": ""moderate"", ""reasoning"": ""Fundus/SLO image shows a relatively normal-appearing optic nerve head without obvious marked cupping, rim thinning, or focal notching; vessels follow a typical course without clear bayoneting or nasalization. The OCT B-scans through the disc demonstrate a normal contour of the neuroretinal rim and peripapillary retina without evident thinning or excavation suggestive of glaucomatous damage. Image quality is adequate and the two modalities are structurally consistent, so glaucoma is not suggested, though absence of quantitative RNFL data and visual fields limits certainty.""}",1
data/Glaucoma/Test/data_07088.npz,61.85,female,black,non-hispanic,1,0,moderate,"The SLO/fundus image shows an optic nerve head with relatively small appearing cupping and preserved neuroretinal rim without obvious focal notching or peripapillary RNFL defects. The OCT B-scans through the macula and peripapillary region demonstrate normal retinal layering and do not show clear thinning or loss of the RNFL or ganglion cell complex. Image quality is somewhat noisy, which limits fine assessment, but across both modalities there are no convincing structural signs of glaucomatous damage, so glaucoma is not detected, with moderate confidence due to these limitations.","{""glaucoma_detected"": 0, ""confidence"": ""moderate"", ""reasoning"": ""The SLO/fundus image shows an optic nerve head with relatively small appearing cupping and preserved neuroretinal rim without obvious focal notching or peripapillary RNFL defects. The OCT B-scans through the macula and peripapillary region demonstrate normal retinal layering and do not show clear thinning or loss of the RNFL or ganglion cell complex. Image quality is somewhat noisy, which limits fine assessment, but across both modalities there are no convincing structural signs of glaucomatous damage, so glaucoma is not detected, with moderate confidence due to these limitations.""}",0
data/Glaucoma/Test/data_07089.npz,54.68,female,white,non-hispanic,0,1,moderate,"The SLO/fundus image shows a relatively large cup with apparent thinning of the neuroretinal rim, suggesting increased cupping. The OCT B-scans through the optic nerve head demonstrate a deep, steeply excavated cup with reduced neuroretinal tissue, consistent with glaucomatous optic neuropathy. RNFL and macular layers outside the disc region appear relatively preserved, but the structural changes at the disc are sufficiently suspicious for glaucoma. Image quality is adequate, though not perfect, so the assessment carries some uncertainty.","{""glaucoma_detected"": 1, ""confidence"": ""moderate"", ""reasoning"": ""The SLO/fundus image shows a relatively large cup with apparent thinning of the neuroretinal rim, suggesting increased cupping. The OCT B-scans through the optic nerve head demonstrate a deep, steeply excavated cup with reduced neuroretinal tissue, consistent with glaucomatous optic neuropathy. RNFL and macular layers outside the disc region appear relatively preserved, but the structural changes at the disc are sufficiently suspicious for glaucoma. Image quality is adequate, though not perfect, so the assessment carries some uncertainty.""}",0
data/Glaucoma/Test/data_07090.npz,44.51,female,black,non-hispanic,0,0,moderate,"The SLO/fundus image shows an optic nerve head with a central cup but without obvious marked enlargement or focal neuroretinal rim thinning; vessel course and peripapillary region appear relatively preserved. The OCT B-scans through the disc demonstrate a normal-appearing optic nerve excavation without clear evidence of deep cupping, lamina cribrosa deformation, or diffuse thinning of the peripapillary retinal nerve fiber layer. Image quality is adequate and the two modalities are concordant in suggesting a structurally normal disc. While subtle early changes cannot be excluded, there is no convincing structural evidence of glaucomatous damage in these images.","{""glaucoma_detected"": 0, ""confidence"": ""moderate"", ""reasoning"": ""The SLO/fundus image shows an optic nerve head with a central cup but without obvious marked enlargement or focal neuroretinal rim thinning; vessel course and peripapillary region appear relatively preserved. The OCT B-scans through the disc demonstrate a normal-appearing optic nerve excavation without clear evidence of deep cupping, lamina cribrosa deformation, or diffuse thinning of the peripapillary retinal nerve fiber layer. Image quality is adequate and the two modalities are concordant in suggesting a structurally normal disc. While subtle early changes cannot be excluded, there is no convincing structural evidence of glaucomatous damage in these images.""}",1
data/Glaucoma/Test/data_07091.npz,49.85,female,black,non-hispanic,0,0,moderate,"SLO/fundus image shows an optic nerve head with a visible cup but no obvious marked enlargement or focal neuroretinal rim loss; vessels appear to follow a relatively normal course without clear bayoneting or notching. The OCT B-scans demonstrate generally intact retinal layers without obvious diffuse or focal RNFL thinning or peripapillary structural loss. Image quality is somewhat noisy, which limits fine assessment, but across both modalities there are no strong structural signs of glaucomatous damage, so glaucoma is not detected, with moderate confidence due to these limitations.","{""glaucoma_detected"": 0, ""confidence"": ""moderate"", ""reasoning"": ""SLO/fundus image shows an optic nerve head with a visible cup but no obvious marked enlargement or focal neuroretinal rim loss; vessels appear to follow a relatively normal course without clear bayoneting or notching. The OCT B-scans demonstrate generally intact retinal layers without obvious diffuse or focal RNFL thinning or peripapillary structural loss. Image quality is somewhat noisy, which limits fine assessment, but across both modalities there are no strong structural signs of glaucomatous damage, so glaucoma is not detected, with moderate confidence due to these limitations.""}",1
data/Glaucoma/Test/data_07092.npz,65.71,male,white,non-hispanic,0,0,low,"The SLO/fundus image is low resolution and dark, making detailed assessment of optic nerve cupping and neuroretinal rim difficult; no obvious gross cupping or focal rim loss can be confidently identified. The OCT B-scans appear to be macular rather than peripapillary RNFL scans, and show relatively preserved retinal layers without clear thinning or structural defects typical of advanced glaucomatous damage. Due to limited image quality and lack of dedicated optic nerve/RNFL OCT, subtle or early glaucoma cannot be excluded, but there is no definite structural evidence of glaucoma in the provided images.","{""glaucoma_detected"": 0, ""confidence"": ""low"", ""reasoning"": ""The SLO/fundus image is low resolution and dark, making detailed assessment of optic nerve cupping and neuroretinal rim difficult; no obvious gross cupping or focal rim loss can be confidently identified. The OCT B-scans appear to be macular rather than peripapillary RNFL scans, and show relatively preserved retinal layers without clear thinning or structural defects typical of advanced glaucomatous damage. Due to limited image quality and lack of dedicated optic nerve/RNFL OCT, subtle or early glaucoma cannot be excluded, but there is no definite structural evidence of glaucoma in the provided images.""}",1
data/Glaucoma/Test/data_07093.npz,64.22,female,white,non-hispanic,0,0,low,"Fundus/SLO image shows an optic nerve head with limited detail and no clearly visible neuroretinal rim or cupping assessment due to small size and low contrast. The OCT B-scans appear to be macular rather than peripapillary RNFL scans, so they do not provide direct information about RNFL thinning or optic nerve structure. No obvious glaucomatous excavation, focal RNFL defects, or structural abnormalities are identifiable, but image quality and scan type significantly limit evaluation. Given the absence of clear glaucomatous changes yet substantial uncertainty, glaucoma is judged not detected with low confidence.","{""glaucoma_detected"": 0, ""confidence"": ""low"", ""reasoning"": ""Fundus/SLO image shows an optic nerve head with limited detail and no clearly visible neuroretinal rim or cupping assessment due to small size and low contrast. The OCT B-scans appear to be macular rather than peripapillary RNFL scans, so they do not provide direct information about RNFL thinning or optic nerve structure. No obvious glaucomatous excavation, focal RNFL defects, or structural abnormalities are identifiable, but image quality and scan type significantly limit evaluation. Given the absence of clear glaucomatous changes yet substantial uncertainty, glaucoma is judged not detected with low confidence.""}",1
data/Glaucoma/Test/data_07094.npz,85.43,female,white,non-hispanic,1,0,low,"The SLO/fundus image does not clearly show the optic nerve head or neuroretinal rim, making assessment of cupping impossible. The OCT B-scans appear to be macular rather than peripapillary RNFL scans, and do not demonstrate obvious glaucomatous structural loss. Because the key glaucoma-related structures are not adequately visualized, glaucoma cannot be reliably identified and is not detected on the available images, but confidence is low due to limited views and image quality.","{""glaucoma_detected"": 0, ""confidence"": ""low"", ""reasoning"": ""The SLO/fundus image does not clearly show the optic nerve head or neuroretinal rim, making assessment of cupping impossible. The OCT B-scans appear to be macular rather than peripapillary RNFL scans, and do not demonstrate obvious glaucomatous structural loss. Because the key glaucoma-related structures are not adequately visualized, glaucoma cannot be reliably identified and is not detected on the available images, but confidence is low due to limited views and image quality.""}",0
data/Glaucoma/Test/data_07095.npz,59.27,female,black,non-hispanic,1,0,moderate,"The SLO/fundus image shows a relatively normal-appearing optic nerve head without obvious marked cupping or focal neuroretinal rim thinning; vessels follow a typical course without clear bayoneting or nasalization. The OCT B-scans through the peripapillary region demonstrate intact retinal layers without obvious localized RNFL thinning, notching, or structural excavation of the optic nerve head. Image quality is adequate and the two modalities are concordant in not showing characteristic glaucomatous structural damage, so glaucoma is not detected, though absence of quantitative RNFL data and visual fields limits certainty.","{""glaucoma_detected"": 0, ""confidence"": ""moderate"", ""reasoning"": ""The SLO/fundus image shows a relatively normal-appearing optic nerve head without obvious marked cupping or focal neuroretinal rim thinning; vessels follow a typical course without clear bayoneting or nasalization. The OCT B-scans through the peripapillary region demonstrate intact retinal layers without obvious localized RNFL thinning, notching, or structural excavation of the optic nerve head. Image quality is adequate and the two modalities are concordant in not showing characteristic glaucomatous structural damage, so glaucoma is not detected, though absence of quantitative RNFL data and visual fields limits certainty.""}",0
data/Glaucoma/Test/data_07096.npz,73.67,male,white,hispanic,1,0,moderate,"The SLO/fundus image shows an optic nerve head without obvious marked cupping or focal neuroretinal rim loss; vessel configuration and disc margins appear relatively preserved. The OCT B-scans through the peripapillary region demonstrate a generally intact retinal nerve fiber layer and neuroretinal rim contour without clear thinning, notching, or excavation typical of glaucomatous damage. Image noise is present, which limits fine assessment, but across both modalities there is no strong structural evidence of glaucoma, so glaucoma is not detected, with moderate confidence.","{""glaucoma_detected"": 0, ""confidence"": ""moderate"", ""reasoning"": ""The SLO/fundus image shows an optic nerve head without obvious marked cupping or focal neuroretinal rim loss; vessel configuration and disc margins appear relatively preserved. The OCT B-scans through the peripapillary region demonstrate a generally intact retinal nerve fiber layer and neuroretinal rim contour without clear thinning, notching, or excavation typical of glaucomatous damage. Image noise is present, which limits fine assessment, but across both modalities there is no strong structural evidence of glaucoma, so glaucoma is not detected, with moderate confidence.""}",0
data/Glaucoma/Test/data_07097.npz,56.85,male,white,non-hispanic,1,0,low,"The SLO image shows an optic nerve head with moderate cupping but without clearly visible focal neuroretinal rim thinning or notching; RNFL striations are difficult to assess due to image quality and grayscale contrast. The OCT B-scans provided appear to be macular/retinal scans rather than peripapillary RNFL or ONH scans, and do not show obvious thinning or structural glaucomatous damage, but noise and limited field reduce reliability. Given the absence of clear, concordant glaucomatous structural changes and the suboptimal imaging, glaucoma is not detected, though uncertainty remains high.","{""glaucoma_detected"": 0, ""confidence"": ""low"", ""reasoning"": ""The SLO image shows an optic nerve head with moderate cupping but without clearly visible focal neuroretinal rim thinning or notching; RNFL striations are difficult to assess due to image quality and grayscale contrast. The OCT B-scans provided appear to be macular/retinal scans rather than peripapillary RNFL or ONH scans, and do not show obvious thinning or structural glaucomatous damage, but noise and limited field reduce reliability. Given the absence of clear, concordant glaucomatous structural changes and the suboptimal imaging, glaucoma is not detected, though uncertainty remains high.""}",0
data/Glaucoma/Test/data_07098.npz,76.45,female,white,non-hispanic,0,1,moderate,"SLO shows a relatively large, vertically elongated cup with apparent thinning of the neuroretinal rim, suggestive of glaucomatous cupping. OCT B-scans through the optic nerve head demonstrate a deep excavation and reduced neuroretinal tissue around the disc, without obvious alternative pathology such as edema or large drusen. Image noise and lack of quantitative RNFL data limit certainty, but combined structural findings are more consistent with glaucomatous optic neuropathy than a normal disc.","{""glaucoma_detected"": 1, ""confidence"": ""moderate"", ""reasoning"": ""SLO shows a relatively large, vertically elongated cup with apparent thinning of the neuroretinal rim, suggestive of glaucomatous cupping. OCT B-scans through the optic nerve head demonstrate a deep excavation and reduced neuroretinal tissue around the disc, without obvious alternative pathology such as edema or large drusen. Image noise and lack of quantitative RNFL data limit certainty, but combined structural findings are more consistent with glaucomatous optic neuropathy than a normal disc.""}",0
data/Glaucoma/Test/data_07099.npz,67.29,male,white,hispanic,0,0,moderate,"The SLO/fundus image shows an optic nerve head with a visible cup but without obvious marked enlargement or focal neuroretinal rim thinning; no clear notching or disc hemorrhage is apparent. The OCT B-scans through the peripapillary region and optic nerve show a relatively preserved retinal nerve fiber layer and neuroretinal rim contour without obvious localized RNFL defects or deep excavation of the cup. Image quality is somewhat noisy, which limits fine assessment, but across both modalities there are no strong structural signs of glaucomatous damage, so glaucoma is not detected, albeit with some uncertainty due to limited detail.","{""glaucoma_detected"": 0, ""confidence"": ""moderate"", ""reasoning"": ""The SLO/fundus image shows an optic nerve head with a visible cup but without obvious marked enlargement or focal neuroretinal rim thinning; no clear notching or disc hemorrhage is apparent. The OCT B-scans through the peripapillary region and optic nerve show a relatively preserved retinal nerve fiber layer and neuroretinal rim contour without obvious localized RNFL defects or deep excavation of the cup. Image quality is somewhat noisy, which limits fine assessment, but across both modalities there are no strong structural signs of glaucomatous damage, so glaucoma is not detected, albeit with some uncertainty due to limited detail.""}",1
data/Glaucoma/Test/data_07100.npz,57.89,male,white,non-hispanic,0,0,moderate,"The SLO/fundus image shows an optic nerve head without obvious marked cupping or focal neuroretinal rim loss; vessels enter the disc in a relatively normal configuration and there is no clear notch or localized RNFL defect. The OCT B-scans around the disc demonstrate a generally preserved peripapillary retinal nerve fiber layer and neuroretinal rim contour, without obvious thinning or excavation of the cup. Image quality is adequate and the two modalities are concordant in not showing clear glaucomatous structural damage. However, subtle changes cannot be excluded without quantitative RNFL/cup metrics or visual field data, so uncertainty remains.","{""glaucoma_detected"": 0, ""confidence"": ""moderate"", ""reasoning"": ""The SLO/fundus image shows an optic nerve head without obvious marked cupping or focal neuroretinal rim loss; vessels enter the disc in a relatively normal configuration and there is no clear notch or localized RNFL defect. The OCT B-scans around the disc demonstrate a generally preserved peripapillary retinal nerve fiber layer and neuroretinal rim contour, without obvious thinning or excavation of the cup. Image quality is adequate and the two modalities are concordant in not showing clear glaucomatous structural damage. However, subtle changes cannot be excluded without quantitative RNFL/cup metrics or visual field data, so uncertainty remains.""}",1
data/Glaucoma/Test/data_07101.npz,87.69,male,white,non-hispanic,1,0,low,"Fundus/SLO image is very dark with poor contrast; optic nerve head, cup, and neuroretinal rim are not clearly discernible, preventing reliable assessment of cupping or rim thinning. The OCT B-scans appear to be macular rather than optic nerve scans, and do not show clear RNFL or optic nerve head structure typical for glaucoma evaluation. No definite glaucomatous structural damage is identifiable, but image quality and scan positioning limit sensitivity, so absence of glaucoma cannot be assured.","{""glaucoma_detected"": 0, ""confidence"": ""low"", ""reasoning"": ""Fundus/SLO image is very dark with poor contrast; optic nerve head, cup, and neuroretinal rim are not clearly discernible, preventing reliable assessment of cupping or rim thinning. The OCT B-scans appear to be macular rather than optic nerve scans, and do not show clear RNFL or optic nerve head structure typical for glaucoma evaluation. No definite glaucomatous structural damage is identifiable, but image quality and scan positioning limit sensitivity, so absence of glaucoma cannot be assured.""}",0
data/Glaucoma/Test/data_07102.npz,55.76,male,white,non-hispanic,1,0,moderate,"The SLO/fundus image shows an optic nerve head with a visible cup but without obvious excessive cupping, marked neuroretinal rim thinning, or focal notching. Vessels appear to course over a reasonably preserved rim. The OCT B-scans provided are macular/retinal cross-sections rather than peripapillary RNFL scans; they show relatively normal retinal layering without clear thinning patterns or structural defects typical of glaucomatous damage. Image quality is adequate but not optimal, and the absence of RNFL/ONH-specific OCT limits assessment, so subtle glaucoma cannot be excluded. Based on the available structural information, glaucoma is not clearly present.","{""glaucoma_detected"": 0, ""confidence"": ""moderate"", ""reasoning"": ""The SLO/fundus image shows an optic nerve head with a visible cup but without obvious excessive cupping, marked neuroretinal rim thinning, or focal notching. Vessels appear to course over a reasonably preserved rim. The OCT B-scans provided are macular/retinal cross-sections rather than peripapillary RNFL scans; they show relatively normal retinal layering without clear thinning patterns or structural defects typical of glaucomatous damage. Image quality is adequate but not optimal, and the absence of RNFL/ONH-specific OCT limits assessment, so subtle glaucoma cannot be excluded. Based on the available structural information, glaucoma is not clearly present.""}",0
data/Glaucoma/Test/data_07103.npz,46.26,female,white,non-hispanic,0,0,low,"Fundus/SLO image shows an optic nerve head that is small and difficult to assess clearly; cupping and neuroretinal rim are not well delineated, and there are no obvious focal RNFL defects or notching visible. The OCT B-scans provided appear to be macular or non–optic nerve cross-sections, without clear visualization of peripapillary RNFL or optic nerve head structure, so they do not offer definitive glaucomatous thinning or excavation. Image quality and scan selection limit assessment, and subtle disease could be missed, but based on the available structural information there is no convincing evidence of glaucomatous damage.","{""glaucoma_detected"": 0, ""confidence"": ""low"", ""reasoning"": ""Fundus/SLO image shows an optic nerve head that is small and difficult to assess clearly; cupping and neuroretinal rim are not well delineated, and there are no obvious focal RNFL defects or notching visible. The OCT B-scans provided appear to be macular or non–optic nerve cross-sections, without clear visualization of peripapillary RNFL or optic nerve head structure, so they do not offer definitive glaucomatous thinning or excavation. Image quality and scan selection limit assessment, and subtle disease could be missed, but based on the available structural information there is no convincing evidence of glaucomatous damage.""}",1
data/Glaucoma/Test/data_07104.npz,44.44,male,black,non-hispanic,1,0,moderate,"The SLO/fundus image shows an optic nerve head with relatively preserved neuroretinal rim and no obvious pathologic cupping or focal notching. Vessels appear to course normally over the disc without clear signs of glaucomatous excavation. The OCT B-scans through the peripapillary region demonstrate a generally intact retinal nerve fiber layer and inner retinal architecture, without obvious thinning or loss consistent with glaucomatous damage. Image noise is present, which limits fine assessment, but across both modalities there are no strong structural indicators of glaucoma, so glaucoma is not detected in this case.","{""glaucoma_detected"": 0, ""confidence"": ""moderate"", ""reasoning"": ""The SLO/fundus image shows an optic nerve head with relatively preserved neuroretinal rim and no obvious pathologic cupping or focal notching. Vessels appear to course normally over the disc without clear signs of glaucomatous excavation. The OCT B-scans through the peripapillary region demonstrate a generally intact retinal nerve fiber layer and inner retinal architecture, without obvious thinning or loss consistent with glaucomatous damage. Image noise is present, which limits fine assessment, but across both modalities there are no strong structural indicators of glaucoma, so glaucoma is not detected in this case.""}",0
data/Glaucoma/Test/data_07105.npz,74.16,female,white,non-hispanic,0,0,low,"Fundus/SLO image shows an optic nerve head with some cupping, but rim detail and RNFL striations are poorly visualized due to low contrast and small size, making assessment of focal rim thinning or notching difficult. The OCT B-scans provided appear to be macular or peripapillary cross-sections without clear, quantifiable RNFL thinning or obvious structural glaucomatous damage, but image noise and limited field of view reduce reliability. Given the suboptimal image quality and lack of clear, concordant structural glaucomatous changes, glaucoma cannot be confidently identified, so this case is classified as no glaucoma with low confidence.","{""glaucoma_detected"": 0, ""confidence"": ""low"", ""reasoning"": ""Fundus/SLO image shows an optic nerve head with some cupping, but rim detail and RNFL striations are poorly visualized due to low contrast and small size, making assessment of focal rim thinning or notching difficult. The OCT B-scans provided appear to be macular or peripapillary cross-sections without clear, quantifiable RNFL thinning or obvious structural glaucomatous damage, but image noise and limited field of view reduce reliability. Given the suboptimal image quality and lack of clear, concordant structural glaucomatous changes, glaucoma cannot be confidently identified, so this case is classified as no glaucoma with low confidence.""}",1
data/Glaucoma/Test/data_07106.npz,52.84,female,white,non-hispanic,1,0,low,"Fundus/SLO image is very dark and low contrast, making detailed assessment of optic nerve head cupping and neuroretinal rim difficult. No obvious gross cupping or focal RNFL defects can be reliably identified. The OCT B-scans provided appear to be macular rather than peripapillary RNFL scans; retinal layers look relatively preserved without clear thinning patterns typical of advanced glaucoma, but image noise and lack of RNFL-specific views limit evaluation. Due to poor image quality and suboptimal scan type, glaucoma cannot be confidently diagnosed, so absence is inferred with low confidence.","{""glaucoma_detected"": 0, ""confidence"": ""low"", ""reasoning"": ""Fundus/SLO image is very dark and low contrast, making detailed assessment of optic nerve head cupping and neuroretinal rim difficult. No obvious gross cupping or focal RNFL defects can be reliably identified. The OCT B-scans provided appear to be macular rather than peripapillary RNFL scans; retinal layers look relatively preserved without clear thinning patterns typical of advanced glaucoma, but image noise and lack of RNFL-specific views limit evaluation. Due to poor image quality and suboptimal scan type, glaucoma cannot be confidently diagnosed, so absence is inferred with low confidence.""}",0
data/Glaucoma/Test/data_07107.npz,16.44,female,white,non-hispanic,0,0,moderate,"SLO/fundus image shows a relatively small optic disc with no obvious pathologic cupping or focal neuroretinal rim thinning; vessels enter and exit in a typical pattern without bayoneting or disc hemorrhage. The OCT B-scans demonstrate normal-appearing retinal layers without clear thinning or defects in the peripapillary RNFL or macular ganglion cell region. Image quality is somewhat noisy, which limits fine assessment, but there are no convincing structural signs of glaucomatous damage in either modality.","{""glaucoma_detected"": 0, ""confidence"": ""moderate"", ""reasoning"": ""SLO/fundus image shows a relatively small optic disc with no obvious pathologic cupping or focal neuroretinal rim thinning; vessels enter and exit in a typical pattern without bayoneting or disc hemorrhage. The OCT B-scans demonstrate normal-appearing retinal layers without clear thinning or defects in the peripapillary RNFL or macular ganglion cell region. Image quality is somewhat noisy, which limits fine assessment, but there are no convincing structural signs of glaucomatous damage in either modality.""}",1
data/Glaucoma/Test/data_07108.npz,83.38,male,white,non-hispanic,1,0,low,"Fundus/SLO image shows an optic nerve head with some cupping, but image quality is limited and neuroretinal rim details are indistinct, making assessment of glaucomatous excavation difficult. The OCT B-scans provided are macular/retinal cross-sections rather than peripapillary RNFL scans, and they do not show clear thinning or structural changes typical of glaucoma. Because the available views do not convincingly demonstrate glaucomatous optic neuropathy and structural evidence is insufficient, glaucoma is not detected, but confidence is low due to suboptimal imaging and incomplete visualization of glaucoma-specific structures.","{""glaucoma_detected"": 0, ""confidence"": ""low"", ""reasoning"": ""Fundus/SLO image shows an optic nerve head with some cupping, but image quality is limited and neuroretinal rim details are indistinct, making assessment of glaucomatous excavation difficult. The OCT B-scans provided are macular/retinal cross-sections rather than peripapillary RNFL scans, and they do not show clear thinning or structural changes typical of glaucoma. Because the available views do not convincingly demonstrate glaucomatous optic neuropathy and structural evidence is insufficient, glaucoma is not detected, but confidence is low due to suboptimal imaging and incomplete visualization of glaucoma-specific structures.""}",0
data/Glaucoma/Test/data_07109.npz,58.05,male,white,non-hispanic,1,0,moderate,"On the SLO/fundus image, the optic nerve head appears relatively small with a limited cup and a preserved neuroretinal rim without obvious focal notching or marked asymmetry. Vessels follow a normal course without clear bayoneting or nasalization suggestive of advanced cupping. The OCT B-scans through the peripapillary/retinal region show intact retinal layers and no obvious diffuse thinning or focal loss of the RNFL or ganglion cell complex that would strongly indicate glaucomatous damage. Image noise and lack of quantitative data limit certainty, but based on visible structural features, glaucomatous changes are not clearly present.","{""glaucoma_detected"": 0, ""confidence"": ""moderate"", ""reasoning"": ""On the SLO/fundus image, the optic nerve head appears relatively small with a limited cup and a preserved neuroretinal rim without obvious focal notching or marked asymmetry. Vessels follow a normal course without clear bayoneting or nasalization suggestive of advanced cupping. The OCT B-scans through the peripapillary/retinal region show intact retinal layers and no obvious diffuse thinning or focal loss of the RNFL or ganglion cell complex that would strongly indicate glaucomatous damage. Image noise and lack of quantitative data limit certainty, but based on visible structural features, glaucomatous changes are not clearly present.""}",0
data/Glaucoma/Test/data_07110.npz,66.5,female,white,non-hispanic,0,0,moderate,"The SLO/fundus image shows an optic nerve head with visible vessels and surrounding retina but does not clearly demonstrate marked cupping, neuroretinal rim thinning, or focal RNFL defects; image quality and contrast limit fine assessment but no obvious glaucomatous excavation is seen. The OCT B-scans through the posterior pole and peripapillary region show relatively preserved retinal layers without clear thinning or notching of the RNFL or obvious deformation of the optic nerve head. Given the absence of strong structural glaucomatous changes in either modality, glaucoma is not detected, though subtle disease cannot be excluded due to image noise and lack of quantitative data.","{""glaucoma_detected"": 0, ""confidence"": ""moderate"", ""reasoning"": ""The SLO/fundus image shows an optic nerve head with visible vessels and surrounding retina but does not clearly demonstrate marked cupping, neuroretinal rim thinning, or focal RNFL defects; image quality and contrast limit fine assessment but no obvious glaucomatous excavation is seen. The OCT B-scans through the posterior pole and peripapillary region show relatively preserved retinal layers without clear thinning or notching of the RNFL or obvious deformation of the optic nerve head. Given the absence of strong structural glaucomatous changes in either modality, glaucoma is not detected, though subtle disease cannot be excluded due to image noise and lack of quantitative data.""}",1
data/Glaucoma/Test/data_07111.npz,72.86,female,white,non-hispanic,1,0,low,"The SLO/fundus image is low resolution with a poorly defined optic nerve head, making assessment of cupping and neuroretinal rim difficult. The OCT B-scans appear to be macular rather than peripapillary RNFL scans, and they do not show obvious thinning or structural loss typical of glaucoma, but image noise and limited coverage reduce reliability. Given the absence of clear glaucomatous structural changes yet substantial uncertainty from image quality and scan type, glaucoma is judged not detected, with low confidence.","{""glaucoma_detected"": 0, ""confidence"": ""low"", ""reasoning"": ""The SLO/fundus image is low resolution with a poorly defined optic nerve head, making assessment of cupping and neuroretinal rim difficult. The OCT B-scans appear to be macular rather than peripapillary RNFL scans, and they do not show obvious thinning or structural loss typical of glaucoma, but image noise and limited coverage reduce reliability. Given the absence of clear glaucomatous structural changes yet substantial uncertainty from image quality and scan type, glaucoma is judged not detected, with low confidence.""}",0
data/Glaucoma/Test/data_07112.npz,81.09,male,white,non-hispanic,0,0,moderate,"The SLO/fundus image shows an optic nerve head with a visible cup but without obvious marked enlargement, focal notching, or clear neuroretinal rim thinning; vessels appear to follow a relatively normal course without strong evidence of glaucomatous cupping. The OCT B-scans, while somewhat noisy, show peripapillary retinal nerve fiber layer and inner retinal layers that appear relatively preserved without clear localized thinning or excavation around the disc. Structural findings between fundus and OCT are broadly consistent and do not show definitive glaucomatous damage, though image quality limits certainty.","{""glaucoma_detected"": 0, ""confidence"": ""moderate"", ""reasoning"": ""The SLO/fundus image shows an optic nerve head with a visible cup but without obvious marked enlargement, focal notching, or clear neuroretinal rim thinning; vessels appear to follow a relatively normal course without strong evidence of glaucomatous cupping. The OCT B-scans, while somewhat noisy, show peripapillary retinal nerve fiber layer and inner retinal layers that appear relatively preserved without clear localized thinning or excavation around the disc. Structural findings between fundus and OCT are broadly consistent and do not show definitive glaucomatous damage, though image quality limits certainty.""}",1
data/Glaucoma/Test/data_07113.npz,64.46,female,white,non-hispanic,0,0,low,"The SLO/fundus image shows an optic nerve head with only mild cupping and a relatively preserved neuroretinal rim, without obvious focal notching or RNFL defects. The OCT B-scans provided appear to be macular/retinal scans rather than peripapillary RNFL; they show generally intact retinal layers without clear thinning patterns typical of glaucomatous damage. Image resolution and noise limit detailed assessment, and absence of dedicated ONH/RNFL OCT reduces certainty, but based on visible structures there is no strong structural evidence of glaucoma in these images.","{""glaucoma_detected"": 0, ""confidence"": ""low"", ""reasoning"": ""The SLO/fundus image shows an optic nerve head with only mild cupping and a relatively preserved neuroretinal rim, without obvious focal notching or RNFL defects. The OCT B-scans provided appear to be macular/retinal scans rather than peripapillary RNFL; they show generally intact retinal layers without clear thinning patterns typical of glaucomatous damage. Image resolution and noise limit detailed assessment, and absence of dedicated ONH/RNFL OCT reduces certainty, but based on visible structures there is no strong structural evidence of glaucoma in these images.""}",1
data/Glaucoma/Test/data_07114.npz,63.24,female,white,non-hispanic,0,0,moderate,"The SLO/fundus image shows an optic nerve head with a relatively small cup and preserved neuroretinal rim without obvious focal thinning or notching. Vessels appear to enter and exit in a typical pattern without marked displacement suggestive of advanced cupping. The OCT B-scans through the peripapillary region demonstrate a reasonably thick, continuous RNFL and inner retinal layers without clear localized thinning or excavation adjacent to the disc. Image noise is present but structural details are still interpretable. Overall, there are no strong structural signs of glaucomatous damage, so glaucoma is not detected, though subtle or early disease cannot be fully excluded from imaging alone.","{""glaucoma_detected"": 0, ""confidence"": ""moderate"", ""reasoning"": ""The SLO/fundus image shows an optic nerve head with a relatively small cup and preserved neuroretinal rim without obvious focal thinning or notching. Vessels appear to enter and exit in a typical pattern without marked displacement suggestive of advanced cupping. The OCT B-scans through the peripapillary region demonstrate a reasonably thick, continuous RNFL and inner retinal layers without clear localized thinning or excavation adjacent to the disc. Image noise is present but structural details are still interpretable. Overall, there are no strong structural signs of glaucomatous damage, so glaucoma is not detected, though subtle or early disease cannot be fully excluded from imaging alone.""}",1
data/Glaucoma/Test/data_07115.npz,84.58,female,white,non-hispanic,1,0,low,"Fundus image shows an optic nerve head that appears relatively small with limited visible cupping; neuroretinal rim loss or notching is not clearly appreciable, though image quality is modest and grayscale contrast is low. The OCT B-scans through the peripapillary region do not show obvious thinning or excavation of the retinal nerve fiber layer or lamina, but the scans are noisy and lack quantitative RNFL maps, making subtle damage hard to judge. Given the absence of clear structural glaucomatous changes but significant uncertainty from image quality and limited views, glaucoma is not detected, with low confidence.","{""glaucoma_detected"": 0, ""confidence"": ""low"", ""reasoning"": ""Fundus image shows an optic nerve head that appears relatively small with limited visible cupping; neuroretinal rim loss or notching is not clearly appreciable, though image quality is modest and grayscale contrast is low. The OCT B-scans through the peripapillary region do not show obvious thinning or excavation of the retinal nerve fiber layer or lamina, but the scans are noisy and lack quantitative RNFL maps, making subtle damage hard to judge. Given the absence of clear structural glaucomatous changes but significant uncertainty from image quality and limited views, glaucoma is not detected, with low confidence.""}",0
data/Glaucoma/Test/data_07116.npz,38.37,male,white,non-hispanic,0,0,low,"The SLO image shows an optic nerve head with visible vessels but limited detail of the neuroretinal rim and cup due to image quality and contrast, making assessment of cupping difficult. The OCT B-scans appear to be macular/retinal scans rather than dedicated peripapillary RNFL or optic nerve scans, so they do not clearly show glaucomatous structural loss. No obvious focal RNFL thinning, deep cupping, or other characteristic glaucomatous changes are evident, but the available views are suboptimal. Given the absence of clear structural signs yet significant limitations in imaging, glaucoma is judged not detected, with low confidence.","{""glaucoma_detected"": 0, ""confidence"": ""low"", ""reasoning"": ""The SLO image shows an optic nerve head with visible vessels but limited detail of the neuroretinal rim and cup due to image quality and contrast, making assessment of cupping difficult. The OCT B-scans appear to be macular/retinal scans rather than dedicated peripapillary RNFL or optic nerve scans, so they do not clearly show glaucomatous structural loss. No obvious focal RNFL thinning, deep cupping, or other characteristic glaucomatous changes are evident, but the available views are suboptimal. Given the absence of clear structural signs yet significant limitations in imaging, glaucoma is judged not detected, with low confidence.""}",1
data/Glaucoma/Test/data_07117.npz,62.23,female,white,non-hispanic,0,0,moderate,"The SLO/fundus image shows an optic nerve head without obvious marked cupping or neuroretinal rim thinning, though contrast is limited. The OCT B-scans through the disc demonstrate a relatively normal-appearing RNFL and neuroretinal rim profile without clear focal thinning, notching, or excavation suggestive of glaucomatous damage. Image noise and lack of quantitative RNFL data reduce certainty, but structural signs of glaucoma are not evident, so glaucoma is not detected based on these images alone.","{""glaucoma_detected"": 0, ""confidence"": ""moderate"", ""reasoning"": ""The SLO/fundus image shows an optic nerve head without obvious marked cupping or neuroretinal rim thinning, though contrast is limited. The OCT B-scans through the disc demonstrate a relatively normal-appearing RNFL and neuroretinal rim profile without clear focal thinning, notching, or excavation suggestive of glaucomatous damage. Image noise and lack of quantitative RNFL data reduce certainty, but structural signs of glaucoma are not evident, so glaucoma is not detected based on these images alone.""}",1
data/Glaucoma/Test/data_07118.npz,74.04,female,white,non-hispanic,1,0,moderate,"Fundus/SLO image shows a relatively small, round optic disc with limited visible cupping and no obvious neuroretinal rim thinning or notching. Vessels appear to enter and exit the disc in a typical pattern without marked bayoneting or nasalization. The OCT B-scans through the optic nerve head demonstrate a normal-appearing contour without clear excavation or deep cupping, and the peripapillary retinal nerve fiber layer bands do not show obvious focal thinning. Image noise is present but structural details are still interpretable. Overall, there are no strong structural signs of glaucomatous damage, so glaucoma is not detected, though subtle changes cannot be fully excluded from these images alone.","{""glaucoma_detected"": 0, ""confidence"": ""moderate"", ""reasoning"": ""Fundus/SLO image shows a relatively small, round optic disc with limited visible cupping and no obvious neuroretinal rim thinning or notching. Vessels appear to enter and exit the disc in a typical pattern without marked bayoneting or nasalization. The OCT B-scans through the optic nerve head demonstrate a normal-appearing contour without clear excavation or deep cupping, and the peripapillary retinal nerve fiber layer bands do not show obvious focal thinning. Image noise is present but structural details are still interpretable. Overall, there are no strong structural signs of glaucomatous damage, so glaucoma is not detected, though subtle changes cannot be fully excluded from these images alone.""}",0
data/Glaucoma/Test/data_07119.npz,81.21,female,asian,non-hispanic,1,0,moderate,"Fundus image shows an optic nerve head with relatively small cup and preserved neuroretinal rim without obvious focal thinning or notching. Vessels appear to follow a normal course without clear bayoneting or nasalization. The OCT B-scans through the disc show a normal-appearing contour of the neuroretinal rim and no obvious deep excavation or thinning of peripapillary retinal nerve fiber layer. Image quality is somewhat noisy, which limits fine assessment, but across both modalities there are no clear structural changes typical of glaucomatous damage.","{""glaucoma_detected"": 0, ""confidence"": ""moderate"", ""reasoning"": ""Fundus image shows an optic nerve head with relatively small cup and preserved neuroretinal rim without obvious focal thinning or notching. Vessels appear to follow a normal course without clear bayoneting or nasalization. The OCT B-scans through the disc show a normal-appearing contour of the neuroretinal rim and no obvious deep excavation or thinning of peripapillary retinal nerve fiber layer. Image quality is somewhat noisy, which limits fine assessment, but across both modalities there are no clear structural changes typical of glaucomatous damage.""}",0
data/Glaucoma/Test/data_07120.npz,64.9,female,white,non-hispanic,1,0,moderate,"The SLO/fundus image shows a relatively small optic disc with limited cupping and a preserved neuroretinal rim without obvious focal thinning or notching. There are no clear peripapillary RNFL defects or wedge-shaped loss. The OCT B-scans through the macula and peripapillary region show normal retinal layering without evident thinning of the RNFL or structural changes typically associated with glaucomatous damage. Image quality is adequate, though not optimal, which adds some uncertainty. Overall, structural findings do not strongly suggest glaucoma in this case.","{""glaucoma_detected"": 0, ""confidence"": ""moderate"", ""reasoning"": ""The SLO/fundus image shows a relatively small optic disc with limited cupping and a preserved neuroretinal rim without obvious focal thinning or notching. There are no clear peripapillary RNFL defects or wedge-shaped loss. The OCT B-scans through the macula and peripapillary region show normal retinal layering without evident thinning of the RNFL or structural changes typically associated with glaucomatous damage. Image quality is adequate, though not optimal, which adds some uncertainty. Overall, structural findings do not strongly suggest glaucoma in this case.""}",0
data/Glaucoma/Test/data_07121.npz,67.77,female,black,non-hispanic,0,0,low,"Fundus/SLO image shows an optic nerve head that is difficult to assess due to low contrast and blur; cup and neuroretinal rim are not clearly delineated, and no obvious focal RNFL defects are visible. The OCT B-scans provided are macular/retinal cross-sections rather than peripapillary RNFL or optic nerve scans, so they do not show typical glaucomatous structural changes at the disc. Because the key glaucoma structures (cup, rim, peripapillary RNFL) cannot be reliably evaluated, glaucoma cannot be confidently identified and is not supported by clear imaging evidence here, but uncertainty remains due to limited image quality and scan type.","{""glaucoma_detected"": 0, ""confidence"": ""low"", ""reasoning"": ""Fundus/SLO image shows an optic nerve head that is difficult to assess due to low contrast and blur; cup and neuroretinal rim are not clearly delineated, and no obvious focal RNFL defects are visible. The OCT B-scans provided are macular/retinal cross-sections rather than peripapillary RNFL or optic nerve scans, so they do not show typical glaucomatous structural changes at the disc. Because the key glaucoma structures (cup, rim, peripapillary RNFL) cannot be reliably evaluated, glaucoma cannot be confidently identified and is not supported by clear imaging evidence here, but uncertainty remains due to limited image quality and scan type.""}",1
data/Glaucoma/Test/data_07122.npz,64.62,male,white,non-hispanic,0,0,low,"Fundus/SLO image shows an optic nerve with some cupping but rim tissue appears present circumferentially; no obvious focal rim loss or notching is clearly discernible at this resolution. The OCT B-scans through the macula and optic nerve show generally preserved retinal layers without obvious diffuse RNFL thinning or structural excavation of the nerve head. Image quality and contrast are limited, making subtle glaucomatous changes difficult to exclude, but there is no clear, concordant structural damage across modalities to strongly suggest glaucoma in this case.","{""glaucoma_detected"": 0, ""confidence"": ""low"", ""reasoning"": ""Fundus/SLO image shows an optic nerve with some cupping but rim tissue appears present circumferentially; no obvious focal rim loss or notching is clearly discernible at this resolution. The OCT B-scans through the macula and optic nerve show generally preserved retinal layers without obvious diffuse RNFL thinning or structural excavation of the nerve head. Image quality and contrast are limited, making subtle glaucomatous changes difficult to exclude, but there is no clear, concordant structural damage across modalities to strongly suggest glaucoma in this case.""}",1
data/Glaucoma/Test/data_07123.npz,57.38,female,white,non-hispanic,0,0,moderate,"The SLO/fundus image shows an optic nerve head without obvious pathologic cupping or focal neuroretinal rim thinning; vessels enter and exit in a relatively normal pattern and there is no clear notch or peripapillary atrophy suggestive of glaucomatous damage. The OCT B-scans demonstrate normal-appearing retinal layers without evident thinning or structural loss in the peripapillary region. Image quality is adequate and the two modalities are concordant in not showing clear glaucomatous changes, though absence of quantitative RNFL data and visual fields limits certainty.","{""glaucoma_detected"": 0, ""confidence"": ""moderate"", ""reasoning"": ""The SLO/fundus image shows an optic nerve head without obvious pathologic cupping or focal neuroretinal rim thinning; vessels enter and exit in a relatively normal pattern and there is no clear notch or peripapillary atrophy suggestive of glaucomatous damage. The OCT B-scans demonstrate normal-appearing retinal layers without evident thinning or structural loss in the peripapillary region. Image quality is adequate and the two modalities are concordant in not showing clear glaucomatous changes, though absence of quantitative RNFL data and visual fields limits certainty.""}",1
data/Glaucoma/Test/data_07124.npz,35.93,female,white,non-hispanic,0,0,moderate,"The SLO/fundus image shows a relatively small optic disc with no obvious enlarged cup or focal neuroretinal rim thinning; vessels follow a normal course without clear notching. The OCT B-scans through the optic nerve head demonstrate a normal-appearing RNFL and neuroretinal rim thickness without evident excavation or lamina cribrosa deformation. Image noise is present but structural details are still discernible. Overall, there are no clear glaucomatous structural changes, though subtle early disease cannot be fully excluded from these images alone.","{""glaucoma_detected"": 0, ""confidence"": ""moderate"", ""reasoning"": ""The SLO/fundus image shows a relatively small optic disc with no obvious enlarged cup or focal neuroretinal rim thinning; vessels follow a normal course without clear notching. The OCT B-scans through the optic nerve head demonstrate a normal-appearing RNFL and neuroretinal rim thickness without evident excavation or lamina cribrosa deformation. Image noise is present but structural details are still discernible. Overall, there are no clear glaucomatous structural changes, though subtle early disease cannot be fully excluded from these images alone.""}",1
data/Glaucoma/Test/data_07125.npz,29.5,male,white,hispanic,1,0,moderate,"The SLO/fundus image shows a relatively normal-appearing optic nerve head without obvious pathologic cupping or focal neuroretinal rim thinning; vessels enter and exit the disc in a typical pattern and there is no clear peripapillary atrophy or nerve fiber layer defect. The OCT B-scans demonstrate intact retinal layers and peripapillary RNFL without obvious thinning, notching, or structural loss suggestive of glaucomatous damage. Image noise is present but anatomical detail is still sufficient to exclude obvious glaucomatous changes, so glaucoma is not detected, though subtle early disease cannot be fully ruled out from these images alone.","{""glaucoma_detected"": 0, ""confidence"": ""moderate"", ""reasoning"": ""The SLO/fundus image shows a relatively normal-appearing optic nerve head without obvious pathologic cupping or focal neuroretinal rim thinning; vessels enter and exit the disc in a typical pattern and there is no clear peripapillary atrophy or nerve fiber layer defect. The OCT B-scans demonstrate intact retinal layers and peripapillary RNFL without obvious thinning, notching, or structural loss suggestive of glaucomatous damage. Image noise is present but anatomical detail is still sufficient to exclude obvious glaucomatous changes, so glaucoma is not detected, though subtle early disease cannot be fully ruled out from these images alone.""}",0
data/Glaucoma/Test/data_07126.npz,49.1,female,white,non-hispanic,0,0,moderate,"The SLO/fundus image shows an optic nerve head with relatively small, central cupping and preserved neuroretinal rim without obvious focal notching or rim thinning. Vessels appear to follow a normal course without clear bayoneting or nasalization. The OCT B-scans, though somewhat noisy, demonstrate normal-appearing retinal layers without evident thinning or loss of the peripapillary retinal nerve fiber layer or other glaucomatous structural changes. Across both modalities there are no strong structural indicators of glaucoma, so glaucoma is not detected, though image quality limits certainty.","{""glaucoma_detected"": 0, ""confidence"": ""moderate"", ""reasoning"": ""The SLO/fundus image shows an optic nerve head with relatively small, central cupping and preserved neuroretinal rim without obvious focal notching or rim thinning. Vessels appear to follow a normal course without clear bayoneting or nasalization. The OCT B-scans, though somewhat noisy, demonstrate normal-appearing retinal layers without evident thinning or loss of the peripapillary retinal nerve fiber layer or other glaucomatous structural changes. Across both modalities there are no strong structural indicators of glaucoma, so glaucoma is not detected, though image quality limits certainty.""}",1
data/Glaucoma/Test/data_07127.npz,67.42,male,white,non-hispanic,1,0,moderate,"Fundus/SLO shows an optic nerve with relatively small cup and preserved neuroretinal rim without obvious focal notching or marked cupping. Peripapillary region does not show clear RNFL wedge defects. The OCT B-scans through the peripapillary retina demonstrate a fairly uniform retinal nerve fiber layer and inner retinal contour without obvious thinning or excavation suggestive of glaucomatous damage. Image quality is adequate, and the two modalities are concordant in not showing clear structural glaucomatous changes, though subtle damage cannot be excluded without quantitative data or visual fields.","{""glaucoma_detected"": 0, ""confidence"": ""moderate"", ""reasoning"": ""Fundus/SLO shows an optic nerve with relatively small cup and preserved neuroretinal rim without obvious focal notching or marked cupping. Peripapillary region does not show clear RNFL wedge defects. The OCT B-scans through the peripapillary retina demonstrate a fairly uniform retinal nerve fiber layer and inner retinal contour without obvious thinning or excavation suggestive of glaucomatous damage. Image quality is adequate, and the two modalities are concordant in not showing clear structural glaucomatous changes, though subtle damage cannot be excluded without quantitative data or visual fields.""}",0
data/Glaucoma/Test/data_07128.npz,57.97,female,white,non-hispanic,0,0,low,"The SLO/fundus image is low quality with an indistinct optic nerve head, making assessment of cupping and neuroretinal rim difficult. The OCT B-scans show generally normal-appearing retinal layers without obvious focal thinning of the peripapillary RNFL or structural changes typical of glaucomatous damage. Due to image noise and limited visualization of the optic nerve region, subtle glaucoma cannot be excluded, but there is no clear structural evidence of glaucomatous damage in these images.","{""glaucoma_detected"": 0, ""confidence"": ""low"", ""reasoning"": ""The SLO/fundus image is low quality with an indistinct optic nerve head, making assessment of cupping and neuroretinal rim difficult. The OCT B-scans show generally normal-appearing retinal layers without obvious focal thinning of the peripapillary RNFL or structural changes typical of glaucomatous damage. Due to image noise and limited visualization of the optic nerve region, subtle glaucoma cannot be excluded, but there is no clear structural evidence of glaucomatous damage in these images.""}",1
data/Glaucoma/Test/data_07129.npz,48.39,female,white,hispanic,0,1,moderate,"Fundus image shows a relatively large, vertically elongated cup with apparent thinning of the neuroretinal rim, suggestive of glaucomatous cupping. OCT B-scans through the optic nerve head demonstrate deep excavation of the cup and posterior bowing of the lamina region, with reduced neuroretinal tissue thickness around the disc. RNFL and macular layers outside the disc appear relatively preserved, but the optic nerve head morphology is more consistent with glaucomatous structural change than a normal disc. Image quality is adequate, though absence of quantitative RNFL maps and some noise limit certainty.","{""glaucoma_detected"": 1, ""confidence"": ""moderate"", ""reasoning"": ""Fundus image shows a relatively large, vertically elongated cup with apparent thinning of the neuroretinal rim, suggestive of glaucomatous cupping. OCT B-scans through the optic nerve head demonstrate deep excavation of the cup and posterior bowing of the lamina region, with reduced neuroretinal tissue thickness around the disc. RNFL and macular layers outside the disc appear relatively preserved, but the optic nerve head morphology is more consistent with glaucomatous structural change than a normal disc. Image quality is adequate, though absence of quantitative RNFL maps and some noise limit certainty.""}",0
data/Glaucoma/Test/data_07130.npz,28.99,female,white,non-hispanic,1,0,moderate,"The SLO/fundus image shows an optic nerve head with a visible cup but without obvious focal neuroretinal rim thinning, notching, or marked asymmetry of the rim that would strongly suggest glaucomatous cupping. Peripapillary RNFL striations appear relatively preserved without clear wedge defects. The OCT B-scans provided are macular/retinal cross-sections rather than dedicated optic nerve or RNFL scans; they show normal-appearing retinal layers without evident thinning or structural loss typical of advanced glaucoma. Image quality is somewhat noisy and limits fine assessment, so early or subtle glaucoma cannot be excluded, but there is no convincing structural evidence of glaucomatous damage in these images.","{""glaucoma_detected"": 0, ""confidence"": ""moderate"", ""reasoning"": ""The SLO/fundus image shows an optic nerve head with a visible cup but without obvious focal neuroretinal rim thinning, notching, or marked asymmetry of the rim that would strongly suggest glaucomatous cupping. Peripapillary RNFL striations appear relatively preserved without clear wedge defects. The OCT B-scans provided are macular/retinal cross-sections rather than dedicated optic nerve or RNFL scans; they show normal-appearing retinal layers without evident thinning or structural loss typical of advanced glaucoma. Image quality is somewhat noisy and limits fine assessment, so early or subtle glaucoma cannot be excluded, but there is no convincing structural evidence of glaucomatous damage in these images.""}",0
data/Glaucoma/Test/data_07131.npz,75.13,male,white,non-hispanic,0,0,moderate,"The SLO/fundus image shows an optic nerve head with visible cupping but without clearly thinned or notched neuroretinal rim; the disc margins and peripapillary area appear relatively preserved, though image quality and contrast are limited. The OCT B-scans demonstrate generally intact retinal nerve fiber and ganglion cell layers without obvious focal thinning or excavation around the disc that would strongly suggest glaucomatous damage. Given the absence of clear structural glaucomatous changes on both modalities, glaucoma is not detected, but confidence is moderate due to image noise and lack of quantitative data.","{""glaucoma_detected"": 0, ""confidence"": ""moderate"", ""reasoning"": ""The SLO/fundus image shows an optic nerve head with visible cupping but without clearly thinned or notched neuroretinal rim; the disc margins and peripapillary area appear relatively preserved, though image quality and contrast are limited. The OCT B-scans demonstrate generally intact retinal nerve fiber and ganglion cell layers without obvious focal thinning or excavation around the disc that would strongly suggest glaucomatous damage. Given the absence of clear structural glaucomatous changes on both modalities, glaucoma is not detected, but confidence is moderate due to image noise and lack of quantitative data.""}",1
data/Glaucoma/Test/data_07132.npz,69.95,female,white,non-hispanic,0,0,moderate,"The SLO/fundus image shows a relatively small optic disc with limited visible cupping and no obvious neuroretinal rim thinning or notching. Retinal nerve fiber striations appear reasonably preserved, though image contrast is modest. The OCT B-scans through the optic nerve head and peripapillary region do not show clear excavation of the disc or marked thinning/defects of the retinal nerve fiber layer; overall macular and peripapillary retinal architecture appears within normal limits. Image quality is fair, which introduces some uncertainty, but there are no strong structural signs of glaucomatous damage in either modality.","{""glaucoma_detected"": 0, ""confidence"": ""moderate"", ""reasoning"": ""The SLO/fundus image shows a relatively small optic disc with limited visible cupping and no obvious neuroretinal rim thinning or notching. Retinal nerve fiber striations appear reasonably preserved, though image contrast is modest. The OCT B-scans through the optic nerve head and peripapillary region do not show clear excavation of the disc or marked thinning/defects of the retinal nerve fiber layer; overall macular and peripapillary retinal architecture appears within normal limits. Image quality is fair, which introduces some uncertainty, but there are no strong structural signs of glaucomatous damage in either modality.""}",1
data/Glaucoma/Test/data_07133.npz,56.72,female,white,non-hispanic,1,0,low,"The SLO/fundus image is low contrast and does not clearly show the optic disc, cup, or neuroretinal rim, making assessment of cupping difficult. The OCT B-scans provided appear to be macular/retinal scans rather than peripapillary RNFL or optic nerve head scans, so they do not show typical glaucoma-related structural changes around the disc. No obvious thinning patterns or structural defects clearly attributable to glaucoma are visible. Due to limited visualization of the optic nerve and RNFL, glaucoma cannot be confidently identified, so the case is classified as no glaucoma with low confidence.","{""glaucoma_detected"": 0, ""confidence"": ""low"", ""reasoning"": ""The SLO/fundus image is low contrast and does not clearly show the optic disc, cup, or neuroretinal rim, making assessment of cupping difficult. The OCT B-scans provided appear to be macular/retinal scans rather than peripapillary RNFL or optic nerve head scans, so they do not show typical glaucoma-related structural changes around the disc. No obvious thinning patterns or structural defects clearly attributable to glaucoma are visible. Due to limited visualization of the optic nerve and RNFL, glaucoma cannot be confidently identified, so the case is classified as no glaucoma with low confidence.""}",0
data/Glaucoma/Test/data_07134.npz,42.74,female,white,non-hispanic,1,0,low,"The SLO/fundus image is low contrast and the optic nerve head is poorly visualized, making assessment of cupping and neuroretinal rim difficult. The available OCT B-scans appear to be macular rather than optic nerve scans; they show relatively normal retinal layering without obvious thinning or structural defects typical of glaucomatous RNFL loss. Because the key glaucoma structures (optic disc and peripapillary RNFL) are not clearly captured, there is insufficient structural evidence of glaucoma, but image limitations reduce confidence in this assessment.","{""glaucoma_detected"": 0, ""confidence"": ""low"", ""reasoning"": ""The SLO/fundus image is low contrast and the optic nerve head is poorly visualized, making assessment of cupping and neuroretinal rim difficult. The available OCT B-scans appear to be macular rather than optic nerve scans; they show relatively normal retinal layering without obvious thinning or structural defects typical of glaucomatous RNFL loss. Because the key glaucoma structures (optic disc and peripapillary RNFL) are not clearly captured, there is insufficient structural evidence of glaucoma, but image limitations reduce confidence in this assessment.""}",0
data/Glaucoma/Test/data_07135.npz,67.01,female,white,non-hispanic,1,1,moderate,"The SLO/fundus image shows a relatively large, excavated optic cup with apparent thinning of the neuroretinal rim, suggesting increased cupping. The OCT B-scans through the optic nerve head demonstrate a deep cup and reduced neuroretinal tissue thickness around the disc, without obvious artifacts or non-glaucomatous pathology. While quantitative RNFL data are not provided and image resolution is limited, the structural changes in both modalities are consistent with glaucomatous optic neuropathy rather than a normal disc, supporting glaucoma detection with moderate confidence.","{""glaucoma_detected"": 1, ""confidence"": ""moderate"", ""reasoning"": ""The SLO/fundus image shows a relatively large, excavated optic cup with apparent thinning of the neuroretinal rim, suggesting increased cupping. The OCT B-scans through the optic nerve head demonstrate a deep cup and reduced neuroretinal tissue thickness around the disc, without obvious artifacts or non-glaucomatous pathology. While quantitative RNFL data are not provided and image resolution is limited, the structural changes in both modalities are consistent with glaucomatous optic neuropathy rather than a normal disc, supporting glaucoma detection with moderate confidence.""}",1
data/Glaucoma/Test/data_07136.npz,59.75,female,white,non-hispanic,0,0,low,"Fundus/SLO image shows an optic nerve head that is small and difficult to assess due to low contrast and noise; clear cupping, rim thinning, or notching are not convincingly visible. The OCT B-scans are macular/retinal cross-sections rather than peripapillary RNFL scans, and they appear structurally intact without obvious thinning or defects, but image noise and lack of RNFL-focused views limit evaluation of glaucoma-related damage. Given the suboptimal imaging and absence of clear glaucomatous structural changes, glaucoma is not detected, but uncertainty remains high due to limited visualization.","{""glaucoma_detected"": 0, ""confidence"": ""low"", ""reasoning"": ""Fundus/SLO image shows an optic nerve head that is small and difficult to assess due to low contrast and noise; clear cupping, rim thinning, or notching are not convincingly visible. The OCT B-scans are macular/retinal cross-sections rather than peripapillary RNFL scans, and they appear structurally intact without obvious thinning or defects, but image noise and lack of RNFL-focused views limit evaluation of glaucoma-related damage. Given the suboptimal imaging and absence of clear glaucomatous structural changes, glaucoma is not detected, but uncertainty remains high due to limited visualization.""}",1
data/Glaucoma/Test/data_07137.npz,59.02,female,white,non-hispanic,0,0,moderate,"The SLO/fundus image shows an optic nerve head with a visible cup but no obvious marked enlargement or focal neuroretinal rim loss; vessels follow a relatively normal course without clear bayoneting or notching. There is no evident peripapillary RNFL defect or wedge-shaped loss. The OCT B-scans through the macula and peripapillary region show preserved retinal layers without obvious thinning of the RNFL or ganglion cell complex, and no structural pattern strongly suggestive of glaucomatous damage. Image noise is present, which limits fine assessment, but available structural information does not clearly support glaucoma, so glaucoma is not detected in this case.","{""glaucoma_detected"": 0, ""confidence"": ""moderate"", ""reasoning"": ""The SLO/fundus image shows an optic nerve head with a visible cup but no obvious marked enlargement or focal neuroretinal rim loss; vessels follow a relatively normal course without clear bayoneting or notching. There is no evident peripapillary RNFL defect or wedge-shaped loss. The OCT B-scans through the macula and peripapillary region show preserved retinal layers without obvious thinning of the RNFL or ganglion cell complex, and no structural pattern strongly suggestive of glaucomatous damage. Image noise is present, which limits fine assessment, but available structural information does not clearly support glaucoma, so glaucoma is not detected in this case.""}",1
data/Glaucoma/Test/data_07138.npz,58.69,female,white,non-hispanic,0,0,moderate,"The SLO/fundus image shows an optic nerve head without obvious marked cupping or focal neuroretinal rim loss; vessels enter and exit the disc in a relatively normal pattern, and there is no clear peripapillary RNFL defect. The OCT B-scans provided are macular/retinal cross-sections rather than dedicated optic nerve/RNFL scans; they show preserved retinal layers without obvious thinning or structural loss typical of glaucomatous damage. Image quality is adequate but not optimal, and the absence of ONH-focused OCT limits certainty, yet there is no convincing structural evidence of glaucoma in the available images.","{""glaucoma_detected"": 0, ""confidence"": ""moderate"", ""reasoning"": ""The SLO/fundus image shows an optic nerve head without obvious marked cupping or focal neuroretinal rim loss; vessels enter and exit the disc in a relatively normal pattern, and there is no clear peripapillary RNFL defect. The OCT B-scans provided are macular/retinal cross-sections rather than dedicated optic nerve/RNFL scans; they show preserved retinal layers without obvious thinning or structural loss typical of glaucomatous damage. Image quality is adequate but not optimal, and the absence of ONH-focused OCT limits certainty, yet there is no convincing structural evidence of glaucoma in the available images.""}",1
data/Glaucoma/Test/data_07139.npz,28.21,male,white,non-hispanic,1,0,moderate,"The SLO/fundus image shows an optic nerve head with a visible cup but without obvious excessive cupping, focal neuroretinal rim thinning, or clear RNFL defects. Vessels appear to follow a relatively normal course without marked bayoneting or nasalization. The OCT B-scans, though somewhat noisy, show a generally intact retinal nerve fiber layer and inner retinal contour without clear localized thinning or notching that would suggest glaucomatous damage. Given the image quality and lack of overt structural glaucomatous changes, glaucoma is not detected, though subtle early disease cannot be fully excluded.","{""glaucoma_detected"": 0, ""confidence"": ""moderate"", ""reasoning"": ""The SLO/fundus image shows an optic nerve head with a visible cup but without obvious excessive cupping, focal neuroretinal rim thinning, or clear RNFL defects. Vessels appear to follow a relatively normal course without marked bayoneting or nasalization. The OCT B-scans, though somewhat noisy, show a generally intact retinal nerve fiber layer and inner retinal contour without clear localized thinning or notching that would suggest glaucomatous damage. Given the image quality and lack of overt structural glaucomatous changes, glaucoma is not detected, though subtle early disease cannot be fully excluded.""}",0
data/Glaucoma/Test/data_07140.npz,62.25,male,white,non-hispanic,0,0,low,"The SLO/fundus image is essentially non-diagnostic, with the optic nerve head not visible, so cupping and neuroretinal rim cannot be assessed. The OCT B-scans provided appear to be macular rather than peripapillary RNFL scans, and they do not clearly show glaucomatous structural changes such as RNFL thinning around the optic disc. Because the key glaucoma-related structures are not adequately visualized, no definite glaucomatous damage can be identified, but this assessment is uncertain due to limited image quality and coverage.","{""glaucoma_detected"": 0, ""confidence"": ""low"", ""reasoning"": ""The SLO/fundus image is essentially non-diagnostic, with the optic nerve head not visible, so cupping and neuroretinal rim cannot be assessed. The OCT B-scans provided appear to be macular rather than peripapillary RNFL scans, and they do not clearly show glaucomatous structural changes such as RNFL thinning around the optic disc. Because the key glaucoma-related structures are not adequately visualized, no definite glaucomatous damage can be identified, but this assessment is uncertain due to limited image quality and coverage.""}",1
data/Glaucoma/Test/data_07141.npz,56.53,female,white,non-hispanic,0,0,moderate,"The SLO/fundus image shows an optic nerve head with a visible cup but without obvious marked enlargement or focal neuroretinal rim thinning; vessels follow a relatively normal course without clear bayoneting or notching. No localized RNFL defects are apparent, though image contrast is limited. The macular OCT B-scans demonstrate normal retinal layering and thickness without evident thinning of inner retinal layers that might suggest advanced glaucomatous damage. Given the absence of clear structural glaucomatous changes on either modality, glaucoma is not detected, though subtle or early disease cannot be excluded due to image quality and lack of quantitative data.","{""glaucoma_detected"": 0, ""confidence"": ""moderate"", ""reasoning"": ""The SLO/fundus image shows an optic nerve head with a visible cup but without obvious marked enlargement or focal neuroretinal rim thinning; vessels follow a relatively normal course without clear bayoneting or notching. No localized RNFL defects are apparent, though image contrast is limited. The macular OCT B-scans demonstrate normal retinal layering and thickness without evident thinning of inner retinal layers that might suggest advanced glaucomatous damage. Given the absence of clear structural glaucomatous changes on either modality, glaucoma is not detected, though subtle or early disease cannot be excluded due to image quality and lack of quantitative data.""}",1
data/Glaucoma/Test/data_07142.npz,72.89,female,white,hispanic,0,0,low,"The SLO/fundus image is very dark with poor visibility of the optic nerve head, cupping, and neuroretinal rim, making structural assessment for glaucoma difficult. The OCT B-scans appear to be macular rather than peripapillary RNFL scans; they show relatively normal retinal layering without obvious thinning patterns specifically suggestive of glaucomatous damage. Because the key glaucoma structures (optic disc and RNFL around the disc) are not clearly visualized and there are no overt glaucomatous changes on the available OCT slices, glaucoma cannot be confidently identified, so it is classified as not detected with low confidence due to limited image quality and modality coverage.","{""glaucoma_detected"": 0, ""confidence"": ""low"", ""reasoning"": ""The SLO/fundus image is very dark with poor visibility of the optic nerve head, cupping, and neuroretinal rim, making structural assessment for glaucoma difficult. The OCT B-scans appear to be macular rather than peripapillary RNFL scans; they show relatively normal retinal layering without obvious thinning patterns specifically suggestive of glaucomatous damage. Because the key glaucoma structures (optic disc and RNFL around the disc) are not clearly visualized and there are no overt glaucomatous changes on the available OCT slices, glaucoma cannot be confidently identified, so it is classified as not detected with low confidence due to limited image quality and modality coverage.""}",1
data/Glaucoma/Test/data_07143.npz,68.17,female,white,non-hispanic,0,0,moderate,"The SLO/fundus image shows a relatively small optic disc with limited visible cupping and no obvious focal neuroretinal rim thinning or notching; vessels appear to exit in a pattern not strongly suggestive of glaucomatous excavation. The OCT B-scans through the optic nerve head show a shallow cup without marked posterior excavation and no clear localized thinning or loss of the peripapillary retinal nerve fiber layer; the RNFL and inner retinal layers appear relatively preserved across scans. Image noise and limited visualization of the full disc margin reduce certainty, but available structural findings do not convincingly indicate glaucomatous damage.","{""glaucoma_detected"": 0, ""confidence"": ""moderate"", ""reasoning"": ""The SLO/fundus image shows a relatively small optic disc with limited visible cupping and no obvious focal neuroretinal rim thinning or notching; vessels appear to exit in a pattern not strongly suggestive of glaucomatous excavation. The OCT B-scans through the optic nerve head show a shallow cup without marked posterior excavation and no clear localized thinning or loss of the peripapillary retinal nerve fiber layer; the RNFL and inner retinal layers appear relatively preserved across scans. Image noise and limited visualization of the full disc margin reduce certainty, but available structural findings do not convincingly indicate glaucomatous damage.""}",1
data/Glaucoma/Test/data_07144.npz,67.3,male,white,non-hispanic,0,0,low,"Fundus image shows an optic nerve head with visible vessels but limited detail of the cup and neuroretinal rim due to grayscale SLO quality; no clear focal rim thinning, notching, or obvious enlarged cup is discernible. The OCT B-scans provided are macular/retinal cross-sections rather than peripapillary RNFL scans, so they do not clearly show RNFL thinning or glaucomatous structural loss. Because key glaucoma-specific structures are poorly visualized and modalities are not optimally targeted to the optic nerve, there is insufficient structural evidence of glaucoma; however, image limitations make this assessment uncertain.","{""glaucoma_detected"": 0, ""confidence"": ""low"", ""reasoning"": ""Fundus image shows an optic nerve head with visible vessels but limited detail of the cup and neuroretinal rim due to grayscale SLO quality; no clear focal rim thinning, notching, or obvious enlarged cup is discernible. The OCT B-scans provided are macular/retinal cross-sections rather than peripapillary RNFL scans, so they do not clearly show RNFL thinning or glaucomatous structural loss. Because key glaucoma-specific structures are poorly visualized and modalities are not optimally targeted to the optic nerve, there is insufficient structural evidence of glaucoma; however, image limitations make this assessment uncertain.""}",1
data/Glaucoma/Test/data_07145.npz,60.92,female,white,non-hispanic,1,1,moderate,"The SLO/fundus image shows a deeply excavated optic nerve head with pronounced cupping and a relatively thin neuroretinal rim, suggestive of glaucomatous optic neuropathy. The OCT B-scans through the peripapillary region appear to show thinning of the retinal nerve fiber layer rather than a robust, thick RNFL band. Image noise and limited views reduce certainty, but the structural changes visible at the disc and on OCT are more consistent with glaucoma than with a normal optic nerve.","{""glaucoma_detected"": 1, ""confidence"": ""moderate"", ""reasoning"": ""The SLO/fundus image shows a deeply excavated optic nerve head with pronounced cupping and a relatively thin neuroretinal rim, suggestive of glaucomatous optic neuropathy. The OCT B-scans through the peripapillary region appear to show thinning of the retinal nerve fiber layer rather than a robust, thick RNFL band. Image noise and limited views reduce certainty, but the structural changes visible at the disc and on OCT are more consistent with glaucoma than with a normal optic nerve.""}",1
data/Glaucoma/Test/data_07146.npz,44.42,female,white,non-hispanic,0,0,moderate,"The SLO/fundus image shows a relatively small optic disc with limited cupping and no obvious neuroretinal rim thinning or notching; major vessels appear to emerge in a typical pattern without clear signs of glaucomatous excavation. The OCT B-scans across the posterior pole demonstrate intact retinal layers without apparent thinning or focal RNFL defects near the disc region. Image quality is adequate and there is reasonable agreement between modalities, with no strong structural indicators of glaucoma. However, absence of peripapillary RNFL and macular thickness maps limits certainty, so glaucoma cannot be fully excluded clinically.","{""glaucoma_detected"": 0, ""confidence"": ""moderate"", ""reasoning"": ""The SLO/fundus image shows a relatively small optic disc with limited cupping and no obvious neuroretinal rim thinning or notching; major vessels appear to emerge in a typical pattern without clear signs of glaucomatous excavation. The OCT B-scans across the posterior pole demonstrate intact retinal layers without apparent thinning or focal RNFL defects near the disc region. Image quality is adequate and there is reasonable agreement between modalities, with no strong structural indicators of glaucoma. However, absence of peripapillary RNFL and macular thickness maps limits certainty, so glaucoma cannot be fully excluded clinically.""}",1
data/Glaucoma/Test/data_07147.npz,61.9,male,white,non-hispanic,1,0,moderate,"The SLO/fundus image shows a relatively normal-appearing optic nerve head without obvious marked cupping, rim thinning, or focal notching; peripapillary area does not show clear nerve fiber layer defects. The OCT B-scans through the macula and peripapillary region demonstrate preserved retinal layers and do not show obvious thinning or structural loss typical of glaucomatous damage. Image quality is adequate, but absence of quantitative RNFL data and limited views of the disc introduce some uncertainty. Overall, structural evidence for glaucoma is not apparent, so glaucoma is not detected in these images.","{""glaucoma_detected"": 0, ""confidence"": ""moderate"", ""reasoning"": ""The SLO/fundus image shows a relatively normal-appearing optic nerve head without obvious marked cupping, rim thinning, or focal notching; peripapillary area does not show clear nerve fiber layer defects. The OCT B-scans through the macula and peripapillary region demonstrate preserved retinal layers and do not show obvious thinning or structural loss typical of glaucomatous damage. Image quality is adequate, but absence of quantitative RNFL data and limited views of the disc introduce some uncertainty. Overall, structural evidence for glaucoma is not apparent, so glaucoma is not detected in these images.""}",0
data/Glaucoma/Test/data_07148.npz,89.15,male,black,non-hispanic,1,0,low,"The SLO/fundus image is low contrast and noisy, making detailed assessment of optic nerve cupping and neuroretinal rim difficult; no clear, marked cupping or focal rim loss can be confidently identified. The evenly spaced OCT B-scans appear centered more on the macula than the optic nerve head, and show relatively preserved retinal layers without obvious diffuse RNFL thinning or structural glaucomatous changes. Because the optic nerve and peripapillary RNFL are not well visualized and image quality is limited, glaucoma cannot be reliably confirmed, so glaucoma is not detected, but with low confidence due to significant uncertainty.","{""glaucoma_detected"": 0, ""confidence"": ""low"", ""reasoning"": ""The SLO/fundus image is low contrast and noisy, making detailed assessment of optic nerve cupping and neuroretinal rim difficult; no clear, marked cupping or focal rim loss can be confidently identified. The evenly spaced OCT B-scans appear centered more on the macula than the optic nerve head, and show relatively preserved retinal layers without obvious diffuse RNFL thinning or structural glaucomatous changes. Because the optic nerve and peripapillary RNFL are not well visualized and image quality is limited, glaucoma cannot be reliably confirmed, so glaucoma is not detected, but with low confidence due to significant uncertainty.""}",0
data/Glaucoma/Test/data_07149.npz,46.58,female,white,non-hispanic,0,0,moderate,"The SLO/fundus image shows a relatively small optic disc with no obvious marked cupping or focal neuroretinal rim thinning; vessel course appears typical without clear signs of notching. The OCT B-scans across the posterior pole demonstrate a generally normal-appearing retinal nerve fiber layer and inner retinal contour, without evident diffuse thinning, localized RNFL defects, or structural excavation at the optic nerve head. Image quality is somewhat noisy, which limits fine assessment, but there are no convincing glaucomatous structural changes in either modality, so glaucoma is not detected in this case based on the available images.","{""glaucoma_detected"": 0, ""confidence"": ""moderate"", ""reasoning"": ""The SLO/fundus image shows a relatively small optic disc with no obvious marked cupping or focal neuroretinal rim thinning; vessel course appears typical without clear signs of notching. The OCT B-scans across the posterior pole demonstrate a generally normal-appearing retinal nerve fiber layer and inner retinal contour, without evident diffuse thinning, localized RNFL defects, or structural excavation at the optic nerve head. Image quality is somewhat noisy, which limits fine assessment, but there are no convincing glaucomatous structural changes in either modality, so glaucoma is not detected in this case based on the available images.""}",1
data/Glaucoma/Test/data_07150.npz,59.19,male,black,non-hispanic,1,0,low,"The fundus/SLO image is extremely dark and does not allow reliable assessment of the optic nerve head, cupping, or neuroretinal rim. The OCT B-scans appear to be macular rather than peripapillary RNFL scans; they show relatively preserved retinal layers without obvious thinning or structural changes typical of glaucomatous damage, but they are not the ideal modality for evaluating glaucoma. Because the key optic nerve and RNFL features cannot be adequately visualized, glaucoma cannot be confidently identified, so the case is classified as no glaucoma with low confidence based on insufficient structural evidence.","{""glaucoma_detected"": 0, ""confidence"": ""low"", ""reasoning"": ""The fundus/SLO image is extremely dark and does not allow reliable assessment of the optic nerve head, cupping, or neuroretinal rim. The OCT B-scans appear to be macular rather than peripapillary RNFL scans; they show relatively preserved retinal layers without obvious thinning or structural changes typical of glaucomatous damage, but they are not the ideal modality for evaluating glaucoma. Because the key optic nerve and RNFL features cannot be adequately visualized, glaucoma cannot be confidently identified, so the case is classified as no glaucoma with low confidence based on insufficient structural evidence.""}",0
data/Glaucoma/Test/data_07151.npz,68.78,female,white,non-hispanic,0,1,moderate,"SLO shows a relatively large, vertically elongated cup with apparent thinning of the neuroretinal rim, particularly inferiorly, suggestive of glaucomatous cupping. OCT B-scans through the optic nerve head demonstrate deep excavation and thinning of the peripapillary retinal nerve fiber layer in some sectors, consistent with structural loss. Image quality is adequate and the two modalities agree on optic nerve head excavation, supporting glaucoma, though absence of quantitative data and visual fields limits certainty.","{""glaucoma_detected"": 1, ""confidence"": ""moderate"", ""reasoning"": ""SLO shows a relatively large, vertically elongated cup with apparent thinning of the neuroretinal rim, particularly inferiorly, suggestive of glaucomatous cupping. OCT B-scans through the optic nerve head demonstrate deep excavation and thinning of the peripapillary retinal nerve fiber layer in some sectors, consistent with structural loss. Image quality is adequate and the two modalities agree on optic nerve head excavation, supporting glaucoma, though absence of quantitative data and visual fields limits certainty.""}",0
data/Glaucoma/Test/data_07152.npz,68.88,male,black,non-hispanic,1,1,moderate,"Fundus/SLO shows a markedly excavated optic nerve head with a large central cup and relatively thin neuroretinal rim, suggesting glaucomatous cupping. OCT B-scans through the disc demonstrate deep cupping and loss of neuroretinal tissue without obvious edema or other non-glaucomatous pathology. RNFL around the macula appears relatively thin but is difficult to quantify due to image noise. Overall structural changes are more consistent with glaucoma than a normal disc, though image quality and lack of quantitative data limit certainty.","{""glaucoma_detected"": 1, ""confidence"": ""moderate"", ""reasoning"": ""Fundus/SLO shows a markedly excavated optic nerve head with a large central cup and relatively thin neuroretinal rim, suggesting glaucomatous cupping. OCT B-scans through the disc demonstrate deep cupping and loss of neuroretinal tissue without obvious edema or other non-glaucomatous pathology. RNFL around the macula appears relatively thin but is difficult to quantify due to image noise. Overall structural changes are more consistent with glaucoma than a normal disc, though image quality and lack of quantitative data limit certainty.""}",1
data/Glaucoma/Test/data_07153.npz,74.12,female,white,non-hispanic,0,0,moderate,"The SLO/fundus image shows a relatively small optic disc with no obvious enlargement of the cup or focal neuroretinal rim thinning; vessels appear to enter and exit in a typical pattern without clear notching or bayoneting. The OCT B-scans through the peripapillary region demonstrate a fairly uniform, intact retinal nerve fiber layer and inner retinal contour without obvious localized thinning, excavation, or laminar changes suggestive of glaucomatous damage. Image quality is adequate and the two modalities are concordant in not showing clear structural glaucomatous changes, so glaucoma is not detected, though absence of quantitative RNFL metrics and visual field data limits certainty.","{""glaucoma_detected"": 0, ""confidence"": ""moderate"", ""reasoning"": ""The SLO/fundus image shows a relatively small optic disc with no obvious enlargement of the cup or focal neuroretinal rim thinning; vessels appear to enter and exit in a typical pattern without clear notching or bayoneting. The OCT B-scans through the peripapillary region demonstrate a fairly uniform, intact retinal nerve fiber layer and inner retinal contour without obvious localized thinning, excavation, or laminar changes suggestive of glaucomatous damage. Image quality is adequate and the two modalities are concordant in not showing clear structural glaucomatous changes, so glaucoma is not detected, though absence of quantitative RNFL metrics and visual field data limits certainty.""}",1
data/Glaucoma/Test/data_07154.npz,62.67,male,white,non-hispanic,0,0,low,"The SLO/fundus image shows an optic nerve head that appears relatively small with no obvious marked cupping or focal neuroretinal rim loss, though image quality and contrast are limited and fine rim details are hard to discern. The evenly spaced OCT B-scans appear to be macular/retinal rather than peripapillary RNFL scans, and they do not show clear thinning patterns or structural defects typical of glaucomatous damage. Because the views are suboptimal for assessing the optic nerve and RNFL, subtle or early glaucoma cannot be excluded, but there is no strong structural evidence of glaucomatous damage in the provided images.","{""glaucoma_detected"": 0, ""confidence"": ""low"", ""reasoning"": ""The SLO/fundus image shows an optic nerve head that appears relatively small with no obvious marked cupping or focal neuroretinal rim loss, though image quality and contrast are limited and fine rim details are hard to discern. The evenly spaced OCT B-scans appear to be macular/retinal rather than peripapillary RNFL scans, and they do not show clear thinning patterns or structural defects typical of glaucomatous damage. Because the views are suboptimal for assessing the optic nerve and RNFL, subtle or early glaucoma cannot be excluded, but there is no strong structural evidence of glaucomatous damage in the provided images.""}",1
data/Glaucoma/Test/data_07155.npz,72.95,female,white,non-hispanic,0,0,moderate,"The SLO/fundus image shows an optic nerve head with visible vessels and no obvious marked cupping or focal neuroretinal rim loss; the disc does not appear pathologically enlarged or deeply excavated. The OCT B-scans through the macula and peripapillary region show relatively preserved retinal nerve fiber and ganglion cell layers without clear thinning, notching, or structural defects typical of glaucomatous damage. Image quality is adequate and the two modalities are concordant in not suggesting significant glaucomatous structural change, so glaucoma is not detected, though subtle changes cannot be fully excluded from these images alone.","{""glaucoma_detected"": 0, ""confidence"": ""moderate"", ""reasoning"": ""The SLO/fundus image shows an optic nerve head with visible vessels and no obvious marked cupping or focal neuroretinal rim loss; the disc does not appear pathologically enlarged or deeply excavated. The OCT B-scans through the macula and peripapillary region show relatively preserved retinal nerve fiber and ganglion cell layers without clear thinning, notching, or structural defects typical of glaucomatous damage. Image quality is adequate and the two modalities are concordant in not suggesting significant glaucomatous structural change, so glaucoma is not detected, though subtle changes cannot be fully excluded from these images alone.""}",1
data/Glaucoma/Test/data_07156.npz,79.76,female,white,non-hispanic,1,0,moderate,"The SLO/fundus image shows a relatively small optic disc with limited cupping and no obvious focal neuroretinal rim thinning or notching; vessels appear to follow a normal course without clear bayoneting or nasalization. The OCT B-scans through the peripapillary region demonstrate intact retinal layers without obvious diffuse or focal RNFL thinning or nerve fiber layer defects. Image quality is adequate and the two modalities are concordant in not showing characteristic glaucomatous structural damage, so glaucoma is not suggested, though subtle changes cannot be fully excluded from these images alone.","{""glaucoma_detected"": 0, ""confidence"": ""moderate"", ""reasoning"": ""The SLO/fundus image shows a relatively small optic disc with limited cupping and no obvious focal neuroretinal rim thinning or notching; vessels appear to follow a normal course without clear bayoneting or nasalization. The OCT B-scans through the peripapillary region demonstrate intact retinal layers without obvious diffuse or focal RNFL thinning or nerve fiber layer defects. Image quality is adequate and the two modalities are concordant in not showing characteristic glaucomatous structural damage, so glaucoma is not suggested, though subtle changes cannot be fully excluded from these images alone.""}",0
data/Glaucoma/Test/data_07157.npz,68.83,female,white,non-hispanic,1,0,moderate,"The SLO/fundus image shows an optic nerve head with a visible cup but no obvious marked enlargement or focal neuroretinal rim loss; peripapillary area does not show clear RNFL wedge defects or pronounced thinning. The OCT B-scans provided are macular/retinal cross-sections rather than peripapillary RNFL or ONH scans, and they do not demonstrate obvious inner retinal or RNFL thinning suggestive of glaucomatous damage. Image quality is somewhat noisy, limiting fine assessment, but based on the available structural information there is insufficient evidence of glaucomatous change, so glaucoma is not detected in this case.","{""glaucoma_detected"": 0, ""confidence"": ""moderate"", ""reasoning"": ""The SLO/fundus image shows an optic nerve head with a visible cup but no obvious marked enlargement or focal neuroretinal rim loss; peripapillary area does not show clear RNFL wedge defects or pronounced thinning. The OCT B-scans provided are macular/retinal cross-sections rather than peripapillary RNFL or ONH scans, and they do not demonstrate obvious inner retinal or RNFL thinning suggestive of glaucomatous damage. Image quality is somewhat noisy, limiting fine assessment, but based on the available structural information there is insufficient evidence of glaucomatous change, so glaucoma is not detected in this case.""}",0
data/Glaucoma/Test/data_07158.npz,59.71,male,white,non-hispanic,1,0,low,"Fundus/SLO image of the optic nerve head is low contrast and noisy, making assessment of cup size and neuroretinal rim difficult; no clear large cupping or focal rim loss is evident, but details are poorly visualized. The OCT B-scans appear to be macular/retinal scans rather than peripapillary RNFL or ONH scans, so they provide limited direct information about glaucomatous structural damage; retinal layers look generally intact without obvious thinning or defects. Due to suboptimal imaging and lack of dedicated RNFL/ONH OCT, glaucoma cannot be confidently identified, but no definite glaucomatous structural changes are visible, so glaucoma is not detected with low confidence.","{""glaucoma_detected"": 0, ""confidence"": ""low"", ""reasoning"": ""Fundus/SLO image of the optic nerve head is low contrast and noisy, making assessment of cup size and neuroretinal rim difficult; no clear large cupping or focal rim loss is evident, but details are poorly visualized. The OCT B-scans appear to be macular/retinal scans rather than peripapillary RNFL or ONH scans, so they provide limited direct information about glaucomatous structural damage; retinal layers look generally intact without obvious thinning or defects. Due to suboptimal imaging and lack of dedicated RNFL/ONH OCT, glaucoma cannot be confidently identified, but no definite glaucomatous structural changes are visible, so glaucoma is not detected with low confidence.""}",0
data/Glaucoma/Test/data_07159.npz,87.41,female,white,non-hispanic,1,0,low,"Fundus/SLO image is low contrast and small, making detailed assessment of optic nerve cupping and neuroretinal rim difficult. The disc appears relatively small without obvious marked cupping or focal rim loss, but features are indistinct. OCT B-scans show the peripapillary region and macula with relatively uniform retinal nerve fiber and inner retinal layers, without clear localized thinning, notching, or excavation typical of glaucomatous damage. Image quality and limited visualization reduce certainty, but available structural information does not convincingly demonstrate glaucomatous changes, so glaucoma is not detected in this case.","{""glaucoma_detected"": 0, ""confidence"": ""low"", ""reasoning"": ""Fundus/SLO image is low contrast and small, making detailed assessment of optic nerve cupping and neuroretinal rim difficult. The disc appears relatively small without obvious marked cupping or focal rim loss, but features are indistinct. OCT B-scans show the peripapillary region and macula with relatively uniform retinal nerve fiber and inner retinal layers, without clear localized thinning, notching, or excavation typical of glaucomatous damage. Image quality and limited visualization reduce certainty, but available structural information does not convincingly demonstrate glaucomatous changes, so glaucoma is not detected in this case.""}",0
data/Glaucoma/Test/data_07160.npz,57.19,female,white,non-hispanic,0,0,low,"Fundus/SLO image shows an optic nerve head with only mild cupping and no obvious focal neuroretinal rim thinning or notching, but image quality is limited and details of the rim are difficult to assess. The OCT B-scans provided appear to be macular scans rather than peripapillary RNFL scans, so they do not clearly show RNFL thinning or glaucomatous structural loss. Because key glaucoma indicators (precise rim configuration, RNFL thickness around the disc) cannot be reliably evaluated, glaucoma cannot be confidently identified and is judged absent on the available images, with low confidence due to significant uncertainty.","{""glaucoma_detected"": 0, ""confidence"": ""low"", ""reasoning"": ""Fundus/SLO image shows an optic nerve head with only mild cupping and no obvious focal neuroretinal rim thinning or notching, but image quality is limited and details of the rim are difficult to assess. The OCT B-scans provided appear to be macular scans rather than peripapillary RNFL scans, so they do not clearly show RNFL thinning or glaucomatous structural loss. Because key glaucoma indicators (precise rim configuration, RNFL thickness around the disc) cannot be reliably evaluated, glaucoma cannot be confidently identified and is judged absent on the available images, with low confidence due to significant uncertainty.""}",1
data/Glaucoma/Test/data_07161.npz,34.68,female,white,non-hispanic,1,0,moderate,"The SLO/fundus image shows an optic nerve head without obvious pathologic cupping or focal neuroretinal rim loss, though contrast is limited. The OCT B-scans through the peripapillary region demonstrate a relatively intact retinal nerve fiber layer and neuroretinal rim contour without clear thinning, excavation, or laminar deformity suggestive of glaucomatous damage. Image noise and lack of quantitative data reduce certainty, but structural findings across both modalities are more consistent with non-glaucomatous anatomy than with glaucoma.","{""glaucoma_detected"": 0, ""confidence"": ""moderate"", ""reasoning"": ""The SLO/fundus image shows an optic nerve head without obvious pathologic cupping or focal neuroretinal rim loss, though contrast is limited. The OCT B-scans through the peripapillary region demonstrate a relatively intact retinal nerve fiber layer and neuroretinal rim contour without clear thinning, excavation, or laminar deformity suggestive of glaucomatous damage. Image noise and lack of quantitative data reduce certainty, but structural findings across both modalities are more consistent with non-glaucomatous anatomy than with glaucoma.""}",0
data/Glaucoma/Test/data_07162.npz,81.84,female,white,non-hispanic,1,0,moderate,"The SLO/fundus image shows a relatively small optic disc with limited visible cupping and no obvious neuroretinal rim thinning or focal notching. Peripapillary RNFL striations appear reasonably preserved without clear wedge defects. The OCT B-scans, while somewhat noisy and focused on the macula rather than the optic nerve, show normal retinal layering without evident diffuse RNFL thinning or structural changes typically associated with glaucoma. Given the absence of clear glaucomatous optic nerve or RNFL damage on the available images, glaucoma is not detected, though image quality and lack of dedicated ONH/RNFL scans limit certainty.","{""glaucoma_detected"": 0, ""confidence"": ""moderate"", ""reasoning"": ""The SLO/fundus image shows a relatively small optic disc with limited visible cupping and no obvious neuroretinal rim thinning or focal notching. Peripapillary RNFL striations appear reasonably preserved without clear wedge defects. The OCT B-scans, while somewhat noisy and focused on the macula rather than the optic nerve, show normal retinal layering without evident diffuse RNFL thinning or structural changes typically associated with glaucoma. Given the absence of clear glaucomatous optic nerve or RNFL damage on the available images, glaucoma is not detected, though image quality and lack of dedicated ONH/RNFL scans limit certainty.""}",0
data/Glaucoma/Test/data_07163.npz,76.14,female,white,non-hispanic,0,0,moderate,"The SLO/fundus image shows an optic nerve head with relatively small cup and preserved neuroretinal rim without obvious focal notching or marked cupping. Peripapillary RNFL striations appear reasonably intact. The evenly spaced OCT B-scans through the macula and optic nerve show normal retinal layering and a disc profile without clear thinning of the peripapillary RNFL or deep excavation of the cup. No obvious structural glaucomatous damage is visible in these images, though subtle changes cannot be excluded without quantitative analysis or visual field data.","{""glaucoma_detected"": 0, ""confidence"": ""moderate"", ""reasoning"": ""The SLO/fundus image shows an optic nerve head with relatively small cup and preserved neuroretinal rim without obvious focal notching or marked cupping. Peripapillary RNFL striations appear reasonably intact. The evenly spaced OCT B-scans through the macula and optic nerve show normal retinal layering and a disc profile without clear thinning of the peripapillary RNFL or deep excavation of the cup. No obvious structural glaucomatous damage is visible in these images, though subtle changes cannot be excluded without quantitative analysis or visual field data.""}",1
data/Glaucoma/Test/data_07164.npz,53.42,female,white,non-hispanic,0,0,moderate,"The SLO/fundus image shows an optic nerve head without obvious marked cupping or focal neuroretinal rim loss; vessel configuration and peripapillary area appear relatively preserved. The OCT B-scans demonstrate a generally intact retinal nerve fiber layer and macular architecture without clear thinning or notching suggestive of glaucomatous damage. Image noise and limited views of the optic nerve reduce certainty, but available structural findings do not strongly support glaucoma.","{""glaucoma_detected"": 0, ""confidence"": ""moderate"", ""reasoning"": ""The SLO/fundus image shows an optic nerve head without obvious marked cupping or focal neuroretinal rim loss; vessel configuration and peripapillary area appear relatively preserved. The OCT B-scans demonstrate a generally intact retinal nerve fiber layer and macular architecture without clear thinning or notching suggestive of glaucomatous damage. Image noise and limited views of the optic nerve reduce certainty, but available structural findings do not strongly support glaucoma.""}",1
data/Glaucoma/Test/data_07165.npz,25.16,female,white,non-hispanic,1,0,moderate,"The SLO/fundus image shows an optic nerve head with a relatively small cup and preserved neuroretinal rim without obvious focal thinning or notching. Vessels follow a normal course without clear signs of glaucomatous cupping. The OCT B-scans through the peripapillary region demonstrate a continuous, reasonably thick retinal nerve fiber layer without localized defects or generalized thinning typical of glaucoma. Image noise is present but structural details are still appreciable, and there is no strong discordance between fundus and OCT findings. Given these structural appearances, glaucoma is unlikely, though subtle early changes cannot be fully excluded from these images alone.","{""glaucoma_detected"": 0, ""confidence"": ""moderate"", ""reasoning"": ""The SLO/fundus image shows an optic nerve head with a relatively small cup and preserved neuroretinal rim without obvious focal thinning or notching. Vessels follow a normal course without clear signs of glaucomatous cupping. The OCT B-scans through the peripapillary region demonstrate a continuous, reasonably thick retinal nerve fiber layer without localized defects or generalized thinning typical of glaucoma. Image noise is present but structural details are still appreciable, and there is no strong discordance between fundus and OCT findings. Given these structural appearances, glaucoma is unlikely, though subtle early changes cannot be fully excluded from these images alone.""}",0
data/Glaucoma/Test/data_07166.npz,76.61,female,white,non-hispanic,1,0,low,"The SLO/fundus image is low contrast and does not clearly show the optic disc, cup, or neuroretinal rim, making assessment of cupping or rim thinning difficult. The OCT B-scans provided appear to be macular scans rather than peripapillary RNFL scans, and they do not show obvious focal thinning or structural loss typical of glaucomatous damage. Because key glaucoma-related structures are poorly visualized and the modalities do not provide clear evidence of RNFL or optic nerve head damage, glaucoma cannot be confidently identified in this case, so it is classified as not detected with low confidence due to limited image quality and incomplete structural information.","{""glaucoma_detected"": 0, ""confidence"": ""low"", ""reasoning"": ""The SLO/fundus image is low contrast and does not clearly show the optic disc, cup, or neuroretinal rim, making assessment of cupping or rim thinning difficult. The OCT B-scans provided appear to be macular scans rather than peripapillary RNFL scans, and they do not show obvious focal thinning or structural loss typical of glaucomatous damage. Because key glaucoma-related structures are poorly visualized and the modalities do not provide clear evidence of RNFL or optic nerve head damage, glaucoma cannot be confidently identified in this case, so it is classified as not detected with low confidence due to limited image quality and incomplete structural information.""}",0
data/Glaucoma/Test/data_07167.npz,74.37,female,white,non-hispanic,0,0,moderate,"The SLO/fundus image shows a relatively small optic disc with limited cupping and a preserved neuroretinal rim without obvious focal thinning or notching. Vessels follow a normal course without marked bayoneting or nasalization. The OCT B-scans provided appear to be macular scans rather than peripapillary RNFL; they show intact retinal layers without clear thinning or structural loss typical of glaucomatous damage. Image quality is somewhat noisy and RNFL around the disc is not directly visualized, so subtle glaucoma cannot be excluded, but there is no convincing structural evidence of glaucomatous optic neuropathy in the available images.","{""glaucoma_detected"": 0, ""confidence"": ""moderate"", ""reasoning"": ""The SLO/fundus image shows a relatively small optic disc with limited cupping and a preserved neuroretinal rim without obvious focal thinning or notching. Vessels follow a normal course without marked bayoneting or nasalization. The OCT B-scans provided appear to be macular scans rather than peripapillary RNFL; they show intact retinal layers without clear thinning or structural loss typical of glaucomatous damage. Image quality is somewhat noisy and RNFL around the disc is not directly visualized, so subtle glaucoma cannot be excluded, but there is no convincing structural evidence of glaucomatous optic neuropathy in the available images.""}",1
data/Glaucoma/Test/data_07168.npz,59.26,male,white,non-hispanic,0,0,moderate,"The SLO/fundus image shows a relatively small optic disc with only mild cupping and a preserved neuroretinal rim without obvious focal thinning or notching. Peripapillary RNFL striations appear fairly uniform without clear localized defects. The OCT B-scans, while somewhat noisy and macular rather than peripapillary, do not show obvious thinning or structural loss suggestive of glaucomatous damage. Given the limitations of image quality and absence of quantitative RNFL or ONH metrics, glaucoma cannot be confirmed from these images alone, so it is more consistent with no definite glaucomatous structural damage.","{""glaucoma_detected"": 0, ""confidence"": ""moderate"", ""reasoning"": ""The SLO/fundus image shows a relatively small optic disc with only mild cupping and a preserved neuroretinal rim without obvious focal thinning or notching. Peripapillary RNFL striations appear fairly uniform without clear localized defects. The OCT B-scans, while somewhat noisy and macular rather than peripapillary, do not show obvious thinning or structural loss suggestive of glaucomatous damage. Given the limitations of image quality and absence of quantitative RNFL or ONH metrics, glaucoma cannot be confirmed from these images alone, so it is more consistent with no definite glaucomatous structural damage.""}",1
data/Glaucoma/Test/data_07169.npz,81.62,female,black,non-hispanic,1,0,low,"Fundus/SLO image is very dim and low resolution, making assessment of optic nerve head cupping and neuroretinal rim difficult; no clear glaucomatous excavation or rim thinning can be confidently identified. The OCT B-scans provided appear to be macular rather than peripapillary RNFL scans, and show relatively preserved retinal layers without obvious thinning or structural loss typical of advanced glaucoma. Due to poor image quality and lack of clear optic nerve/RNFL data, glaucoma cannot be reliably confirmed, so it is classified as not detected with low confidence.","{""glaucoma_detected"": 0, ""confidence"": ""low"", ""reasoning"": ""Fundus/SLO image is very dim and low resolution, making assessment of optic nerve head cupping and neuroretinal rim difficult; no clear glaucomatous excavation or rim thinning can be confidently identified. The OCT B-scans provided appear to be macular rather than peripapillary RNFL scans, and show relatively preserved retinal layers without obvious thinning or structural loss typical of advanced glaucoma. Due to poor image quality and lack of clear optic nerve/RNFL data, glaucoma cannot be reliably confirmed, so it is classified as not detected with low confidence.""}",0
data/Glaucoma/Test/data_07170.npz,62.21,male,white,non-hispanic,0,0,moderate,"The SLO/fundus image shows an optic nerve head with relatively normal-appearing cupping and preserved neuroretinal rim; no obvious focal notching or peripapillary RNFL defects are visible. The OCT B-scans demonstrate normal retinal layering without clear thinning or excavation of the peripapillary RNFL or optic nerve head region. Image quality is adequate and the two modalities are concordant in not showing structural glaucomatous damage, so glaucoma is not detected, though absence of quantitative data and visual fields limits certainty.","{""glaucoma_detected"": 0, ""confidence"": ""moderate"", ""reasoning"": ""The SLO/fundus image shows an optic nerve head with relatively normal-appearing cupping and preserved neuroretinal rim; no obvious focal notching or peripapillary RNFL defects are visible. The OCT B-scans demonstrate normal retinal layering without clear thinning or excavation of the peripapillary RNFL or optic nerve head region. Image quality is adequate and the two modalities are concordant in not showing structural glaucomatous damage, so glaucoma is not detected, though absence of quantitative data and visual fields limits certainty.""}",1
data/Glaucoma/Test/data_07171.npz,55.1,female,white,non-hispanic,0,0,moderate,"The SLO/fundus image shows an optic nerve head without obvious marked cupping or neuroretinal rim loss, though contrast is limited. The OCT B-scans through the disc demonstrate a physiologic cup with preserved neuroretinal rim and no clear focal thinning or notching of the RNFL or neuroretinal rim. Overall structural appearance is more consistent with a normal optic nerve than glaucomatous damage, but image noise and lack of quantitative data introduce some uncertainty.","{""glaucoma_detected"": 0, ""confidence"": ""moderate"", ""reasoning"": ""The SLO/fundus image shows an optic nerve head without obvious marked cupping or neuroretinal rim loss, though contrast is limited. The OCT B-scans through the disc demonstrate a physiologic cup with preserved neuroretinal rim and no clear focal thinning or notching of the RNFL or neuroretinal rim. Overall structural appearance is more consistent with a normal optic nerve than glaucomatous damage, but image noise and lack of quantitative data introduce some uncertainty.""}",1
data/Glaucoma/Test/data_07172.npz,60.02,male,white,non-hispanic,1,0,moderate,"The SLO/fundus image shows a relatively small optic nerve head without obvious enlargement of the cup or marked neuroretinal rim thinning. No clear localized RNFL defects are visible. The OCT B-scans through the macula and optic nerve region show preserved retinal layers and do not demonstrate obvious thinning or excavation of the neuroretinal rim or peripapillary RNFL that would strongly suggest glaucomatous damage. Image quality is adequate, and the two modalities are concordant in not showing clear glaucomatous structural changes, though fine RNFL loss cannot be fully excluded from these views.","{""glaucoma_detected"": 0, ""confidence"": ""moderate"", ""reasoning"": ""The SLO/fundus image shows a relatively small optic nerve head without obvious enlargement of the cup or marked neuroretinal rim thinning. No clear localized RNFL defects are visible. The OCT B-scans through the macula and optic nerve region show preserved retinal layers and do not demonstrate obvious thinning or excavation of the neuroretinal rim or peripapillary RNFL that would strongly suggest glaucomatous damage. Image quality is adequate, and the two modalities are concordant in not showing clear glaucomatous structural changes, though fine RNFL loss cannot be fully excluded from these views.""}",0
data/Glaucoma/Test/data_07173.npz,34.87,female,white,non-hispanic,0,0,moderate,"The SLO/fundus image shows a relatively small optic nerve head without obvious pathologic cupping or marked neuroretinal rim thinning; vessels enter and exit centrally without clear signs of glaucomatous excavation. The OCT B-scans through the disc demonstrate a normal-appearing optic nerve head contour and peripapillary retinal nerve fiber layer thickness without focal thinning or notching. Image quality is adequate and the two modalities are concordant in not showing structural glaucomatous damage, so glaucoma is not detected, though absence of quantitative RNFL data and visual fields limits certainty.","{""glaucoma_detected"": 0, ""confidence"": ""moderate"", ""reasoning"": ""The SLO/fundus image shows a relatively small optic nerve head without obvious pathologic cupping or marked neuroretinal rim thinning; vessels enter and exit centrally without clear signs of glaucomatous excavation. The OCT B-scans through the disc demonstrate a normal-appearing optic nerve head contour and peripapillary retinal nerve fiber layer thickness without focal thinning or notching. Image quality is adequate and the two modalities are concordant in not showing structural glaucomatous damage, so glaucoma is not detected, though absence of quantitative RNFL data and visual fields limits certainty.""}",1
data/Glaucoma/Test/data_07174.npz,69.92,female,white,non-hispanic,1,0,moderate,"The SLO/fundus image shows a small, crowded optic nerve head without obvious large cupping or focal neuroretinal rim loss. The OCT B-scans through the disc demonstrate a prominent, elevated nerve head with minimal excavation of the cup and no clear thinning or loss of peripapillary retinal nerve fiber layer; the RNFL contour appears relatively preserved across scans. Overall, structural findings are more consistent with a small, non-glaucomatous disc than glaucomatous optic neuropathy, though image noise and limited views introduce some uncertainty.","{""glaucoma_detected"": 0, ""confidence"": ""moderate"", ""reasoning"": ""The SLO/fundus image shows a small, crowded optic nerve head without obvious large cupping or focal neuroretinal rim loss. The OCT B-scans through the disc demonstrate a prominent, elevated nerve head with minimal excavation of the cup and no clear thinning or loss of peripapillary retinal nerve fiber layer; the RNFL contour appears relatively preserved across scans. Overall, structural findings are more consistent with a small, non-glaucomatous disc than glaucomatous optic neuropathy, though image noise and limited views introduce some uncertainty.""}",0
data/Glaucoma/Test/data_07175.npz,76.19,male,white,non-hispanic,0,0,moderate,"The SLO/fundus image shows an optic nerve head with relatively preserved neuroretinal rim and no obvious pathologic cupping or focal rim thinning; vessel course appears normal without clear bayoneting or disc hemorrhage. The OCT B-scans, taken across the posterior pole, demonstrate intact retinal layers without obvious localized RNFL thinning, deep cupping, or peripapillary atrophy patterns suggestive of glaucomatous damage. Image quality is adequate, and the two modalities are concordant in not showing clear structural glaucomatous changes, though absence of quantitative RNFL or ONH metrics limits certainty.","{""glaucoma_detected"": 0, ""confidence"": ""moderate"", ""reasoning"": ""The SLO/fundus image shows an optic nerve head with relatively preserved neuroretinal rim and no obvious pathologic cupping or focal rim thinning; vessel course appears normal without clear bayoneting or disc hemorrhage. The OCT B-scans, taken across the posterior pole, demonstrate intact retinal layers without obvious localized RNFL thinning, deep cupping, or peripapillary atrophy patterns suggestive of glaucomatous damage. Image quality is adequate, and the two modalities are concordant in not showing clear structural glaucomatous changes, though absence of quantitative RNFL or ONH metrics limits certainty.""}",1
data/Glaucoma/Test/data_07176.npz,53.77,male,asian,non-hispanic,0,1,moderate,"The SLO/fundus image shows a deeply excavated optic nerve head with pronounced cupping and a relatively thin neuroretinal rim, suggestive of glaucomatous optic neuropathy. The OCT B-scans through the disc demonstrate a steep, deep cup with apparent thinning of the neuroretinal tissue adjacent to the cup, consistent with structural loss. Image quality is adequate, but RNFL thickness maps are not available, so assessment of diffuse versus localized loss is limited. Overall, the concordant appearance of a deep cup and reduced rim on both modalities supports glaucoma, though absence of quantitative data and functional testing lowers confidence.","{""glaucoma_detected"": 1, ""confidence"": ""moderate"", ""reasoning"": ""The SLO/fundus image shows a deeply excavated optic nerve head with pronounced cupping and a relatively thin neuroretinal rim, suggestive of glaucomatous optic neuropathy. The OCT B-scans through the disc demonstrate a steep, deep cup with apparent thinning of the neuroretinal tissue adjacent to the cup, consistent with structural loss. Image quality is adequate, but RNFL thickness maps are not available, so assessment of diffuse versus localized loss is limited. Overall, the concordant appearance of a deep cup and reduced rim on both modalities supports glaucoma, though absence of quantitative data and functional testing lowers confidence.""}",0
data/Glaucoma/Test/data_07177.npz,76.64,female,white,non-hispanic,0,0,moderate,"SLO/fundus image shows a relatively small optic disc with limited cupping and a preserved neuroretinal rim without obvious focal thinning or notching. Vessels appear to follow a normal course without bayoneting or marked disc hemorrhages. The OCT B-scans through the optic nerve head show a normal-appearing contour without deep excavation or marked thinning of peripapillary retinal nerve fiber layer; lamina cribrosa and cup do not appear pathologically enlarged. Image quality is adequate and the two modalities are concordant in not showing clear glaucomatous structural damage, so glaucoma is not detected, though absence of quantitative RNFL data and visual fields limits certainty.","{""glaucoma_detected"": 0, ""confidence"": ""moderate"", ""reasoning"": ""SLO/fundus image shows a relatively small optic disc with limited cupping and a preserved neuroretinal rim without obvious focal thinning or notching. Vessels appear to follow a normal course without bayoneting or marked disc hemorrhages. The OCT B-scans through the optic nerve head show a normal-appearing contour without deep excavation or marked thinning of peripapillary retinal nerve fiber layer; lamina cribrosa and cup do not appear pathologically enlarged. Image quality is adequate and the two modalities are concordant in not showing clear glaucomatous structural damage, so glaucoma is not detected, though absence of quantitative RNFL data and visual fields limits certainty.""}",1
data/Glaucoma/Test/data_07178.npz,51.44,male,white,non-hispanic,0,0,moderate,"The SLO/fundus image shows an optic nerve head without obvious marked cupping or focal neuroretinal rim loss; vessels appear to enter and exit in a pattern consistent with a relatively preserved rim. The OCT B-scans through the disc demonstrate a normal-appearing contour of the retinal nerve fiber layer and neuroretinal rim without clear thinning, deep excavation, or lamina cribrosa exposure. Image quality is somewhat noisy, which limits fine assessment, but across both modalities there are no strong structural signs of glaucomatous damage, so glaucoma is not detected in this case based on the available images.","{""glaucoma_detected"": 0, ""confidence"": ""moderate"", ""reasoning"": ""The SLO/fundus image shows an optic nerve head without obvious marked cupping or focal neuroretinal rim loss; vessels appear to enter and exit in a pattern consistent with a relatively preserved rim. The OCT B-scans through the disc demonstrate a normal-appearing contour of the retinal nerve fiber layer and neuroretinal rim without clear thinning, deep excavation, or lamina cribrosa exposure. Image quality is somewhat noisy, which limits fine assessment, but across both modalities there are no strong structural signs of glaucomatous damage, so glaucoma is not detected in this case based on the available images.""}",1
data/Glaucoma/Test/data_07179.npz,52.58,female,black,non-hispanic,1,0,moderate,"The SLO/fundus image shows a relatively normal-appearing optic nerve head without obvious marked cupping, rim thinning, or focal notching; the neuroretinal rim appears preserved circumferentially. The OCT B-scans through the peripapillary region and macula show intact retinal layers without clear thinning or loss of the retinal nerve fiber layer or ganglion cell complex. No structural patterns strongly suggestive of glaucomatous damage are evident. However, image resolution and absence of quantitative data limit certainty, so assessment is made with moderate confidence.","{""glaucoma_detected"": 0, ""confidence"": ""moderate"", ""reasoning"": ""The SLO/fundus image shows a relatively normal-appearing optic nerve head without obvious marked cupping, rim thinning, or focal notching; the neuroretinal rim appears preserved circumferentially. The OCT B-scans through the peripapillary region and macula show intact retinal layers without clear thinning or loss of the retinal nerve fiber layer or ganglion cell complex. No structural patterns strongly suggestive of glaucomatous damage are evident. However, image resolution and absence of quantitative data limit certainty, so assessment is made with moderate confidence.""}",0
data/Glaucoma/Test/data_07180.npz,63.11,male,white,non-hispanic,1,0,moderate,"On the SLO/fundus image, the optic nerve head appears relatively small and round with no obvious large cup or focal neuroretinal rim thinning; vessels follow a normal course without clear notching. There is no visible RNFL defect or wedge-shaped loss. The OCT B-scans show a generally intact retinal architecture and peripapillary nerve fiber layer without obvious thinning or excavation suggestive of glaucomatous damage, though image noise and lack of quantitative maps limit assessment. Overall, structural signs of glaucoma are not clearly present, so glaucoma is not detected, but confidence is moderate due to image quality and absence of quantitative data.","{""glaucoma_detected"": 0, ""confidence"": ""moderate"", ""reasoning"": ""On the SLO/fundus image, the optic nerve head appears relatively small and round with no obvious large cup or focal neuroretinal rim thinning; vessels follow a normal course without clear notching. There is no visible RNFL defect or wedge-shaped loss. The OCT B-scans show a generally intact retinal architecture and peripapillary nerve fiber layer without obvious thinning or excavation suggestive of glaucomatous damage, though image noise and lack of quantitative maps limit assessment. Overall, structural signs of glaucoma are not clearly present, so glaucoma is not detected, but confidence is moderate due to image quality and absence of quantitative data.""}",0
data/Glaucoma/Test/data_07181.npz,62.02,female,white,non-hispanic,1,0,moderate,"The SLO/fundus image shows a relatively small optic disc with limited cupping and a preserved neuroretinal rim without obvious focal thinning or notching. Vessels appear to exit the disc in a normal pattern, and there is no clear peripapillary atrophy or RNFL wedge defect visible. The OCT B-scans demonstrate normal-appearing retinal layers without evident thinning or excavation of the peripapillary RNFL or optic nerve head. Image noise and lack of quantitative RNFL data limit certainty, but structural signs typical of glaucomatous damage are not clearly present, so glaucoma is not detected in this case based on the available images.","{""glaucoma_detected"": 0, ""confidence"": ""moderate"", ""reasoning"": ""The SLO/fundus image shows a relatively small optic disc with limited cupping and a preserved neuroretinal rim without obvious focal thinning or notching. Vessels appear to exit the disc in a normal pattern, and there is no clear peripapillary atrophy or RNFL wedge defect visible. The OCT B-scans demonstrate normal-appearing retinal layers without evident thinning or excavation of the peripapillary RNFL or optic nerve head. Image noise and lack of quantitative RNFL data limit certainty, but structural signs typical of glaucomatous damage are not clearly present, so glaucoma is not detected in this case based on the available images.""}",0
data/Glaucoma/Test/data_07182.npz,57.29,female,white,non-hispanic,0,0,moderate,"The SLO/fundus image shows an optic nerve head with a visible cup but without obvious excessive cupping or marked neuroretinal rim thinning; vessels appear to follow a relatively normal course without clear notching. The OCT B-scans through the disc show a normal-appearing contour of the retinal nerve fiber layer and neuroretinal rim without focal thinning or excavation suggestive of glaucomatous damage. Image quality is adequate and the two modalities are concordant in not showing clear structural glaucomatous changes, so glaucoma is not detected, though subtle early disease cannot be fully excluded.","{""glaucoma_detected"": 0, ""confidence"": ""moderate"", ""reasoning"": ""The SLO/fundus image shows an optic nerve head with a visible cup but without obvious excessive cupping or marked neuroretinal rim thinning; vessels appear to follow a relatively normal course without clear notching. The OCT B-scans through the disc show a normal-appearing contour of the retinal nerve fiber layer and neuroretinal rim without focal thinning or excavation suggestive of glaucomatous damage. Image quality is adequate and the two modalities are concordant in not showing clear structural glaucomatous changes, so glaucoma is not detected, though subtle early disease cannot be fully excluded.""}",1
data/Glaucoma/Test/data_07183.npz,59.26,female,white,non-hispanic,0,0,moderate,"SLO/fundus image shows an optic nerve head with relatively small cup and preserved neuroretinal rim without obvious focal thinning or notching. Peripapillary area does not show clear RNFL defects or wedge-shaped loss. OCT B-scans demonstrate normal-appearing retinal layers without evident thinning or structural excavation around the disc. Image quality is adequate and the two modalities are concordant in not showing typical glaucomatous changes, so glaucoma is not suggested, though absence of quantitative RNFL data and visual fields limits certainty.","{""glaucoma_detected"": 0, ""confidence"": ""moderate"", ""reasoning"": ""SLO/fundus image shows an optic nerve head with relatively small cup and preserved neuroretinal rim without obvious focal thinning or notching. Peripapillary area does not show clear RNFL defects or wedge-shaped loss. OCT B-scans demonstrate normal-appearing retinal layers without evident thinning or structural excavation around the disc. Image quality is adequate and the two modalities are concordant in not showing typical glaucomatous changes, so glaucoma is not suggested, though absence of quantitative RNFL data and visual fields limits certainty.""}",1
data/Glaucoma/Test/data_07184.npz,75.36,female,white,non-hispanic,1,0,low,"The SLO/fundus image is low contrast and does not clearly show the optic nerve head or neuroretinal rim, making assessment of cupping difficult. The OCT B-scans provided appear to be macular rather than peripapillary RNFL scans, and they show relatively preserved retinal layers without obvious thinning or structural defects typical of glaucomatous damage. Because key glaucoma-specific structures (optic disc, RNFL around disc) are poorly visualized, there is substantial uncertainty, but based on the available structural information there is no definite evidence of glaucomatous damage, so glaucoma is not detected in this case.","{""glaucoma_detected"": 0, ""confidence"": ""low"", ""reasoning"": ""The SLO/fundus image is low contrast and does not clearly show the optic nerve head or neuroretinal rim, making assessment of cupping difficult. The OCT B-scans provided appear to be macular rather than peripapillary RNFL scans, and they show relatively preserved retinal layers without obvious thinning or structural defects typical of glaucomatous damage. Because key glaucoma-specific structures (optic disc, RNFL around disc) are poorly visualized, there is substantial uncertainty, but based on the available structural information there is no definite evidence of glaucomatous damage, so glaucoma is not detected in this case.""}",0
data/Glaucoma/Test/data_07185.npz,78.66,female,black,non-hispanic,0,0,low,"The SLO/fundus image shows an optic nerve head that is difficult to assess due to low contrast and small size; clear cupping or neuroretinal rim thinning cannot be reliably identified. The OCT B-scans provided are macular/retinal cross-sections rather than peripapillary RNFL scans, so they do not show the optic nerve or RNFL thickness pattern typically used for glaucoma assessment. No obvious structural glaucomatous changes are visible in these macular scans. Because of limited visualization of the optic disc and lack of RNFL data, glaucoma cannot be confidently diagnosed, so glaucoma is not detected but with low confidence.","{""glaucoma_detected"": 0, ""confidence"": ""low"", ""reasoning"": ""The SLO/fundus image shows an optic nerve head that is difficult to assess due to low contrast and small size; clear cupping or neuroretinal rim thinning cannot be reliably identified. The OCT B-scans provided are macular/retinal cross-sections rather than peripapillary RNFL scans, so they do not show the optic nerve or RNFL thickness pattern typically used for glaucoma assessment. No obvious structural glaucomatous changes are visible in these macular scans. Because of limited visualization of the optic disc and lack of RNFL data, glaucoma cannot be confidently diagnosed, so glaucoma is not detected but with low confidence.""}",1
data/Glaucoma/Test/data_07186.npz,58.44,female,white,non-hispanic,1,0,moderate,"The SLO/fundus image shows an optic nerve head without obvious marked cupping or focal neuroretinal rim loss; vessels appear to follow a relatively normal course without clear bayoneting or notching. The OCT B-scans across the posterior pole demonstrate a generally intact retinal nerve fiber layer and inner retinal architecture, without clear localized thinning, step defects, or excavation near the disc that would strongly suggest glaucomatous damage. Image quality is somewhat noisy, which limits fine assessment, but based on visible structures there is no convincing glaucomatous pattern, so glaucoma is not detected, with moderate confidence due to these limitations.","{""glaucoma_detected"": 0, ""confidence"": ""moderate"", ""reasoning"": ""The SLO/fundus image shows an optic nerve head without obvious marked cupping or focal neuroretinal rim loss; vessels appear to follow a relatively normal course without clear bayoneting or notching. The OCT B-scans across the posterior pole demonstrate a generally intact retinal nerve fiber layer and inner retinal architecture, without clear localized thinning, step defects, or excavation near the disc that would strongly suggest glaucomatous damage. Image quality is somewhat noisy, which limits fine assessment, but based on visible structures there is no convincing glaucomatous pattern, so glaucoma is not detected, with moderate confidence due to these limitations.""}",0
data/Glaucoma/Test/data_07187.npz,58.64,female,white,non-hispanic,0,0,low,"Fundus/SLO image is very dark and low contrast, with the optic nerve head poorly visualized; cupping and neuroretinal rim cannot be reliably assessed. The OCT B-scans are also noisy and appear to be macular rather than optic nerve scans, so retinal nerve fiber layer thickness around the disc cannot be evaluated. Due to limited visualization and absence of clear glaucomatous structural changes, glaucoma is not detected, but image quality makes this assessment uncertain.","{""glaucoma_detected"": 0, ""confidence"": ""low"", ""reasoning"": ""Fundus/SLO image is very dark and low contrast, with the optic nerve head poorly visualized; cupping and neuroretinal rim cannot be reliably assessed. The OCT B-scans are also noisy and appear to be macular rather than optic nerve scans, so retinal nerve fiber layer thickness around the disc cannot be evaluated. Due to limited visualization and absence of clear glaucomatous structural changes, glaucoma is not detected, but image quality makes this assessment uncertain.""}",1
data/Glaucoma/Test/data_07188.npz,60.38,female,asian,non-hispanic,1,0,low,"Fundus/SLO image shows an optic nerve head without clearly visible marked cupping or obvious neuroretinal rim thinning, but image quality and contrast are limited, making detailed assessment of rim and cup difficult. The OCT B-scans provided appear to be peripapillary or macular cross-sections with relatively preserved retinal nerve fiber layer and inner retinal contours, without obvious focal thinning or notching; however, they are noisy and lack quantitative RNFL maps, reducing reliability. Given the absence of clear structural glaucomatous damage but significant limitations in image quality and completeness, glaucoma is not detected, though uncertainty remains high.","{""glaucoma_detected"": 0, ""confidence"": ""low"", ""reasoning"": ""Fundus/SLO image shows an optic nerve head without clearly visible marked cupping or obvious neuroretinal rim thinning, but image quality and contrast are limited, making detailed assessment of rim and cup difficult. The OCT B-scans provided appear to be peripapillary or macular cross-sections with relatively preserved retinal nerve fiber layer and inner retinal contours, without obvious focal thinning or notching; however, they are noisy and lack quantitative RNFL maps, reducing reliability. Given the absence of clear structural glaucomatous damage but significant limitations in image quality and completeness, glaucoma is not detected, though uncertainty remains high.""}",0
data/Glaucoma/Test/data_07189.npz,79.93,male,black,non-hispanic,1,0,low,"Fundus/SLO image is very dark with poor contrast, making assessment of optic nerve head cupping and neuroretinal rim difficult. The OCT B-scans provided appear to be macular rather than optic nerve scans, and show relatively preserved retinal layers without obvious RNFL thinning or structural glaucomatous damage. Due to limited visualization of the optic disc and lack of clear glaucomatous changes on OCT, glaucoma cannot be confidently identified, but image quality and scan type significantly reduce diagnostic certainty.","{""glaucoma_detected"": 0, ""confidence"": ""low"", ""reasoning"": ""Fundus/SLO image is very dark with poor contrast, making assessment of optic nerve head cupping and neuroretinal rim difficult. The OCT B-scans provided appear to be macular rather than optic nerve scans, and show relatively preserved retinal layers without obvious RNFL thinning or structural glaucomatous damage. Due to limited visualization of the optic disc and lack of clear glaucomatous changes on OCT, glaucoma cannot be confidently identified, but image quality and scan type significantly reduce diagnostic certainty.""}",0
data/Glaucoma/Test/data_07190.npz,61.41,female,black,non-hispanic,1,0,low,"The SLO/fundus image is very dark with limited visibility of the optic nerve head; cupping and neuroretinal rim cannot be reliably assessed. The OCT B-scans provided appear to be macular rather than peripapillary RNFL scans, and they show relatively preserved retinal layers without obvious thinning or structural glaucomatous damage. Because the key glaucoma-related structures (optic disc and RNFL around the disc) are not clearly visualized, assessment is highly uncertain, but there is no definite structural evidence of glaucoma in the available images, so glaucoma is not detected.","{""glaucoma_detected"": 0, ""confidence"": ""low"", ""reasoning"": ""The SLO/fundus image is very dark with limited visibility of the optic nerve head; cupping and neuroretinal rim cannot be reliably assessed. The OCT B-scans provided appear to be macular rather than peripapillary RNFL scans, and they show relatively preserved retinal layers without obvious thinning or structural glaucomatous damage. Because the key glaucoma-related structures (optic disc and RNFL around the disc) are not clearly visualized, assessment is highly uncertain, but there is no definite structural evidence of glaucoma in the available images, so glaucoma is not detected.""}",0
data/Glaucoma/Test/data_07191.npz,70.16,male,asian,non-hispanic,1,0,low,"Fundus/SLO image shows an optic nerve head with only mild cupping and a relatively preserved neuroretinal rim, without obvious focal rim thinning or notching. The OCT B-scans provided are macular/retinal cross-sections rather than peripapillary RNFL scans, and they do not clearly demonstrate RNFL loss or other glaucomatous structural changes. Image quality and modality selection limit assessment of glaucoma-specific structures, so absence of clear damage leads to a cautious classification of no glaucoma, with low confidence due to limited and suboptimal data.","{""glaucoma_detected"": 0, ""confidence"": ""low"", ""reasoning"": ""Fundus/SLO image shows an optic nerve head with only mild cupping and a relatively preserved neuroretinal rim, without obvious focal rim thinning or notching. The OCT B-scans provided are macular/retinal cross-sections rather than peripapillary RNFL scans, and they do not clearly demonstrate RNFL loss or other glaucomatous structural changes. Image quality and modality selection limit assessment of glaucoma-specific structures, so absence of clear damage leads to a cautious classification of no glaucoma, with low confidence due to limited and suboptimal data.""}",0
data/Glaucoma/Test/data_07192.npz,71.98,female,white,non-hispanic,0,0,low,"Fundus/SLO image shows an optic nerve head that is difficult to assess clearly; cupping and neuroretinal rim detail are limited, and there is no obvious gross excavation or notching visible. The OCT B-scans provided appear to be macular/retinal cross-sections rather than peripapillary RNFL scans, so they do not clearly show glaucomatous RNFL thinning or optic nerve structural loss. Given the suboptimal visualization of glaucoma-specific structures and lack of clear concordant damage on OCT, glaucoma cannot be confidently identified, but uncertainty remains due to limited image detail and scan type.","{""glaucoma_detected"": 0, ""confidence"": ""low"", ""reasoning"": ""Fundus/SLO image shows an optic nerve head that is difficult to assess clearly; cupping and neuroretinal rim detail are limited, and there is no obvious gross excavation or notching visible. The OCT B-scans provided appear to be macular/retinal cross-sections rather than peripapillary RNFL scans, so they do not clearly show glaucomatous RNFL thinning or optic nerve structural loss. Given the suboptimal visualization of glaucoma-specific structures and lack of clear concordant damage on OCT, glaucoma cannot be confidently identified, but uncertainty remains due to limited image detail and scan type.""}",1
data/Glaucoma/Test/data_07193.npz,81.82,female,white,non-hispanic,0,0,low,"The SLO/fundus image is very low contrast and partially obscured, making assessment of optic nerve cupping and neuroretinal rim difficult; no clear glaucomatous excavation or rim thinning can be confidently identified. The OCT B-scans provided are macular/retinal cross-sections rather than peripapillary RNFL scans, and they do not show obvious nerve fiber layer loss or other structural changes specific to glaucoma. Due to limited visualization and non-ideal scan type, glaucoma cannot be reliably detected, so the case is classified as no glaucoma with low confidence.","{""glaucoma_detected"": 0, ""confidence"": ""low"", ""reasoning"": ""The SLO/fundus image is very low contrast and partially obscured, making assessment of optic nerve cupping and neuroretinal rim difficult; no clear glaucomatous excavation or rim thinning can be confidently identified. The OCT B-scans provided are macular/retinal cross-sections rather than peripapillary RNFL scans, and they do not show obvious nerve fiber layer loss or other structural changes specific to glaucoma. Due to limited visualization and non-ideal scan type, glaucoma cannot be reliably detected, so the case is classified as no glaucoma with low confidence.""}",1
data/Glaucoma/Test/data_07194.npz,67.76,female,white,non-hispanic,1,0,low,"Fundus/SLO image is low contrast and does not clearly show optic disc cupping or neuroretinal rim thinning. The OCT B-scans provided appear to be macular rather than peripapillary RNFL scans, and show relatively preserved retinal layers without obvious thinning or structural loss typical of glaucomatous damage. Due to limited visualization of the optic nerve head and RNFL, assessment is uncertain, but there is no definite structural evidence of glaucoma in these images.","{""glaucoma_detected"": 0, ""confidence"": ""low"", ""reasoning"": ""Fundus/SLO image is low contrast and does not clearly show optic disc cupping or neuroretinal rim thinning. The OCT B-scans provided appear to be macular rather than peripapillary RNFL scans, and show relatively preserved retinal layers without obvious thinning or structural loss typical of glaucomatous damage. Due to limited visualization of the optic nerve head and RNFL, assessment is uncertain, but there is no definite structural evidence of glaucoma in these images.""}",0
data/Glaucoma/Test/data_07195.npz,64.53,female,white,non-hispanic,0,0,moderate,"The SLO/fundus image shows an optic nerve head without obvious enlargement of the cup or focal neuroretinal rim thinning, though detail is limited by grayscale and resolution. The OCT B-scans through the peripapillary region demonstrate relatively preserved retinal nerve fiber layer and no clear pattern of diffuse or focal thinning, notching, or excavation of the optic nerve head typically associated with glaucomatous damage. Image noise and lack of quantitative RNFL data reduce certainty, but structural signs of glaucoma are not evident, so glaucoma is not detected in this case.","{""glaucoma_detected"": 0, ""confidence"": ""moderate"", ""reasoning"": ""The SLO/fundus image shows an optic nerve head without obvious enlargement of the cup or focal neuroretinal rim thinning, though detail is limited by grayscale and resolution. The OCT B-scans through the peripapillary region demonstrate relatively preserved retinal nerve fiber layer and no clear pattern of diffuse or focal thinning, notching, or excavation of the optic nerve head typically associated with glaucomatous damage. Image noise and lack of quantitative RNFL data reduce certainty, but structural signs of glaucoma are not evident, so glaucoma is not detected in this case.""}",1
data/Glaucoma/Test/data_07196.npz,57.23,male,white,non-hispanic,1,0,moderate,"The SLO image shows an optic nerve head with a visible cup but without obvious marked enlargement or focal neuroretinal rim thinning; vessels follow a relatively normal course without clear bayoneting or notching. The OCT B-scans through the disc demonstrate a physiologic cup and intact peripapillary retinal nerve fiber layer without clear localized or diffuse thinning, excavation, or lamina cribrosa deformation. Image quality is somewhat noisy, which limits fine assessment, but across both modalities there are no strong structural indicators of glaucomatous damage, so glaucoma is not detected, albeit with moderate uncertainty due to lack of quantitative data.","{""glaucoma_detected"": 0, ""confidence"": ""moderate"", ""reasoning"": ""The SLO image shows an optic nerve head with a visible cup but without obvious marked enlargement or focal neuroretinal rim thinning; vessels follow a relatively normal course without clear bayoneting or notching. The OCT B-scans through the disc demonstrate a physiologic cup and intact peripapillary retinal nerve fiber layer without clear localized or diffuse thinning, excavation, or lamina cribrosa deformation. Image quality is somewhat noisy, which limits fine assessment, but across both modalities there are no strong structural indicators of glaucomatous damage, so glaucoma is not detected, albeit with moderate uncertainty due to lack of quantitative data.""}",0
data/Glaucoma/Test/data_07197.npz,64.84,female,white,non-hispanic,1,0,moderate,"The SLO/fundus image shows a relatively small optic disc with mild cupping and a preserved neuroretinal rim without obvious focal thinning or notching. Vessels follow a normal course without clear bayoneting or nasalization. The OCT B-scans through the peripapillary region demonstrate a fairly uniform retinal nerve fiber layer and inner retinal contour without obvious localized thinning or excavation suggestive of glaucomatous damage. Image quality is adequate and the two modalities are structurally consistent. While subtle early changes cannot be excluded, there is no clear structural evidence of glaucoma in these images.","{""glaucoma_detected"": 0, ""confidence"": ""moderate"", ""reasoning"": ""The SLO/fundus image shows a relatively small optic disc with mild cupping and a preserved neuroretinal rim without obvious focal thinning or notching. Vessels follow a normal course without clear bayoneting or nasalization. The OCT B-scans through the peripapillary region demonstrate a fairly uniform retinal nerve fiber layer and inner retinal contour without obvious localized thinning or excavation suggestive of glaucomatous damage. Image quality is adequate and the two modalities are structurally consistent. While subtle early changes cannot be excluded, there is no clear structural evidence of glaucoma in these images.""}",0
data/Glaucoma/Test/data_07198.npz,50.13,male,white,non-hispanic,0,0,moderate,"The SLO/fundus image shows an optic nerve head with visible vessels and a central cup, but there is no clear evidence of marked cupping, rim thinning, or focal notching suggestive of glaucomatous damage. The OCT B-scans, which appear to be macular/retinal scans rather than dedicated RNFL or optic nerve scans, show relatively preserved retinal layers without obvious thinning or structural loss typical of glaucoma. Image quality is somewhat noisy and limits fine assessment, and the absence of RNFL/ONH-specific OCT reduces certainty, but based on the available structural information, glaucomatous changes are not clearly present.","{""glaucoma_detected"": 0, ""confidence"": ""moderate"", ""reasoning"": ""The SLO/fundus image shows an optic nerve head with visible vessels and a central cup, but there is no clear evidence of marked cupping, rim thinning, or focal notching suggestive of glaucomatous damage. The OCT B-scans, which appear to be macular/retinal scans rather than dedicated RNFL or optic nerve scans, show relatively preserved retinal layers without obvious thinning or structural loss typical of glaucoma. Image quality is somewhat noisy and limits fine assessment, and the absence of RNFL/ONH-specific OCT reduces certainty, but based on the available structural information, glaucomatous changes are not clearly present.""}",1
data/Glaucoma/Test/data_07199.npz,65.98,male,white,non-hispanic,-1,0,moderate,"The SLO/fundus image shows a relatively small optic disc with no obvious large cup or focal neuroretinal rim thinning; vessels appear to enter centrally without clear signs of notching or bayoneting. The OCT B-scans through the peripapillary region show preserved retinal nerve fiber layer and neuroretinal rim contour without evident localized thinning or excavation of the optic nerve head. Image quality is somewhat noisy, which limits fine assessment, but across both modalities there are no strong structural indicators of glaucomatous damage, so glaucoma is not detected, with moderate confidence.","{""glaucoma_detected"": 0, ""confidence"": ""moderate"", ""reasoning"": ""The SLO/fundus image shows a relatively small optic disc with no obvious large cup or focal neuroretinal rim thinning; vessels appear to enter centrally without clear signs of notching or bayoneting. The OCT B-scans through the peripapillary region show preserved retinal nerve fiber layer and neuroretinal rim contour without evident localized thinning or excavation of the optic nerve head. Image quality is somewhat noisy, which limits fine assessment, but across both modalities there are no strong structural indicators of glaucomatous damage, so glaucoma is not detected, with moderate confidence.""}",0
data/Glaucoma/Test/data_07200.npz,59.88,female,white,non-hispanic,0,0,moderate,"The SLO/fundus image shows an optic nerve head with visible neuroretinal rim and no obvious marked cupping or focal rim loss; vessels appear to follow a relatively normal course without clear notching. The OCT B-scans demonstrate a generally intact retinal nerve fiber layer and inner retinal architecture without obvious diffuse thinning or localized RNFL defects typical of glaucomatous damage. Image quality is somewhat noisy, which limits fine assessment, but across both modalities there are no strong structural signs of glaucoma, so glaucoma is not detected, with moderate confidence due to these limitations.","{""glaucoma_detected"": 0, ""confidence"": ""moderate"", ""reasoning"": ""The SLO/fundus image shows an optic nerve head with visible neuroretinal rim and no obvious marked cupping or focal rim loss; vessels appear to follow a relatively normal course without clear notching. The OCT B-scans demonstrate a generally intact retinal nerve fiber layer and inner retinal architecture without obvious diffuse thinning or localized RNFL defects typical of glaucomatous damage. Image quality is somewhat noisy, which limits fine assessment, but across both modalities there are no strong structural signs of glaucoma, so glaucoma is not detected, with moderate confidence due to these limitations.""}",1
data/Glaucoma/Test/data_07201.npz,74.01,male,white,non-hispanic,1,0,low,"Fundus/SLO image shows an optic nerve that is difficult to assess: grayscale, low contrast, and limited view of the neuroretinal rim and cup, with no obvious gross cupping or notching visible. The OCT B-scans provided are macular/retinal cross-sections rather than peripapillary RNFL or optic nerve scans, so they do not clearly demonstrate glaucomatous thinning or structural loss. Because key glaucoma-specific structures are not well visualized and image quality/scan type limit assessment, glaucoma cannot be confidently identified; defaulting to no definite glaucoma with low confidence.","{""glaucoma_detected"": 0, ""confidence"": ""low"", ""reasoning"": ""Fundus/SLO image shows an optic nerve that is difficult to assess: grayscale, low contrast, and limited view of the neuroretinal rim and cup, with no obvious gross cupping or notching visible. The OCT B-scans provided are macular/retinal cross-sections rather than peripapillary RNFL or optic nerve scans, so they do not clearly demonstrate glaucomatous thinning or structural loss. Because key glaucoma-specific structures are not well visualized and image quality/scan type limit assessment, glaucoma cannot be confidently identified; defaulting to no definite glaucoma with low confidence.""}",0
data/Glaucoma/Test/data_07202.npz,33.9,female,asian,non-hispanic,0,0,moderate,"The SLO/fundus image shows a relatively normal-appearing optic nerve head without obvious marked cupping or focal neuroretinal rim thinning; vessels enter and exit in a typical pattern and there is no clear notch or localized RNFL defect. The OCT B-scans through the peripapillary/nerve region show preserved retinal nerve fiber and ganglion cell layers without obvious diffuse thinning or excavation of the optic nerve head. Image quality is somewhat noisy, which limits fine assessment, but across both modalities there are no strong structural signs of glaucomatous damage, so glaucoma is not detected, with moderate confidence due to image noise and lack of quantitative data.","{""glaucoma_detected"": 0, ""confidence"": ""moderate"", ""reasoning"": ""The SLO/fundus image shows a relatively normal-appearing optic nerve head without obvious marked cupping or focal neuroretinal rim thinning; vessels enter and exit in a typical pattern and there is no clear notch or localized RNFL defect. The OCT B-scans through the peripapillary/nerve region show preserved retinal nerve fiber and ganglion cell layers without obvious diffuse thinning or excavation of the optic nerve head. Image quality is somewhat noisy, which limits fine assessment, but across both modalities there are no strong structural signs of glaucomatous damage, so glaucoma is not detected, with moderate confidence due to image noise and lack of quantitative data.""}",1
data/Glaucoma/Test/data_07203.npz,63.32,female,black,non-hispanic,1,0,low,"Fundus/SLO image is very dark with limited visibility of the optic nerve head; cupping and neuroretinal rim cannot be reliably assessed. The OCT B-scans shown appear to be macular rather than peripapillary RNFL scans, and retinal layers look relatively intact without obvious thinning or focal defects suggestive of glaucomatous damage. Due to poor visualization of the optic disc and lack of dedicated RNFL/ONH OCT, assessment is uncertain, but there is no clear structural evidence of glaucoma in the available images.","{""glaucoma_detected"": 0, ""confidence"": ""low"", ""reasoning"": ""Fundus/SLO image is very dark with limited visibility of the optic nerve head; cupping and neuroretinal rim cannot be reliably assessed. The OCT B-scans shown appear to be macular rather than peripapillary RNFL scans, and retinal layers look relatively intact without obvious thinning or focal defects suggestive of glaucomatous damage. Due to poor visualization of the optic disc and lack of dedicated RNFL/ONH OCT, assessment is uncertain, but there is no clear structural evidence of glaucoma in the available images.""}",0
data/Glaucoma/Test/data_07204.npz,72.2,male,white,non-hispanic,1,1,moderate,"The SLO/fundus image shows a relatively large, vertically elongated cup with apparent thinning of the neuroretinal rim, suggesting increased cupping. The OCT B-scans through the optic nerve head demonstrate deep excavation of the disc with reduced neuroretinal tissue, consistent with glaucomatous structural loss. Image quality is adequate and the two modalities agree on significant cupping, supporting glaucoma, though absence of quantitative RNFL data and clinical context limits certainty.","{""glaucoma_detected"": 1, ""confidence"": ""moderate"", ""reasoning"": ""The SLO/fundus image shows a relatively large, vertically elongated cup with apparent thinning of the neuroretinal rim, suggesting increased cupping. The OCT B-scans through the optic nerve head demonstrate deep excavation of the disc with reduced neuroretinal tissue, consistent with glaucomatous structural loss. Image quality is adequate and the two modalities agree on significant cupping, supporting glaucoma, though absence of quantitative RNFL data and clinical context limits certainty.""}",1
data/Glaucoma/Test/data_07205.npz,71.45,male,white,non-hispanic,0,0,moderate,"The SLO/fundus image shows an optic nerve head without obvious marked cupping or focal neuroretinal rim loss; vessel configuration and peripapillary area appear relatively preserved, though image contrast is limited. The OCT B-scans demonstrate a fairly uniform retinal nerve fiber layer and inner retinal contour without clear thinning, notching, or localized defects typically associated with glaucomatous damage. Given the absence of strong structural indicators of glaucoma in either modality, glaucoma is not detected, but confidence is moderate due to image quality and lack of quantitative data.","{""glaucoma_detected"": 0, ""confidence"": ""moderate"", ""reasoning"": ""The SLO/fundus image shows an optic nerve head without obvious marked cupping or focal neuroretinal rim loss; vessel configuration and peripapillary area appear relatively preserved, though image contrast is limited. The OCT B-scans demonstrate a fairly uniform retinal nerve fiber layer and inner retinal contour without clear thinning, notching, or localized defects typically associated with glaucomatous damage. Given the absence of strong structural indicators of glaucoma in either modality, glaucoma is not detected, but confidence is moderate due to image quality and lack of quantitative data.""}",1
data/Glaucoma/Test/data_07206.npz,78.27,male,white,non-hispanic,1,1,moderate,"The SLO/fundus image shows a small optic disc with a relatively large central excavation and thin neuroretinal rim, suggesting increased cupping. The OCT B-scans through the disc demonstrate a deep cup with apparent thinning of the neuroretinal tissue adjacent to the cup, without obvious segmentation artifacts. These structural changes are compatible with glaucomatous optic neuropathy, though absence of quantitative RNFL maps and visual field data limits certainty.","{""glaucoma_detected"": 1, ""confidence"": ""moderate"", ""reasoning"": ""The SLO/fundus image shows a small optic disc with a relatively large central excavation and thin neuroretinal rim, suggesting increased cupping. The OCT B-scans through the disc demonstrate a deep cup with apparent thinning of the neuroretinal tissue adjacent to the cup, without obvious segmentation artifacts. These structural changes are compatible with glaucomatous optic neuropathy, though absence of quantitative RNFL maps and visual field data limits certainty.""}",1
data/Glaucoma/Test/data_07207.npz,47.28,male,white,non-hispanic,0,0,moderate,"The SLO/fundus image shows an optic nerve head with a visible cup but no obvious marked enlargement or focal neuroretinal rim thinning; vessels appear to follow a relatively normal course without clear notching. The OCT B-scans demonstrate a generally intact retinal architecture without obvious localized RNFL thinning or nerve fiber layer defects adjacent to the disc. Image quality is somewhat limited, which reduces certainty, but there are no strong structural signs of glaucomatous damage in either modality, so glaucoma is not detected in this case based on the available images.","{""glaucoma_detected"": 0, ""confidence"": ""moderate"", ""reasoning"": ""The SLO/fundus image shows an optic nerve head with a visible cup but no obvious marked enlargement or focal neuroretinal rim thinning; vessels appear to follow a relatively normal course without clear notching. The OCT B-scans demonstrate a generally intact retinal architecture without obvious localized RNFL thinning or nerve fiber layer defects adjacent to the disc. Image quality is somewhat limited, which reduces certainty, but there are no strong structural signs of glaucomatous damage in either modality, so glaucoma is not detected in this case based on the available images.""}",1
data/Glaucoma/Test/data_07208.npz,74.07,female,white,non-hispanic,0,0,moderate,"The SLO/fundus image shows an optic nerve head without obvious marked cupping or neuroretinal rim thinning; vessel configuration and disc appearance are relatively preserved, though image quality is limited. The OCT B-scans provided are macular/retinal cross-sections rather than peripapillary RNFL scans, and they do not show clear glaucomatous structural loss such as obvious thinning or excavation near the nerve. Given the absence of clear glaucomatous changes but acknowledging modality and image-quality limitations, glaucoma is not detected in this case with moderate confidence.","{""glaucoma_detected"": 0, ""confidence"": ""moderate"", ""reasoning"": ""The SLO/fundus image shows an optic nerve head without obvious marked cupping or neuroretinal rim thinning; vessel configuration and disc appearance are relatively preserved, though image quality is limited. The OCT B-scans provided are macular/retinal cross-sections rather than peripapillary RNFL scans, and they do not show clear glaucomatous structural loss such as obvious thinning or excavation near the nerve. Given the absence of clear glaucomatous changes but acknowledging modality and image-quality limitations, glaucoma is not detected in this case with moderate confidence.""}",1
data/Glaucoma/Test/data_07209.npz,67.6,male,white,non-hispanic,1,0,moderate,"The SLO/fundus image shows an optic nerve head with relatively small cup and preserved neuroretinal rim without obvious focal thinning or notching. Vessels follow a normal course without clear bayoneting or nasalization. The OCT B-scans provided are macular/retinal scans rather than peripapillary RNFL scans; they show intact retinal layers without obvious thinning or structural loss typical of glaucomatous damage. Image noise and lack of RNFL/ONH-specific OCT limit certainty, but based on visible structures there is no clear evidence of glaucomatous cupping or RNFL loss, so glaucoma is not detected in this case.","{""glaucoma_detected"": 0, ""confidence"": ""moderate"", ""reasoning"": ""The SLO/fundus image shows an optic nerve head with relatively small cup and preserved neuroretinal rim without obvious focal thinning or notching. Vessels follow a normal course without clear bayoneting or nasalization. The OCT B-scans provided are macular/retinal scans rather than peripapillary RNFL scans; they show intact retinal layers without obvious thinning or structural loss typical of glaucomatous damage. Image noise and lack of RNFL/ONH-specific OCT limit certainty, but based on visible structures there is no clear evidence of glaucomatous cupping or RNFL loss, so glaucoma is not detected in this case.""}",0
data/Glaucoma/Test/data_07210.npz,64.71,male,white,non-hispanic,0,0,moderate,"The SLO/fundus image shows an optic nerve head with a visible cup but no obvious marked enlargement or focal neuroretinal rim loss; vessels appear to follow a relatively normal course without clear notching. The OCT B-scans through the peripapillary and macular regions show intact retinal layers without obvious thinning or localized RNFL defects typically associated with glaucomatous damage. Image quality is somewhat noisy, which limits fine assessment, but across both modalities there is no strong structural evidence of glaucoma, so absence is favored with moderate confidence.","{""glaucoma_detected"": 0, ""confidence"": ""moderate"", ""reasoning"": ""The SLO/fundus image shows an optic nerve head with a visible cup but no obvious marked enlargement or focal neuroretinal rim loss; vessels appear to follow a relatively normal course without clear notching. The OCT B-scans through the peripapillary and macular regions show intact retinal layers without obvious thinning or localized RNFL defects typically associated with glaucomatous damage. Image quality is somewhat noisy, which limits fine assessment, but across both modalities there is no strong structural evidence of glaucoma, so absence is favored with moderate confidence.""}",1
data/Glaucoma/Test/data_07211.npz,58.78,male,white,non-hispanic,0,0,moderate,"The SLO/fundus image shows an optic nerve head with a visible cup but no obvious marked enlargement or focal neuroretinal rim thinning; vessels follow a relatively normal course without clear notching or bayoneting. The OCT B-scans across the posterior pole demonstrate intact retinal layers without obvious diffuse RNFL thinning, localized nerve fiber layer defects, or peripapillary atrophy patterns typically associated with glaucomatous damage. Image noise is present, which limits fine assessment, but there is no strong structural evidence of glaucoma in these views.","{""glaucoma_detected"": 0, ""confidence"": ""moderate"", ""reasoning"": ""The SLO/fundus image shows an optic nerve head with a visible cup but no obvious marked enlargement or focal neuroretinal rim thinning; vessels follow a relatively normal course without clear notching or bayoneting. The OCT B-scans across the posterior pole demonstrate intact retinal layers without obvious diffuse RNFL thinning, localized nerve fiber layer defects, or peripapillary atrophy patterns typically associated with glaucomatous damage. Image noise is present, which limits fine assessment, but there is no strong structural evidence of glaucoma in these views.""}",1
data/Glaucoma/Test/data_07212.npz,83.28,female,white,non-hispanic,1,0,low,"The SLO/fundus image is extremely limited, with most of the frame dark and the optic nerve head not clearly visible, preventing assessment of cupping or neuroretinal rim. The OCT B-scans provided appear to be macular scans rather than optic nerve head/RNFL scans, so they do not show typical glaucoma-related structural changes around the disc. Because the key glaucoma structures (optic disc and peripapillary RNFL) are not adequately visualized, there is insufficient structural evidence to support glaucoma, but image limitations make this assessment uncertain.","{""glaucoma_detected"": 0, ""confidence"": ""low"", ""reasoning"": ""The SLO/fundus image is extremely limited, with most of the frame dark and the optic nerve head not clearly visible, preventing assessment of cupping or neuroretinal rim. The OCT B-scans provided appear to be macular scans rather than optic nerve head/RNFL scans, so they do not show typical glaucoma-related structural changes around the disc. Because the key glaucoma structures (optic disc and peripapillary RNFL) are not adequately visualized, there is insufficient structural evidence to support glaucoma, but image limitations make this assessment uncertain.""}",0
data/Glaucoma/Test/data_07213.npz,81.89,male,white,non-hispanic,0,0,low,"The SLO/fundus image is very dark with limited visibility of the optic nerve head and neuroretinal rim, making assessment of cupping difficult. The OCT B-scans provided appear to be macular scans rather than peripapillary RNFL or optic nerve head scans, and they do not show clear glaucomatous structural changes such as RNFL thinning or obvious nerve head excavation. Because the key glaucoma-related structures are poorly visualized and the modalities do not provide definitive evidence of glaucomatous damage, glaucoma is not detected, but the uncertainty is high due to suboptimal imaging for glaucoma assessment.","{""glaucoma_detected"": 0, ""confidence"": ""low"", ""reasoning"": ""The SLO/fundus image is very dark with limited visibility of the optic nerve head and neuroretinal rim, making assessment of cupping difficult. The OCT B-scans provided appear to be macular scans rather than peripapillary RNFL or optic nerve head scans, and they do not show clear glaucomatous structural changes such as RNFL thinning or obvious nerve head excavation. Because the key glaucoma-related structures are poorly visualized and the modalities do not provide definitive evidence of glaucomatous damage, glaucoma is not detected, but the uncertainty is high due to suboptimal imaging for glaucoma assessment.""}",1
data/Glaucoma/Test/data_07214.npz,62.96,female,white,non-hispanic,1,0,low,"The SLO/fundus image is very low contrast and does not clearly show the optic nerve head or neuroretinal rim, making assessment of cupping impossible. The OCT B-scans appear to be macular or non–optic nerve scans; they do not include a clear cross-section of the optic disc or peripapillary RNFL, so glaucomatous structural changes (rim thinning, cupping, RNFL loss) cannot be reliably evaluated. Because key glaucoma-related structures are not adequately visualized, there is insufficient image-based evidence to support glaucoma, and I default to no glaucoma with low confidence due to substantial uncertainty.","{""glaucoma_detected"": 0, ""confidence"": ""low"", ""reasoning"": ""The SLO/fundus image is very low contrast and does not clearly show the optic nerve head or neuroretinal rim, making assessment of cupping impossible. The OCT B-scans appear to be macular or non–optic nerve scans; they do not include a clear cross-section of the optic disc or peripapillary RNFL, so glaucomatous structural changes (rim thinning, cupping, RNFL loss) cannot be reliably evaluated. Because key glaucoma-related structures are not adequately visualized, there is insufficient image-based evidence to support glaucoma, and I default to no glaucoma with low confidence due to substantial uncertainty.""}",0
data/Glaucoma/Test/data_07215.npz,70.52,male,white,non-hispanic,1,0,moderate,"The SLO/fundus image shows an optic nerve head with a visible cup but without obvious marked enlargement or focal neuroretinal rim thinning; the disc margins and peripapillary area do not show clear glaucomatous excavation or notching. The OCT B-scans across the posterior pole demonstrate relatively preserved retinal layers and do not show obvious diffuse RNFL thinning or structural loss around the optic nerve region. Image quality is somewhat limited, so subtle changes could be missed, but based on visible structures there is no strong structural evidence of glaucoma in these images.","{""glaucoma_detected"": 0, ""confidence"": ""moderate"", ""reasoning"": ""The SLO/fundus image shows an optic nerve head with a visible cup but without obvious marked enlargement or focal neuroretinal rim thinning; the disc margins and peripapillary area do not show clear glaucomatous excavation or notching. The OCT B-scans across the posterior pole demonstrate relatively preserved retinal layers and do not show obvious diffuse RNFL thinning or structural loss around the optic nerve region. Image quality is somewhat limited, so subtle changes could be missed, but based on visible structures there is no strong structural evidence of glaucoma in these images.""}",0
data/Glaucoma/Test/data_07216.npz,77.42,male,asian,non-hispanic,1,0,low,"Fundus/SLO image is low contrast with limited visualization of the optic nerve head; cupping and neuroretinal rim cannot be reliably assessed. The OCT B-scans show the optic disc region and peripapillary retina without obvious focal thinning or notching of the RNFL or clear glaucomatous excavation, but image noise and lack of quantitative RNFL maps reduce reliability. Due to poor structural detail and absence of clear glaucomatous changes, glaucoma is not detected, though uncertainty is high.","{""glaucoma_detected"": 0, ""confidence"": ""low"", ""reasoning"": ""Fundus/SLO image is low contrast with limited visualization of the optic nerve head; cupping and neuroretinal rim cannot be reliably assessed. The OCT B-scans show the optic disc region and peripapillary retina without obvious focal thinning or notching of the RNFL or clear glaucomatous excavation, but image noise and lack of quantitative RNFL maps reduce reliability. Due to poor structural detail and absence of clear glaucomatous changes, glaucoma is not detected, though uncertainty is high.""}",0
data/Glaucoma/Test/data_07217.npz,71.11,male,white,non-hispanic,1,0,low,"The SLO/fundus image shows an optic nerve head that is small and difficult to assess clearly due to low contrast and resolution; cupping and neuroretinal rim thickness cannot be reliably judged. The OCT B-scans provided are macular/retinal scans rather than peripapillary RNFL or optic nerve scans, so they do not show the nerve fiber layer around the disc or typical glaucomatous structural changes. With no clear evidence of glaucomatous cupping or RNFL loss visible, glaucoma is not detected, but image limitations and lack of targeted ONH/RNFL OCT make this assessment uncertain.","{""glaucoma_detected"": 0, ""confidence"": ""low"", ""reasoning"": ""The SLO/fundus image shows an optic nerve head that is small and difficult to assess clearly due to low contrast and resolution; cupping and neuroretinal rim thickness cannot be reliably judged. The OCT B-scans provided are macular/retinal scans rather than peripapillary RNFL or optic nerve scans, so they do not show the nerve fiber layer around the disc or typical glaucomatous structural changes. With no clear evidence of glaucomatous cupping or RNFL loss visible, glaucoma is not detected, but image limitations and lack of targeted ONH/RNFL OCT make this assessment uncertain.""}",0
data/Glaucoma/Test/data_07218.npz,74.7,female,white,non-hispanic,0,0,low,"The fundus/SLO image is extremely dark with the optic nerve head and neuroretinal rim essentially not discernible, preventing assessment of cupping or rim thinning. The OCT B-scans provided appear to be macular rather than peripapillary RNFL scans, and show relatively normal retinal layering without obvious thinning patterns specifically suggestive of glaucomatous damage. Because the optic nerve and RNFL structure cannot be reliably evaluated and modalities do not clearly target glaucoma-relevant regions, glaucoma cannot be confirmed; defaulting to no glaucoma with low confidence due to limited, non-diagnostic imaging.","{""glaucoma_detected"": 0, ""confidence"": ""low"", ""reasoning"": ""The fundus/SLO image is extremely dark with the optic nerve head and neuroretinal rim essentially not discernible, preventing assessment of cupping or rim thinning. The OCT B-scans provided appear to be macular rather than peripapillary RNFL scans, and show relatively normal retinal layering without obvious thinning patterns specifically suggestive of glaucomatous damage. Because the optic nerve and RNFL structure cannot be reliably evaluated and modalities do not clearly target glaucoma-relevant regions, glaucoma cannot be confirmed; defaulting to no glaucoma with low confidence due to limited, non-diagnostic imaging.""}",1
data/Glaucoma/Test/data_07219.npz,80.22,female,black,non-hispanic,1,0,low,"The fundus/SLO image is very dark and low quality, making the optic nerve head, cup, and neuroretinal rim essentially indiscernible. The OCT B-scans provided appear to be macular rather than peripapillary/optic nerve scans, so they do not show the RNFL or optic disc structure needed for glaucoma assessment. Because key anatomical features relevant to glaucoma cannot be reliably evaluated in either modality, glaucoma cannot be confidently identified, and the case is classified as no glaucoma detected with low confidence based on insufficient structural evidence.","{""glaucoma_detected"": 0, ""confidence"": ""low"", ""reasoning"": ""The fundus/SLO image is very dark and low quality, making the optic nerve head, cup, and neuroretinal rim essentially indiscernible. The OCT B-scans provided appear to be macular rather than peripapillary/optic nerve scans, so they do not show the RNFL or optic disc structure needed for glaucoma assessment. Because key anatomical features relevant to glaucoma cannot be reliably evaluated in either modality, glaucoma cannot be confidently identified, and the case is classified as no glaucoma detected with low confidence based on insufficient structural evidence.""}",0
data/Glaucoma/Test/data_07220.npz,59.57,male,white,non-hispanic,1,0,moderate,"The SLO/fundus image shows a relatively small optic disc with limited visible cupping and no obvious focal neuroretinal rim thinning or notching. Peripapillary RNFL striations appear reasonably preserved without clear wedge defects. The OCT B-scans through the optic nerve head demonstrate a normal-appearing contour without marked excavation or thinning of the neuroretinal rim, and the peripapillary retinal layers do not show obvious diffuse RNFL loss. Image noise is present, which limits fine assessment, but across both modalities there are no strong structural signs of glaucomatous damage, so glaucoma is not detected, albeit with some uncertainty due to image quality and lack of quantitative data.","{""glaucoma_detected"": 0, ""confidence"": ""moderate"", ""reasoning"": ""The SLO/fundus image shows a relatively small optic disc with limited visible cupping and no obvious focal neuroretinal rim thinning or notching. Peripapillary RNFL striations appear reasonably preserved without clear wedge defects. The OCT B-scans through the optic nerve head demonstrate a normal-appearing contour without marked excavation or thinning of the neuroretinal rim, and the peripapillary retinal layers do not show obvious diffuse RNFL loss. Image noise is present, which limits fine assessment, but across both modalities there are no strong structural signs of glaucomatous damage, so glaucoma is not detected, albeit with some uncertainty due to image quality and lack of quantitative data.""}",0
data/Glaucoma/Test/data_07221.npz,80.9,female,white,non-hispanic,1,1,moderate,"The SLO/fundus image shows a relatively large, excavated optic cup with apparent thinning of the neuroretinal rim, suggesting glaucomatous cupping. The peripapillary region does not show obvious localized RNFL thickening; instead, there appears to be generalized attenuation. The OCT B-scans, though somewhat noisy and focused on the macula rather than the optic nerve, show a relatively thin inner retinal / RNFL complex without clear focal thickening or edema, which is compatible with chronic glaucomatous damage rather than an acute or non-glaucomatous process. Image quality and limited views reduce certainty, but the structural appearance overall is more consistent with glaucoma than a normal optic nerve.","{""glaucoma_detected"": 1, ""confidence"": ""moderate"", ""reasoning"": ""The SLO/fundus image shows a relatively large, excavated optic cup with apparent thinning of the neuroretinal rim, suggesting glaucomatous cupping. The peripapillary region does not show obvious localized RNFL thickening; instead, there appears to be generalized attenuation. The OCT B-scans, though somewhat noisy and focused on the macula rather than the optic nerve, show a relatively thin inner retinal / RNFL complex without clear focal thickening or edema, which is compatible with chronic glaucomatous damage rather than an acute or non-glaucomatous process. Image quality and limited views reduce certainty, but the structural appearance overall is more consistent with glaucoma than a normal optic nerve.""}",1
data/Glaucoma/Test/data_07222.npz,63.24,female,black,non-hispanic,1,0,moderate,"The SLO/fundus image shows an optic nerve head with a relatively small, centrally located bright cup and preserved surrounding neuroretinal rim without obvious focal thinning or notching. Vessels appear to course over a reasonably intact rim, and there is no clear evidence of advanced cupping. The OCT B-scans through the disc demonstrate a normal-appearing contour of the retinal nerve fiber layer and neuroretinal rim without marked thinning, excavation, or laminar deformation suggestive of glaucomatous damage. Image quality is adequate and the two modalities are concordant in showing no clear structural glaucomatous changes. However, absence of functional data and quantitative RNFL metrics limits certainty, so confidence is moderate.","{""glaucoma_detected"": 0, ""confidence"": ""moderate"", ""reasoning"": ""The SLO/fundus image shows an optic nerve head with a relatively small, centrally located bright cup and preserved surrounding neuroretinal rim without obvious focal thinning or notching. Vessels appear to course over a reasonably intact rim, and there is no clear evidence of advanced cupping. The OCT B-scans through the disc demonstrate a normal-appearing contour of the retinal nerve fiber layer and neuroretinal rim without marked thinning, excavation, or laminar deformation suggestive of glaucomatous damage. Image quality is adequate and the two modalities are concordant in showing no clear structural glaucomatous changes. However, absence of functional data and quantitative RNFL metrics limits certainty, so confidence is moderate.""}",0
data/Glaucoma/Test/data_07223.npz,77.75,female,white,non-hispanic,0,0,moderate,"The SLO image shows an optic nerve head with a visible cup but without obvious marked enlargement or focal neuroretinal rim thinning; peripapillary RNFL striations appear relatively preserved. The OCT B-scans through the macula and optic nerve show a normal-appearing foveal contour and an optic nerve cross-section without clear evidence of deep cupping, lamina cribrosa excavation, or pronounced RNFL thinning. Image noise and limited views reduce certainty, but available structural findings do not strongly suggest glaucomatous damage.","{""glaucoma_detected"": 0, ""confidence"": ""moderate"", ""reasoning"": ""The SLO image shows an optic nerve head with a visible cup but without obvious marked enlargement or focal neuroretinal rim thinning; peripapillary RNFL striations appear relatively preserved. The OCT B-scans through the macula and optic nerve show a normal-appearing foveal contour and an optic nerve cross-section without clear evidence of deep cupping, lamina cribrosa excavation, or pronounced RNFL thinning. Image noise and limited views reduce certainty, but available structural findings do not strongly suggest glaucomatous damage.""}",1
data/Glaucoma/Test/data_07224.npz,59.83,female,white,non-hispanic,1,0,moderate,"Fundus image shows an optic nerve head with a visible cup but no obvious marked enlargement or focal neuroretinal rim loss; disc margins appear relatively regular. The OCT B-scans through the peripapillary region show retinal nerve fiber and ganglion cell layers of fairly uniform thickness without clear localized thinning, notching, or excavation of the optic nerve head. Image quality is adequate and there is reasonable agreement between modalities, with no strong structural indicators of glaucomatous damage. However, absence of quantitative RNFL data and visual fields limits certainty, so glaucoma cannot be fully excluded clinically.","{""glaucoma_detected"": 0, ""confidence"": ""moderate"", ""reasoning"": ""Fundus image shows an optic nerve head with a visible cup but no obvious marked enlargement or focal neuroretinal rim loss; disc margins appear relatively regular. The OCT B-scans through the peripapillary region show retinal nerve fiber and ganglion cell layers of fairly uniform thickness without clear localized thinning, notching, or excavation of the optic nerve head. Image quality is adequate and there is reasonable agreement between modalities, with no strong structural indicators of glaucomatous damage. However, absence of quantitative RNFL data and visual fields limits certainty, so glaucoma cannot be fully excluded clinically.""}",0
data/Glaucoma/Test/data_07225.npz,50.97,female,white,non-hispanic,0,0,moderate,"The SLO/fundus image shows an optic nerve head without obvious marked cupping or focal neuroretinal rim loss, though detail is limited by image quality and small size. The evenly spaced OCT B-scans through the peripapillary region demonstrate relatively preserved retinal nerve fiber and inner retinal layers without clear thinning, notching, or structural defects typical of glaucomatous damage. No strong glaucomatous structural pattern is evident in either modality, so glaucoma is not detected, but confidence is moderate due to resolution and contrast limitations.","{""glaucoma_detected"": 0, ""confidence"": ""moderate"", ""reasoning"": ""The SLO/fundus image shows an optic nerve head without obvious marked cupping or focal neuroretinal rim loss, though detail is limited by image quality and small size. The evenly spaced OCT B-scans through the peripapillary region demonstrate relatively preserved retinal nerve fiber and inner retinal layers without clear thinning, notching, or structural defects typical of glaucomatous damage. No strong glaucomatous structural pattern is evident in either modality, so glaucoma is not detected, but confidence is moderate due to resolution and contrast limitations.""}",1
data/Glaucoma/Test/data_07226.npz,76.78,male,white,non-hispanic,1,0,low,"Fundus/SLO image is low contrast and does not clearly show optic nerve head cupping or neuroretinal rim thinning; disc margins are indistinct, limiting assessment. The OCT B-scans appear noisy but show relatively preserved retinal layers without obvious diffuse RNFL thinning or focal nerve fiber layer defects. Due to poor image quality and limited visualization of classic glaucomatous changes, glaucoma cannot be confidently identified, but subtle disease could be missed, so non-glaucomatous status is assigned with low confidence.","{""glaucoma_detected"": 0, ""confidence"": ""low"", ""reasoning"": ""Fundus/SLO image is low contrast and does not clearly show optic nerve head cupping or neuroretinal rim thinning; disc margins are indistinct, limiting assessment. The OCT B-scans appear noisy but show relatively preserved retinal layers without obvious diffuse RNFL thinning or focal nerve fiber layer defects. Due to poor image quality and limited visualization of classic glaucomatous changes, glaucoma cannot be confidently identified, but subtle disease could be missed, so non-glaucomatous status is assigned with low confidence.""}",0
data/Glaucoma/Test/data_07227.npz,66.21,male,asian,non-hispanic,0,0,moderate,"The SLO/fundus image shows an optic nerve head with some cupping but no clearly thinned neuroretinal rim or obvious focal notching; vessel course appears relatively normal. The OCT B-scans around the disc demonstrate a generally preserved retinal nerve fiber layer and neuroretinal tissue without clear localized RNFL defects or marked thinning. Image noise and limited views reduce certainty, but structural findings are more consistent with non-glaucomatous or physiologic cupping than definite glaucomatous damage.","{""glaucoma_detected"": 0, ""confidence"": ""moderate"", ""reasoning"": ""The SLO/fundus image shows an optic nerve head with some cupping but no clearly thinned neuroretinal rim or obvious focal notching; vessel course appears relatively normal. The OCT B-scans around the disc demonstrate a generally preserved retinal nerve fiber layer and neuroretinal tissue without clear localized RNFL defects or marked thinning. Image noise and limited views reduce certainty, but structural findings are more consistent with non-glaucomatous or physiologic cupping than definite glaucomatous damage.""}",1
data/Glaucoma/Test/data_07228.npz,85.66,female,white,non-hispanic,1,1,moderate,"SLO/fundus image shows a relatively large, bright central cup with apparent thinning of the neuroretinal rim, suggesting increased cupping. OCT B-scans through the optic nerve head demonstrate a deep excavation of the disc with reduced neuroretinal tissue, consistent with glaucomatous structural loss. RNFL and macular layers elsewhere appear relatively preserved, but the optic nerve changes are sufficiently suspicious for glaucoma despite some image noise, leading to a moderate-confidence positive assessment.","{""glaucoma_detected"": 1, ""confidence"": ""moderate"", ""reasoning"": ""SLO/fundus image shows a relatively large, bright central cup with apparent thinning of the neuroretinal rim, suggesting increased cupping. OCT B-scans through the optic nerve head demonstrate a deep excavation of the disc with reduced neuroretinal tissue, consistent with glaucomatous structural loss. RNFL and macular layers elsewhere appear relatively preserved, but the optic nerve changes are sufficiently suspicious for glaucoma despite some image noise, leading to a moderate-confidence positive assessment.""}",1
data/Glaucoma/Test/data_07229.npz,27.59,female,white,non-hispanic,1,0,moderate,"The SLO/fundus image shows a relatively normal-appearing optic nerve head without obvious pathologic cupping or focal neuroretinal rim thinning; vessels follow a typical course and there is no clear notch or peripapillary atrophy pattern strongly suggestive of glaucomatous damage. The evenly spaced OCT B-scans demonstrate normal retinal layering and peripapillary nerve fiber layer thickness without visible localized thinning or excavation of the optic nerve region. Image quality is adequate, and the two modalities are concordant in not showing structural changes typical of glaucoma, though subtle early damage cannot be fully excluded from these images alone.","{""glaucoma_detected"": 0, ""confidence"": ""moderate"", ""reasoning"": ""The SLO/fundus image shows a relatively normal-appearing optic nerve head without obvious pathologic cupping or focal neuroretinal rim thinning; vessels follow a typical course and there is no clear notch or peripapillary atrophy pattern strongly suggestive of glaucomatous damage. The evenly spaced OCT B-scans demonstrate normal retinal layering and peripapillary nerve fiber layer thickness without visible localized thinning or excavation of the optic nerve region. Image quality is adequate, and the two modalities are concordant in not showing structural changes typical of glaucoma, though subtle early damage cannot be fully excluded from these images alone.""}",0
data/Glaucoma/Test/data_07230.npz,50.5,male,black,non-hispanic,1,0,low,"The fundus/SLO image is very dark and low quality, making the optic nerve head, cup, and neuroretinal rim essentially indiscernible. The OCT B-scans provided appear to be macular scans rather than peripapillary RNFL or optic nerve head scans, so they do not show glaucomatous structural changes such as RNFL thinning or cupping. Because key anatomical features relevant to glaucoma cannot be reliably assessed and no clear glaucomatous damage is visible, glaucoma is not detected, but the assessment is highly uncertain due to limited image quality and non-optic nerve OCT views.","{""glaucoma_detected"": 0, ""confidence"": ""low"", ""reasoning"": ""The fundus/SLO image is very dark and low quality, making the optic nerve head, cup, and neuroretinal rim essentially indiscernible. The OCT B-scans provided appear to be macular scans rather than peripapillary RNFL or optic nerve head scans, so they do not show glaucomatous structural changes such as RNFL thinning or cupping. Because key anatomical features relevant to glaucoma cannot be reliably assessed and no clear glaucomatous damage is visible, glaucoma is not detected, but the assessment is highly uncertain due to limited image quality and non-optic nerve OCT views.""}",0
data/Glaucoma/Test/data_07231.npz,62.33,female,asian,non-hispanic,0,0,low,"The SLO image shows an optic nerve head with visible vessels but limited detail of the neuroretinal rim and cup due to low contrast and resolution, making assessment of cupping and rim thinning difficult. The OCT B-scans provided appear to be macular or peripapillary retinal scans rather than clear optic nerve head cross-sections, and they do not show obvious RNFL thinning or structural glaucomatous damage, though image noise and lack of quantitative data limit evaluation. Because no definite glaucomatous cupping or RNFL loss is evident but image quality and views are suboptimal, glaucoma is judged not detected with low confidence.","{""glaucoma_detected"": 0, ""confidence"": ""low"", ""reasoning"": ""The SLO image shows an optic nerve head with visible vessels but limited detail of the neuroretinal rim and cup due to low contrast and resolution, making assessment of cupping and rim thinning difficult. The OCT B-scans provided appear to be macular or peripapillary retinal scans rather than clear optic nerve head cross-sections, and they do not show obvious RNFL thinning or structural glaucomatous damage, though image noise and lack of quantitative data limit evaluation. Because no definite glaucomatous cupping or RNFL loss is evident but image quality and views are suboptimal, glaucoma is judged not detected with low confidence.""}",1
data/Glaucoma/Test/data_07232.npz,70.55,female,white,non-hispanic,0,1,moderate,"The SLO/fundus image shows a relatively small optic disc with a deep central excavation and thin neuroretinal rim, suggesting increased cupping. Peripapillary RNFL striations appear somewhat reduced, particularly temporally. The OCT B-scans through the peripapillary region show thinning of the inner retinal layers/RNFL in several sectors without obvious segmentation artifacts. While image noise and lack of quantitative data limit certainty, the structural changes in both modalities are consistent with glaucomatous optic neuropathy rather than a normal disc.","{""glaucoma_detected"": 1, ""confidence"": ""moderate"", ""reasoning"": ""The SLO/fundus image shows a relatively small optic disc with a deep central excavation and thin neuroretinal rim, suggesting increased cupping. Peripapillary RNFL striations appear somewhat reduced, particularly temporally. The OCT B-scans through the peripapillary region show thinning of the inner retinal layers/RNFL in several sectors without obvious segmentation artifacts. While image noise and lack of quantitative data limit certainty, the structural changes in both modalities are consistent with glaucomatous optic neuropathy rather than a normal disc.""}",0
data/Glaucoma/Test/data_07233.npz,42.24,female,white,non-hispanic,0,0,moderate,"The SLO/fundus image shows a relatively normal-appearing optic nerve head with a central cup but no obvious focal neuroretinal rim thinning, notching, or peripapillary RNFL defects. Vessels follow a typical course without clear signs of glaucomatous displacement. The OCT B-scans demonstrate intact retinal layers without obvious thinning or excavation of the peripapillary RNFL or optic nerve head region. Image quality is adequate, and there is no strong structural evidence of glaucomatous damage in either modality, though subtle changes cannot be excluded without quantitative data or additional views.","{""glaucoma_detected"": 0, ""confidence"": ""moderate"", ""reasoning"": ""The SLO/fundus image shows a relatively normal-appearing optic nerve head with a central cup but no obvious focal neuroretinal rim thinning, notching, or peripapillary RNFL defects. Vessels follow a typical course without clear signs of glaucomatous displacement. The OCT B-scans demonstrate intact retinal layers without obvious thinning or excavation of the peripapillary RNFL or optic nerve head region. Image quality is adequate, and there is no strong structural evidence of glaucomatous damage in either modality, though subtle changes cannot be excluded without quantitative data or additional views.""}",1
data/Glaucoma/Test/data_07234.npz,70.94,male,black,non-hispanic,1,0,low,"Fundus/SLO image shows an optic nerve head that appears relatively small and round without obvious large cupping or marked neuroretinal rim thinning, though image contrast is limited and fine rim details are difficult to assess. The OCT B-scans across the posterior pole show a fairly uniform, intact retinal nerve fiber/ganglion cell complex layer without clear focal thinning, step defects, or excavation near the disc. However, image noise and lack of quantitative RNFL/GCC maps reduce reliability. Given the absence of clear structural glaucomatous changes but suboptimal image quality, glaucoma is not detected, with low confidence due to limited detail and lack of quantitative data.","{""glaucoma_detected"": 0, ""confidence"": ""low"", ""reasoning"": ""Fundus/SLO image shows an optic nerve head that appears relatively small and round without obvious large cupping or marked neuroretinal rim thinning, though image contrast is limited and fine rim details are difficult to assess. The OCT B-scans across the posterior pole show a fairly uniform, intact retinal nerve fiber/ganglion cell complex layer without clear focal thinning, step defects, or excavation near the disc. However, image noise and lack of quantitative RNFL/GCC maps reduce reliability. Given the absence of clear structural glaucomatous changes but suboptimal image quality, glaucoma is not detected, with low confidence due to limited detail and lack of quantitative data.""}",0
data/Glaucoma/Test/data_07235.npz,77.35,female,white,non-hispanic,0,0,low,"Assessment is limited by small, low-contrast SLO and noisy OCT B-scans. The optic nerve head appears centered with some cupping, but neuroretinal rim details are indistinct and peripapillary RNFL thickness cannot be reliably judged. OCT scans mainly show macular retinal layers without clear glaucomatous thinning or structural defects. Due to poor image quality and lack of definitive glaucomatous changes, glaucoma is not detected, but uncertainty remains high.","{""glaucoma_detected"": 0, ""confidence"": ""low"", ""reasoning"": ""Assessment is limited by small, low-contrast SLO and noisy OCT B-scans. The optic nerve head appears centered with some cupping, but neuroretinal rim details are indistinct and peripapillary RNFL thickness cannot be reliably judged. OCT scans mainly show macular retinal layers without clear glaucomatous thinning or structural defects. Due to poor image quality and lack of definitive glaucomatous changes, glaucoma is not detected, but uncertainty remains high.""}",1
data/Glaucoma/Test/data_07236.npz,65.52,female,white,non-hispanic,1,0,moderate,"The SLO/fundus image shows an optic nerve head with a relatively small cup and preserved neuroretinal rim without obvious focal thinning or notching. Vessels follow a normal course without clear signs of glaucomatous cupping. The OCT B-scans, though somewhat noisy and macula-focused rather than centered on the optic disc/RNFL, do not show obvious diffuse RNFL thinning or structural changes typical of glaucoma. Due to limited visualization of peripapillary RNFL and image noise, some uncertainty remains, but available structural findings do not support glaucomatous damage.","{""glaucoma_detected"": 0, ""confidence"": ""moderate"", ""reasoning"": ""The SLO/fundus image shows an optic nerve head with a relatively small cup and preserved neuroretinal rim without obvious focal thinning or notching. Vessels follow a normal course without clear signs of glaucomatous cupping. The OCT B-scans, though somewhat noisy and macula-focused rather than centered on the optic disc/RNFL, do not show obvious diffuse RNFL thinning or structural changes typical of glaucoma. Due to limited visualization of peripapillary RNFL and image noise, some uncertainty remains, but available structural findings do not support glaucomatous damage.""}",0
data/Glaucoma/Test/data_07237.npz,59.55,female,white,non-hispanic,1,0,moderate,"The SLO/fundus image shows an optic nerve head without obvious pathologic cupping or focal neuroretinal rim thinning; vessel configuration and peripapillary area appear relatively normal. The OCT B-scans demonstrate intact retinal layers without clear thinning or loss of the retinal nerve fiber layer or other glaucomatous structural changes. Image quality is adequate and the two modalities are concordant in not showing definite glaucomatous damage, though absence of quantitative RNFL data and visual fields limits certainty.","{""glaucoma_detected"": 0, ""confidence"": ""moderate"", ""reasoning"": ""The SLO/fundus image shows an optic nerve head without obvious pathologic cupping or focal neuroretinal rim thinning; vessel configuration and peripapillary area appear relatively normal. The OCT B-scans demonstrate intact retinal layers without clear thinning or loss of the retinal nerve fiber layer or other glaucomatous structural changes. Image quality is adequate and the two modalities are concordant in not showing definite glaucomatous damage, though absence of quantitative RNFL data and visual fields limits certainty.""}",0
data/Glaucoma/Test/data_07238.npz,51.84,male,white,non-hispanic,0,0,moderate,"The SLO/fundus image shows an optic nerve head with visible vessels and no obvious marked cupping or neuroretinal rim thinning; the disc margins appear relatively intact. The OCT B-scans demonstrate a generally preserved retinal nerve fiber layer and inner retinal architecture without clear focal thinning, notching, or glaucomatous excavation of the optic nerve head. Image noise is present but structural details are still appreciable. Overall, there are no strong structural indicators of glaucomatous damage, though subtle changes cannot be excluded without quantitative data, so confidence is moderate.","{""glaucoma_detected"": 0, ""confidence"": ""moderate"", ""reasoning"": ""The SLO/fundus image shows an optic nerve head with visible vessels and no obvious marked cupping or neuroretinal rim thinning; the disc margins appear relatively intact. The OCT B-scans demonstrate a generally preserved retinal nerve fiber layer and inner retinal architecture without clear focal thinning, notching, or glaucomatous excavation of the optic nerve head. Image noise is present but structural details are still appreciable. Overall, there are no strong structural indicators of glaucomatous damage, though subtle changes cannot be excluded without quantitative data, so confidence is moderate.""}",1
data/Glaucoma/Test/data_07239.npz,69.33,male,white,non-hispanic,1,0,low,"The SLO image shows an optic nerve head with a visible cup, but image quality and contrast are limited, making neuroretinal rim assessment and cup-to-disc estimation uncertain. No obvious focal rim loss or notching is clearly discernible. The OCT B-scans provided appear to be macular/retinal cross-sections rather than peripapillary RNFL scans, and they do not show clear thinning patterns or structural defects typical of glaucoma, though noise and resolution reduce reliability. Given the absence of definite glaucomatous structural damage but also the suboptimal imaging and incomplete RNFL information, glaucoma is not detected, with low confidence due to uncertainty.","{""glaucoma_detected"": 0, ""confidence"": ""low"", ""reasoning"": ""The SLO image shows an optic nerve head with a visible cup, but image quality and contrast are limited, making neuroretinal rim assessment and cup-to-disc estimation uncertain. No obvious focal rim loss or notching is clearly discernible. The OCT B-scans provided appear to be macular/retinal cross-sections rather than peripapillary RNFL scans, and they do not show clear thinning patterns or structural defects typical of glaucoma, though noise and resolution reduce reliability. Given the absence of definite glaucomatous structural damage but also the suboptimal imaging and incomplete RNFL information, glaucoma is not detected, with low confidence due to uncertainty.""}",0
data/Glaucoma/Test/data_07240.npz,67.75,male,white,hispanic,1,1,moderate,"The SLO/fundus image shows a relatively large, vertically elongated cup with apparent thinning of the neuroretinal rim, particularly inferiorly, suggesting glaucomatous cupping. The peripapillary region does not show obvious localized RNFL defects, but image contrast is limited. The OCT B-scans through the optic nerve head demonstrate deep cupping and posterior displacement of the lamina region, with thinning of the neuroretinal tissue around the cup compared with expected thickness. Overall, both modalities suggest structural optic nerve head changes more consistent with glaucoma than a normal variant, though absence of quantitative RNFL data and modest image quality reduce certainty.","{""glaucoma_detected"": 1, ""confidence"": ""moderate"", ""reasoning"": ""The SLO/fundus image shows a relatively large, vertically elongated cup with apparent thinning of the neuroretinal rim, particularly inferiorly, suggesting glaucomatous cupping. The peripapillary region does not show obvious localized RNFL defects, but image contrast is limited. The OCT B-scans through the optic nerve head demonstrate deep cupping and posterior displacement of the lamina region, with thinning of the neuroretinal tissue around the cup compared with expected thickness. Overall, both modalities suggest structural optic nerve head changes more consistent with glaucoma than a normal variant, though absence of quantitative RNFL data and modest image quality reduce certainty.""}",1
data/Glaucoma/Test/data_07241.npz,31.88,female,white,non-hispanic,0,0,moderate,"The SLO/fundus image shows an optic nerve head with a relatively small cup and preserved neuroretinal rim without obvious focal thinning or notching. Peripapillary RNFL striations appear reasonably intact, and there is no clear evidence of diffuse RNFL loss. The OCT B-scans, though somewhat noisy and macular-focused rather than centered on the optic disc, do not show obvious thinning or structural defects suggestive of glaucomatous damage. Given the limitations of image quality and absence of quantitative RNFL or disc parameters, glaucoma is not detected, but certainty is limited.","{""glaucoma_detected"": 0, ""confidence"": ""moderate"", ""reasoning"": ""The SLO/fundus image shows an optic nerve head with a relatively small cup and preserved neuroretinal rim without obvious focal thinning or notching. Peripapillary RNFL striations appear reasonably intact, and there is no clear evidence of diffuse RNFL loss. The OCT B-scans, though somewhat noisy and macular-focused rather than centered on the optic disc, do not show obvious thinning or structural defects suggestive of glaucomatous damage. Given the limitations of image quality and absence of quantitative RNFL or disc parameters, glaucoma is not detected, but certainty is limited.""}",1
data/Glaucoma/Test/data_07242.npz,62.48,male,white,non-hispanic,0,0,moderate,"The SLO/fundus image shows an optic nerve head without obvious marked cupping, rim thinning, or focal notching; vessels appear to enter and exit in a relatively normal pattern. The OCT B-scans provided are macular/retinal cross-sections rather than peripapillary RNFL scans, and they do not show clear thinning or structural loss typical of glaucomatous damage. Image quality is adequate but not optimal, and the absence of RNFL/ONH-specific OCT limits certainty. Based on the visible structures, glaucomatous changes are not clearly present, so glaucoma is not detected, though the assessment is limited by modality and image quality.","{""glaucoma_detected"": 0, ""confidence"": ""moderate"", ""reasoning"": ""The SLO/fundus image shows an optic nerve head without obvious marked cupping, rim thinning, or focal notching; vessels appear to enter and exit in a relatively normal pattern. The OCT B-scans provided are macular/retinal cross-sections rather than peripapillary RNFL scans, and they do not show clear thinning or structural loss typical of glaucomatous damage. Image quality is adequate but not optimal, and the absence of RNFL/ONH-specific OCT limits certainty. Based on the visible structures, glaucomatous changes are not clearly present, so glaucoma is not detected, though the assessment is limited by modality and image quality.""}",1
data/Glaucoma/Test/data_07243.npz,38.34,female,white,non-hispanic,0,0,moderate,"The SLO/fundus image shows a relatively small optic disc with a limited central cup and preserved neuroretinal rim without obvious focal thinning or notching. Peripapillary RNFL pattern appears intact without clear wedge defects. The evenly spaced OCT B-scans through the macula show normal retinal layering and foveal contour, without apparent thinning or structural loss suggestive of advanced glaucomatous damage. Image quality is adequate, and there is no strong structural evidence of glaucoma, though subtle early changes cannot be excluded without quantitative RNFL/ONH analysis or visual fields.","{""glaucoma_detected"": 0, ""confidence"": ""moderate"", ""reasoning"": ""The SLO/fundus image shows a relatively small optic disc with a limited central cup and preserved neuroretinal rim without obvious focal thinning or notching. Peripapillary RNFL pattern appears intact without clear wedge defects. The evenly spaced OCT B-scans through the macula show normal retinal layering and foveal contour, without apparent thinning or structural loss suggestive of advanced glaucomatous damage. Image quality is adequate, and there is no strong structural evidence of glaucoma, though subtle early changes cannot be excluded without quantitative RNFL/ONH analysis or visual fields.""}",1
data/Glaucoma/Test/data_07244.npz,68.03,male,white,non-hispanic,1,0,low,"The SLO/fundus image is very dark and noisy, making detailed assessment of optic nerve cupping and neuroretinal rim difficult. No clear glaucomatous cupping or focal rim thinning can be confidently identified. The OCT B-scans show the optic nerve head region and surrounding retina without obvious deep excavation of the disc or marked thinning/defects of the peripapillary retinal nerve fiber layer, but image noise and limited views reduce reliability. Given the poor image quality and absence of clearly visible glaucomatous structural changes, glaucoma is not detected, though uncertainty remains high.","{""glaucoma_detected"": 0, ""confidence"": ""low"", ""reasoning"": ""The SLO/fundus image is very dark and noisy, making detailed assessment of optic nerve cupping and neuroretinal rim difficult. No clear glaucomatous cupping or focal rim thinning can be confidently identified. The OCT B-scans show the optic nerve head region and surrounding retina without obvious deep excavation of the disc or marked thinning/defects of the peripapillary retinal nerve fiber layer, but image noise and limited views reduce reliability. Given the poor image quality and absence of clearly visible glaucomatous structural changes, glaucoma is not detected, though uncertainty remains high.""}",0
data/Glaucoma/Test/data_07245.npz,56.29,female,black,non-hispanic,1,0,moderate,"The SLO/fundus image shows a relatively small optic disc with a modest cup and preserved neuroretinal rim circumferentially, without obvious focal rim thinning or notching. Vessels appear to follow a normal course without clear signs of glaucomatous cupping. The OCT B-scans through the optic nerve head show a normal-appearing contour of the neuroretinal rim and peripapillary retinal nerve fiber layer without evident diffuse or focal thinning or excavation. Image quality is somewhat noisy but sufficient to exclude obvious structural glaucomatous damage, so glaucoma is not detected, though subtle early changes cannot be fully ruled out.","{""glaucoma_detected"": 0, ""confidence"": ""moderate"", ""reasoning"": ""The SLO/fundus image shows a relatively small optic disc with a modest cup and preserved neuroretinal rim circumferentially, without obvious focal rim thinning or notching. Vessels appear to follow a normal course without clear signs of glaucomatous cupping. The OCT B-scans through the optic nerve head show a normal-appearing contour of the neuroretinal rim and peripapillary retinal nerve fiber layer without evident diffuse or focal thinning or excavation. Image quality is somewhat noisy but sufficient to exclude obvious structural glaucomatous damage, so glaucoma is not detected, though subtle early changes cannot be fully ruled out.""}",0
data/Glaucoma/Test/data_07246.npz,69.07,female,white,non-hispanic,1,0,moderate,"The SLO/fundus image shows a relatively small optic disc with limited visible cupping and no obvious neuroretinal rim thinning or notching; vessels appear to enter and exit in a pattern not strongly suggestive of glaucomatous excavation. The OCT B-scans across the posterior pole demonstrate normal-appearing retinal layers without clear thinning, focal RNFL defects, or peripapillary atrophy. Image quality is somewhat limited, so subtle damage could be missed, but based on the visible structures there is no strong structural evidence of glaucoma in this eye.","{""glaucoma_detected"": 0, ""confidence"": ""moderate"", ""reasoning"": ""The SLO/fundus image shows a relatively small optic disc with limited visible cupping and no obvious neuroretinal rim thinning or notching; vessels appear to enter and exit in a pattern not strongly suggestive of glaucomatous excavation. The OCT B-scans across the posterior pole demonstrate normal-appearing retinal layers without clear thinning, focal RNFL defects, or peripapillary atrophy. Image quality is somewhat limited, so subtle damage could be missed, but based on the visible structures there is no strong structural evidence of glaucoma in this eye.""}",0
data/Glaucoma/Test/data_07247.npz,86.88,female,white,non-hispanic,1,0,low,"The SLO/fundus image is very dark and low contrast, making detailed assessment of optic nerve cupping and neuroretinal rim difficult. No clear glaucomatous excavation or focal RNFL defects can be confidently identified. The OCT B-scans provided appear to be macular rather than peripapillary RNFL scans; they show relatively preserved retinal layers without obvious thinning patterns typical of glaucoma. Because the key glaucoma structures (optic disc and RNFL around the disc) are poorly visualized and modality agreement cannot be firmly established, glaucoma cannot be reliably confirmed, so it is classified as not detected with low confidence.","{""glaucoma_detected"": 0, ""confidence"": ""low"", ""reasoning"": ""The SLO/fundus image is very dark and low contrast, making detailed assessment of optic nerve cupping and neuroretinal rim difficult. No clear glaucomatous excavation or focal RNFL defects can be confidently identified. The OCT B-scans provided appear to be macular rather than peripapillary RNFL scans; they show relatively preserved retinal layers without obvious thinning patterns typical of glaucoma. Because the key glaucoma structures (optic disc and RNFL around the disc) are poorly visualized and modality agreement cannot be firmly established, glaucoma cannot be reliably confirmed, so it is classified as not detected with low confidence.""}",0
data/Glaucoma/Test/data_07248.npz,74.24,male,white,non-hispanic,1,1,moderate,"The SLO/fundus image shows a relatively large, vertically elongated cup with apparent thinning of the neuroretinal rim, particularly inferiorly, suggesting glaucomatous cupping. The OCT B-scans through the optic nerve head demonstrate deep excavation of the disc with reduced neuroretinal tissue thickness around the cup, consistent with structural loss rather than a small, crowded disc. Image noise and lack of quantitative RNFL maps limit certainty, but the concordant appearance of optic nerve head cupping and tissue thinning across both modalities supports glaucoma presence.","{""glaucoma_detected"": 1, ""confidence"": ""moderate"", ""reasoning"": ""The SLO/fundus image shows a relatively large, vertically elongated cup with apparent thinning of the neuroretinal rim, particularly inferiorly, suggesting glaucomatous cupping. The OCT B-scans through the optic nerve head demonstrate deep excavation of the disc with reduced neuroretinal tissue thickness around the cup, consistent with structural loss rather than a small, crowded disc. Image noise and lack of quantitative RNFL maps limit certainty, but the concordant appearance of optic nerve head cupping and tissue thinning across both modalities supports glaucoma presence.""}",1
data/Glaucoma/Test/data_07249.npz,60.01,male,white,non-hispanic,0,0,moderate,"The SLO/fundus image shows a relatively normal-appearing optic nerve head without obvious marked cupping or neuroretinal rim thinning; vessel configuration and peripapillary area do not suggest advanced glaucomatous damage. The OCT B-scans provided are macular/retinal cross-sections rather than peripapillary RNFL or optic nerve scans, and they do not show clear inner retinal or RNFL thinning patterns typical of glaucoma. Image quality is adequate but not optimal, and absence of dedicated optic nerve/RNFL OCT limits certainty, yet based on visible structures there is no strong structural evidence of glaucoma in this case.","{""glaucoma_detected"": 0, ""confidence"": ""moderate"", ""reasoning"": ""The SLO/fundus image shows a relatively normal-appearing optic nerve head without obvious marked cupping or neuroretinal rim thinning; vessel configuration and peripapillary area do not suggest advanced glaucomatous damage. The OCT B-scans provided are macular/retinal cross-sections rather than peripapillary RNFL or optic nerve scans, and they do not show clear inner retinal or RNFL thinning patterns typical of glaucoma. Image quality is adequate but not optimal, and absence of dedicated optic nerve/RNFL OCT limits certainty, yet based on visible structures there is no strong structural evidence of glaucoma in this case.""}",1
data/Glaucoma/Test/data_07250.npz,75.1,female,white,non-hispanic,0,0,low,"Fundus/SLO image is extremely dark and noisy, with the optic nerve head and neuroretinal rim poorly visualized, preventing reliable assessment of cupping or rim thinning. The OCT B-scans are also very noisy and appear to show only peripapillary retinal layers without a clearly visible optic nerve head or obvious RNFL loss or excavation, but image quality is insufficient for detailed structural evaluation. Because no definite glaucomatous changes can be identified in either modality, glaucoma is not detected, though the assessment is highly limited by poor image quality and should not replace clinical evaluation.","{""glaucoma_detected"": 0, ""confidence"": ""low"", ""reasoning"": ""Fundus/SLO image is extremely dark and noisy, with the optic nerve head and neuroretinal rim poorly visualized, preventing reliable assessment of cupping or rim thinning. The OCT B-scans are also very noisy and appear to show only peripapillary retinal layers without a clearly visible optic nerve head or obvious RNFL loss or excavation, but image quality is insufficient for detailed structural evaluation. Because no definite glaucomatous changes can be identified in either modality, glaucoma is not detected, though the assessment is highly limited by poor image quality and should not replace clinical evaluation.""}",1
