Filename,Age,Gender,Race,Ethnicity,Ground_Truth,Pred_GL,Confidence,Reasoning,Raw_Response,Is_Correct
data/Glaucoma/Test/data_07001.npz,50.81,female,asian,non-hispanic,1,0,low,"The fundus image is low quality and provides limited visualization of the optic nerve; definite glaucomatous cupping or rim loss is not established. The OCT B-scans do not clearly show the optic nerve head or a diagnostic retinal nerve fiber layer defect. Overall, glaucoma cannot be confirmed from these images.","{
  ""glaucoma_detected"": 0,
  ""confidence"": ""low"",
  ""reasoning"": ""The fundus image is low quality and provides limited visualization of the optic nerve; definite glaucomatous cupping or rim loss is not established. The OCT B-scans do not clearly show the optic nerve head or a diagnostic retinal nerve fiber layer defect. Overall, glaucoma cannot be confirmed from these images.""
}",0
data/Glaucoma/Test/data_07002.npz,79.67,female,white,non-hispanic,0,0,low,"The fundus image is limited in quality but does not show definite glaucomatous cupping or focal neuroretinal rim loss. The OCT consists of macular B-scans without optic-nerve/RNFL assessment, so it provides little evidence for or against glaucoma.","{""glaucoma_detected"":0,""confidence"":""low"",""reasoning"":""The fundus image is limited in quality but does not show definite glaucomatous cupping or focal neuroretinal rim loss. The OCT consists of macular B-scans without optic-nerve/RNFL assessment, so it provides little evidence for or against glaucoma.""}",1
data/Glaucoma/Test/data_07003.npz,75.81,female,white,non-hispanic,1,0,low,"The fundus image is low quality and does not clearly demonstrate glaucomatous optic nerve cupping or rim loss. The OCT B-scans appear macular and do not adequately assess the optic nerve head or retinal nerve fiber layer, so glaucoma cannot be reliably evaluated from these images.","{""glaucoma_detected"":0,""confidence"":""low"",""reasoning"":""The fundus image is low quality and does not clearly demonstrate glaucomatous optic nerve cupping or rim loss. The OCT B-scans appear macular and do not adequately assess the optic nerve head or retinal nerve fiber layer, so glaucoma cannot be reliably evaluated from these images.""}",0
data/Glaucoma/Test/data_07004.npz,63.38,male,asian,non-hispanic,0,1,low,"The fundus image suggests a relatively large optic cup with possible neuroretinal rim thinning, raising concern for glaucomatous cupping. Image quality is limited, and the OCT scans are macular rather than optic-nerve/RNFL scans, so structural confirmation is unavailable.","{""glaucoma_detected"":1,""confidence"":""low"",""reasoning"":""The fundus image suggests a relatively large optic cup with possible neuroretinal rim thinning, raising concern for glaucomatous cupping. Image quality is limited, and the OCT scans are macular rather than optic-nerve/RNFL scans, so structural confirmation is unavailable.""}",0
data/Glaucoma/Test/data_07005.npz,84.99,female,white,non-hispanic,1,1,low,"The fundus image shows a relatively prominent optic disc excavation with possible neuroretinal rim thinning, raising suspicion for glaucomatous cupping. The image is limited in quality, and the provided OCT scans are macular rather than optic-nerve/RNFL scans, so structural confirmation is unavailable.","{""glaucoma_detected"":1,""confidence"":""low"",""reasoning"":""The fundus image shows a relatively prominent optic disc excavation with possible neuroretinal rim thinning, raising suspicion for glaucomatous cupping. The image is limited in quality, and the provided OCT scans are macular rather than optic-nerve/RNFL scans, so structural confirmation is unavailable.""}",1
data/Glaucoma/Test/data_07006.npz,26.04,female,white,non-hispanic,0,0,moderate,"The optic nerve head appears to have a preserved neuroretinal rim without clear glaucomatous excavation or focal rim loss. The OCT B-scans show preserved retinal architecture without an obvious glaucomatous structural defect, although the provided scans and image quality limit assessment.","{
  ""glaucoma_detected"": 0,
  ""confidence"": ""moderate"",
  ""reasoning"": ""The optic nerve head appears to have a preserved neuroretinal rim without clear glaucomatous excavation or focal rim loss. The OCT B-scans show preserved retinal architecture without an obvious glaucomatous structural defect, although the provided scans and image quality limit assessment.""
}",1
data/Glaucoma/Test/data_07007.npz,54.66,female,white,non-hispanic,1,0,low,"The fundus image is low quality and provides limited visualization of the optic nerve head, without definite focal rim loss or marked cupping. The OCT B-scans do not show a clear, corroborating pattern of retinal nerve fiber layer or neuroretinal rim thinning. Glaucoma cannot be excluded from these images alone.","{""glaucoma_detected"":0,""confidence"":""low"",""reasoning"":""The fundus image is low quality and provides limited visualization of the optic nerve head, without definite focal rim loss or marked cupping. The OCT B-scans do not show a clear, corroborating pattern of retinal nerve fiber layer or neuroretinal rim thinning. Glaucoma cannot be excluded from these images alone.""}",0
data/Glaucoma/Test/data_07008.npz,40.07,male,white,non-hispanic,0,0,low,The optic disc shows a visible cup but generally preserved neuroretinal rim without definite focal notching or marked asymmetry. The OCT B-scans do not show a clear glaucomatous retinal nerve fiber layer or structural loss pattern. Image quality and limited scan context reduce certainty.,"{""glaucoma_detected"":0,""confidence"":""low"",""reasoning"":""The optic disc shows a visible cup but generally preserved neuroretinal rim without definite focal notching or marked asymmetry. The OCT B-scans do not show a clear glaucomatous retinal nerve fiber layer or structural loss pattern. Image quality and limited scan context reduce certainty.""}",1
data/Glaucoma/Test/data_07009.npz,91.8,male,white,non-hispanic,0,0,low,"The optic nerve head is poorly visualized on the SLO image, with no definite glaucomatous cupping or rim loss identifiable. The OCT B-scans are macular and do not adequately assess the optic nerve or retinal nerve fiber layer, so glaucoma cannot be confirmed from these images.","{""glaucoma_detected"":0,""confidence"":""low"",""reasoning"":""The optic nerve head is poorly visualized on the SLO image, with no definite glaucomatous cupping or rim loss identifiable. The OCT B-scans are macular and do not adequately assess the optic nerve or retinal nerve fiber layer, so glaucoma cannot be confirmed from these images.""}",1
data/Glaucoma/Test/data_07010.npz,67.38,male,white,non-hispanic,0,0,moderate,"The optic nerve head appears without clear focal neuroretinal rim loss or marked glaucomatous cupping. The OCT B-scans show generally preserved retinal architecture but do not directly assess peripapillary RNFL; therefore, structural evidence of glaucoma is not demonstrated, though evaluation is limited.","{""glaucoma_detected"":0,""confidence"":""moderate"",""reasoning"":""The optic nerve head appears without clear focal neuroretinal rim loss or marked glaucomatous cupping. The OCT B-scans show generally preserved retinal architecture but do not directly assess peripapillary RNFL; therefore, structural evidence of glaucoma is not demonstrated, though evaluation is limited.""}",1
data/Glaucoma/Test/data_07011.npz,40.17,female,white,non-hispanic,0,0,low,"The optic nerve head is only partially visualized and does not show definite glaucomatous excavation or rim loss. The OCT B-scans show preserved-appearing retinal layers without a clear focal glaucomatous structural defect, but dedicated RNFL/optic-nerve imaging is not provided and image quality limits confidence.","{""glaucoma_detected"":0,""confidence"":""low"",""reasoning"":""The optic nerve head is only partially visualized and does not show definite glaucomatous excavation or rim loss. The OCT B-scans show preserved-appearing retinal layers without a clear focal glaucomatous structural defect, but dedicated RNFL/optic-nerve imaging is not provided and image quality limits confidence.""}",1
data/Glaucoma/Test/data_07012.npz,71.7,female,black,non-hispanic,1,1,low,"The optic nerve appearance suggests relatively prominent cupping with a reduced neuroretinal rim, and the OCT montage includes a deep optic-nerve excavation. However, image quality and scan orientation are limited, so the structural evidence is suggestive rather than definitive.","{""glaucoma_detected"":1,""confidence"":""low"",""reasoning"":""The optic nerve appearance suggests relatively prominent cupping with a reduced neuroretinal rim, and the OCT montage includes a deep optic-nerve excavation. However, image quality and scan orientation are limited, so the structural evidence is suggestive rather than definitive.""}",1
data/Glaucoma/Test/data_07013.npz,68.45,female,white,hispanic,1,0,low,The SLO image is low quality and does not clearly demonstrate glaucomatous optic nerve cupping or rim loss. The provided OCT B-scans appear to be macular rather than optic-nerve/RNFL scans and show no definitive glaucoma-related structural abnormality. Glaucoma cannot be reliably confirmed from these images.,"{""glaucoma_detected"":0,""confidence"":""low"",""reasoning"":""The SLO image is low quality and does not clearly demonstrate glaucomatous optic nerve cupping or rim loss. The provided OCT B-scans appear to be macular rather than optic-nerve/RNFL scans and show no definitive glaucoma-related structural abnormality. Glaucoma cannot be reliably confirmed from these images.""}",0
data/Glaucoma/Test/data_07014.npz,58.42,male,white,non-hispanic,1,0,low,"The fundus image is too dark and limited for reliable assessment of optic disc cupping or neuroretinal rim loss. The OCT B-scans are centered on the macula and do not provide a dedicated optic nerve or RNFL evaluation. No definite glaucomatous structural abnormality is demonstrated, but assessment is substantially limited.","{
  ""glaucoma_detected"": 0,
  ""confidence"": ""low"",
  ""reasoning"": ""The fundus image is too dark and limited for reliable assessment of optic disc cupping or neuroretinal rim loss. The OCT B-scans are centered on the macula and do not provide a dedicated optic nerve or RNFL evaluation. No definite glaucomatous structural abnormality is demonstrated, but assessment is substantially limited.""
}",0
data/Glaucoma/Test/data_07015.npz,48.14,male,asian,non-hispanic,0,0,low,"The optic nerve appearance does not show definite marked cupping or focal neuroretinal rim loss, and the OCT B-scans do not demonstrate a clearly identifiable glaucomatous retinal nerve fiber layer defect. Image quality and limited scan presentation reduce confidence.","{""glaucoma_detected"":0,""confidence"":""low"",""reasoning"":""The optic nerve appearance does not show definite marked cupping or focal neuroretinal rim loss, and the OCT B-scans do not demonstrate a clearly identifiable glaucomatous retinal nerve fiber layer defect. Image quality and limited scan presentation reduce confidence.""}",1
data/Glaucoma/Test/data_07016.npz,84.82,male,black,non-hispanic,1,0,low,The SLO/fundus image is very dark and does not adequately show the optic nerve head or neuroretinal rim. The OCT B-scans appear to be macular scans without evaluable peripapillary RNFL or optic nerve structure. Glaucoma cannot be confirmed from these images.,"{""glaucoma_detected"":0,""confidence"":""low"",""reasoning"":""The SLO/fundus image is very dark and does not adequately show the optic nerve head or neuroretinal rim. The OCT B-scans appear to be macular scans without evaluable peripapillary RNFL or optic nerve structure. Glaucoma cannot be confirmed from these images.""}",0
data/Glaucoma/Test/data_07017.npz,74.01,female,white,non-hispanic,0,0,low,The optic nerve head is visible but the low-resolution grayscale image does not show definite glaucomatous rim thinning or focal notching. The provided OCT B-scans are macular and do not demonstrate a clear glaucoma-specific structural abnormality or RNFL assessment. Glaucoma cannot be excluded from these images alone.,"{""glaucoma_detected"":0,""confidence"":""low"",""reasoning"":""The optic nerve head is visible but the low-resolution grayscale image does not show definite glaucomatous rim thinning or focal notching. The provided OCT B-scans are macular and do not demonstrate a clear glaucoma-specific structural abnormality or RNFL assessment. Glaucoma cannot be excluded from these images alone.""}",1
data/Glaucoma/Test/data_07018.npz,54.05,female,black,non-hispanic,1,0,low,"The SLO image is very dark and does not clearly show the optic nerve head or neuroretinal rim. The OCT B-scans are low-contrast and do not provide a reliable, recognizable pattern of glaucomatous cupping or retinal nerve fiber layer loss. Glaucoma cannot be confidently assessed from these images.","{
  ""glaucoma_detected"": 0,
  ""confidence"": ""low"",
  ""reasoning"": ""The SLO image is very dark and does not clearly show the optic nerve head or neuroretinal rim. The OCT B-scans are low-contrast and do not provide a reliable, recognizable pattern of glaucomatous cupping or retinal nerve fiber layer loss. Glaucoma cannot be confidently assessed from these images.""
}",0
data/Glaucoma/Test/data_07019.npz,44.75,female,white,non-hispanic,0,0,low,"The optic nerve head is visible but image quality and limited field make cupping and neuroretinal rim assessment uncertain. The OCT B-scans show no clearly demonstrable glaucomatous structural loss, but they do not provide reliable RNFL quantification or clear optic nerve correlation. Glaucoma cannot be confirmed from these images alone.","{""glaucoma_detected"":0,""confidence"":""low"",""reasoning"":""The optic nerve head is visible but image quality and limited field make cupping and neuroretinal rim assessment uncertain. The OCT B-scans show no clearly demonstrable glaucomatous structural loss, but they do not provide reliable RNFL quantification or clear optic nerve correlation. Glaucoma cannot be confirmed from these images alone.""}",1
data/Glaucoma/Test/data_07020.npz,75.13,male,white,non-hispanic,0,0,low,"The optic nerve head is poorly visualized and may show some cupping, but there is no clear, definite focal neuroretinal rim loss. The OCT B-scans are macular and do not provide convincing RNFL or optic-nerve structural evidence of glaucoma.","{""glaucoma_detected"":0,""confidence"":""low"",""reasoning"":""The optic nerve head is poorly visualized and may show some cupping, but there is no clear, definite focal neuroretinal rim loss. The OCT B-scans are macular and do not provide convincing RNFL or optic-nerve structural evidence of glaucoma.""}",1
data/Glaucoma/Test/data_07021.npz,64.39,female,white,non-hispanic,0,0,low,"The optic nerve appearance does not show definite glaucomatous rim loss or marked cupping in the limited fundus image. The OCT B-scans are primarily macular and do not adequately assess the peripapillary retinal nerve fiber layer, so glaucoma cannot be excluded confidently.","{""glaucoma_detected"":0,""confidence"":""low"",""reasoning"":""The optic nerve appearance does not show definite glaucomatous rim loss or marked cupping in the limited fundus image. The OCT B-scans are primarily macular and do not adequately assess the peripapillary retinal nerve fiber layer, so glaucoma cannot be excluded confidently.""}",1
data/Glaucoma/Test/data_07022.npz,69.05,female,white,non-hispanic,1,0,low,"The fundus image is low quality and does not clearly show glaucomatous cupping or rim loss. The OCT B-scans show no definite glaucoma-related retinal nerve fiber layer or optic nerve structural abnormality, but dedicated quantitative RNFL/GCC data are unavailable.","{""glaucoma_detected"":0,""confidence"":""low"",""reasoning"":""The fundus image is low quality and does not clearly show glaucomatous cupping or rim loss. The OCT B-scans show no definite glaucoma-related retinal nerve fiber layer or optic nerve structural abnormality, but dedicated quantitative RNFL/GCC data are unavailable.""}",0
data/Glaucoma/Test/data_07023.npz,65.46,female,white,non-hispanic,0,0,low,The optic nerve head is only modestly visualized and does not show definite focal rim thinning or advanced cupping. The provided OCT B-scans are macular rather than optic-nerve/RNFL scans and do not demonstrate glaucoma-specific structural loss. Assessment is limited by image quality and modality coverage.,"{""glaucoma_detected"":0,""confidence"":""low"",""reasoning"":""The optic nerve head is only modestly visualized and does not show definite focal rim thinning or advanced cupping. The provided OCT B-scans are macular rather than optic-nerve/RNFL scans and do not demonstrate glaucoma-specific structural loss. Assessment is limited by image quality and modality coverage.""}",1
data/Glaucoma/Test/data_07024.npz,70.14,female,white,non-hispanic,0,1,low,"The optic nerve head appears excavated with a relatively large cup and reduced neuroretinal rim, raising suspicion for glaucomatous cupping. The OCT scans do not clearly assess the optic nerve/RNFL, and image quality and limited coverage prevent confident confirmation.","{""glaucoma_detected"":1,""confidence"":""low"",""reasoning"":""The optic nerve head appears excavated with a relatively large cup and reduced neuroretinal rim, raising suspicion for glaucomatous cupping. The OCT scans do not clearly assess the optic nerve/RNFL, and image quality and limited coverage prevent confident confirmation.""}",0
data/Glaucoma/Test/data_07025.npz,70.56,male,white,non-hispanic,0,1,low,"The optic nerve head appears excavated with a relatively attenuated neuroretinal rim, raising concern for glaucomatous cupping. The SLO image is underexposed and the OCT B-scans are limited/ambiguous, so structural confirmation is weak.","{""glaucoma_detected"":1,""confidence"":""low"",""reasoning"":""The optic nerve head appears excavated with a relatively attenuated neuroretinal rim, raising concern for glaucomatous cupping. The SLO image is underexposed and the OCT B-scans are limited/ambiguous, so structural confirmation is weak.""}",0
data/Glaucoma/Test/data_07026.npz,57.62,male,white,non-hispanic,1,0,low,"The optic nerve head appears without obvious marked cupping or focal rim loss on the fundus image. The OCT B-scans show macular retinal structure but do not provide dedicated RNFL or optic nerve head measurements, limiting assessment; no clear glaucomatous structural abnormality is evident.","{""glaucoma_detected"":0,""confidence"":""low"",""reasoning"":""The optic nerve head appears without obvious marked cupping or focal rim loss on the fundus image. The OCT B-scans show macular retinal structure but do not provide dedicated RNFL or optic nerve head measurements, limiting assessment; no clear glaucomatous structural abnormality is evident.""}",0
data/Glaucoma/Test/data_07027.npz,66.06,female,white,non-hispanic,0,1,low,"The fundus image suggests a relatively large optic cup with possible neuroretinal rim thinning, but image quality is limited. The OCT B-scans do not provide clear, definitive structural confirmation of glaucomatous loss.","{""glaucoma_detected"":1,""confidence"":""low"",""reasoning"":""The fundus image suggests a relatively large optic cup with possible neuroretinal rim thinning, but image quality is limited. The OCT B-scans do not provide clear, definitive structural confirmation of glaucomatous loss.""}",0
data/Glaucoma/Test/data_07028.npz,63.3,male,asian,non-hispanic,0,0,low,"The SLO image is low quality and provides limited visualization of the optic nerve head, with no definite glaucomatous cupping or rim loss. The OCT B-scans show macular retinal structure rather than a clear optic nerve/RNFL assessment, so glaucoma cannot be reliably evaluated from these images.","{
  ""glaucoma_detected"": 0,
  ""confidence"": ""low"",
  ""reasoning"": ""The SLO image is low quality and provides limited visualization of the optic nerve head, with no definite glaucomatous cupping or rim loss. The OCT B-scans show macular retinal structure rather than a clear optic nerve/RNFL assessment, so glaucoma cannot be reliably evaluated from these images.""
}",1
data/Glaucoma/Test/data_07029.npz,52.88,male,black,non-hispanic,1,0,low,"The SLO image is poorly detailed and does not clearly demonstrate glaucomatous cupping or rim loss. The OCT B-scans show retinal structure but no definite, interpretable glaucoma-related thinning pattern. Overall evidence is insufficient to identify glaucoma.","{""glaucoma_detected"":0,""confidence"":""low"",""reasoning"":""The SLO image is poorly detailed and does not clearly demonstrate glaucomatous cupping or rim loss. The OCT B-scans show retinal structure but no definite, interpretable glaucoma-related thinning pattern. Overall evidence is insufficient to identify glaucoma.""}",0
data/Glaucoma/Test/data_07030.npz,59.43,male,white,non-hispanic,0,0,low,The optic nerve head appears relatively preserved without definite glaucomatous rim loss or marked cupping. The OCT scans are macular rather than optic-nerve/RNFL-focused and do not show evaluable glaucoma-specific structural loss. Assessment is limited by image quality and modality coverage.,"{""glaucoma_detected"":0,""confidence"":""low"",""reasoning"":""The optic nerve head appears relatively preserved without definite glaucomatous rim loss or marked cupping. The OCT scans are macular rather than optic-nerve/RNFL-focused and do not show evaluable glaucoma-specific structural loss. Assessment is limited by image quality and modality coverage.""}",1
data/Glaucoma/Test/data_07031.npz,20.86,female,black,non-hispanic,1,0,low,The SLO/fundus image is markedly limited and does not clearly show the optic nerve head or cupping. The OCT montage shows retinal structures but no definite glaucomatous RNFL or neuroretinal-rim abnormality. Image quality and anatomic coverage are insufficient for confident assessment.,"{""glaucoma_detected"":0,""confidence"":""low"",""reasoning"":""The SLO/fundus image is markedly limited and does not clearly show the optic nerve head or cupping. The OCT montage shows retinal structures but no definite glaucomatous RNFL or neuroretinal-rim abnormality. Image quality and anatomic coverage are insufficient for confident assessment.""}",0
data/Glaucoma/Test/data_07032.npz,95.58,male,white,non-hispanic,1,0,low,"The SLO image is low quality and provides limited visualization of the optic nerve head; no definite glaucomatous rim loss or marked cupping is established. The OCT B-scans do not clearly demonstrate a glaucoma-specific RNFL or optic nerve pattern. Glaucoma cannot be excluded, but it is not convincingly detected from these images.","{""glaucoma_detected"":0,""confidence"":""low"",""reasoning"":""The SLO image is low quality and provides limited visualization of the optic nerve head; no definite glaucomatous rim loss or marked cupping is established. The OCT B-scans do not clearly demonstrate a glaucoma-specific RNFL or optic nerve pattern. Glaucoma cannot be excluded, but it is not convincingly detected from these images.""}",0
data/Glaucoma/Test/data_07033.npz,47.71,male,white,non-hispanic,1,0,low,"The optic nerve appears to have a preserved neuroretinal rim without definite focal notching or advanced cupping. The OCT B-scans show generally preserved retinal architecture but do not include dedicated RNFL or optic nerve head measurements, limiting assessment. No convincing structural evidence of glaucoma is visible, though image limitations warrant low confidence.","{
  ""glaucoma_detected"": 0,
  ""confidence"": ""low"",
  ""reasoning"": ""The optic nerve appears to have a preserved neuroretinal rim without definite focal notching or advanced cupping. The OCT B-scans show generally preserved retinal architecture but do not include dedicated RNFL or optic nerve head measurements, limiting assessment. No convincing structural evidence of glaucoma is visible, though image limitations warrant low confidence.""
}",0
data/Glaucoma/Test/data_07034.npz,64.75,male,white,non-hispanic,1,1,low,"The fundus image suggests a relatively large optic nerve excavation with reduced-appearing neuroretinal rim, raising concern for glaucomatous cupping. However, image quality and orientation are limited, and the provided OCT B-scans are macular rather than optic-nerve/RNFL scans, so structural confirmation is unavailable.","{""glaucoma_detected"":1,""confidence"":""low"",""reasoning"":""The fundus image suggests a relatively large optic nerve excavation with reduced-appearing neuroretinal rim, raising concern for glaucomatous cupping. However, image quality and orientation are limited, and the provided OCT B-scans are macular rather than optic-nerve/RNFL scans, so structural confirmation is unavailable.""}",1
data/Glaucoma/Test/data_07035.npz,77.33,female,black,non-hispanic,1,1,low,"The SLO image shows a markedly darkened/excavated-appearing optic nerve head with limited visible neuroretinal rim. The OCT B-scans are low quality and do not clearly demonstrate retinal nerve fiber layer status, so structural agreement is insufficient for higher confidence.","{""glaucoma_detected"":1,""confidence"":""low"",""reasoning"":""The SLO image shows a markedly darkened/excavated-appearing optic nerve head with limited visible neuroretinal rim. The OCT B-scans are low quality and do not clearly demonstrate retinal nerve fiber layer status, so structural agreement is insufficient for higher confidence.""}",1
data/Glaucoma/Test/data_07036.npz,78.99,male,white,non-hispanic,1,0,low,"The optic nerve head is only partially assessable on the low-contrast SLO image, without definite glaucomatous rim loss or marked cupping. The OCT scans are macular rather than peripapillary and do not provide reliable RNFL/optic nerve assessment, so glaucoma cannot be confirmed from these images.","{""glaucoma_detected"":0,""confidence"":""low"",""reasoning"":""The optic nerve head is only partially assessable on the low-contrast SLO image, without definite glaucomatous rim loss or marked cupping. The OCT scans are macular rather than peripapillary and do not provide reliable RNFL/optic nerve assessment, so glaucoma cannot be confirmed from these images.""}",0
data/Glaucoma/Test/data_07037.npz,55.33,male,black,non-hispanic,0,0,low,The optic nerve head is visible but the image is limited and does not show definite glaucomatous rim loss or marked cupping. The OCT B-scans appear to be macular rather than optic-nerve/RNFL scans and provide no corroborating glaucoma-related structural abnormality.,"{""glaucoma_detected"":0,""confidence"":""low"",""reasoning"":""The optic nerve head is visible but the image is limited and does not show definite glaucomatous rim loss or marked cupping. The OCT B-scans appear to be macular rather than optic-nerve/RNFL scans and provide no corroborating glaucoma-related structural abnormality.""}",1
data/Glaucoma/Test/data_07038.npz,82.32,female,white,non-hispanic,1,0,low,The optic nerve head is only modestly visualized on the SLO image without convincing glaucomatous rim loss or marked cupping. The OCT B-scans are macular rather than optic-nerve/RNFL scans and do not provide corroborating glaucoma-related structural evidence. Assessment is limited by image quality and scan coverage.,"{""glaucoma_detected"":0,""confidence"":""low"",""reasoning"":""The optic nerve head is only modestly visualized on the SLO image without convincing glaucomatous rim loss or marked cupping. The OCT B-scans are macular rather than optic-nerve/RNFL scans and do not provide corroborating glaucoma-related structural evidence. Assessment is limited by image quality and scan coverage.""}",0
data/Glaucoma/Test/data_07039.npz,68.45,male,white,non-hispanic,1,0,low,"The SLO/fundus image is too dark and does not adequately show the optic nerve head or neuroretinal rim. The OCT B-scans appear to cover retinal/macular regions rather than the optic nerve or circumpapillary RNFL, so there is no reliable structural evidence of glaucoma.","{""glaucoma_detected"":0,""confidence"":""low"",""reasoning"":""The SLO/fundus image is too dark and does not adequately show the optic nerve head or neuroretinal rim. The OCT B-scans appear to cover retinal/macular regions rather than the optic nerve or circumpapillary RNFL, so there is no reliable structural evidence of glaucoma.""}",0
data/Glaucoma/Test/data_07040.npz,70.58,female,white,non-hispanic,0,0,low,The SLO/fundus image is too poor and limited to assess the optic nerve head or neuroretinal rim reliably. The OCT B-scans show retinal layers but do not provide clear evidence of glaucomatous nerve fiber loss or optic nerve structural damage. Glaucoma cannot be confirmed from these images.,"{""glaucoma_detected"":0,""confidence"":""low"",""reasoning"":""The SLO/fundus image is too poor and limited to assess the optic nerve head or neuroretinal rim reliably. The OCT B-scans show retinal layers but do not provide clear evidence of glaucomatous nerve fiber loss or optic nerve structural damage. Glaucoma cannot be confirmed from these images.""}",1
data/Glaucoma/Test/data_07041.npz,72.6,female,white,non-hispanic,1,0,low,"The optic nerve head is poorly visualized in the low-quality SLO image, with no definite glaucomatous rim loss or cupping identifiable. The provided OCT B-scans appear to be macular scans and do not show a dedicated RNFL or optic nerve assessment. Glaucoma cannot be confirmed from these images.","{""glaucoma_detected"":0,""confidence"":""low"",""reasoning"":""The optic nerve head is poorly visualized in the low-quality SLO image, with no definite glaucomatous rim loss or cupping identifiable. The provided OCT B-scans appear to be macular scans and do not show a dedicated RNFL or optic nerve assessment. Glaucoma cannot be confirmed from these images.""}",0
data/Glaucoma/Test/data_07042.npz,58.21,female,white,non-hispanic,1,0,low,"The optic nerve head is only partially visualized in a low-contrast SLO image, without definite glaucomatous cupping or focal rim loss. The provided OCT B-scans show preserved-appearing retinal layers but do not clearly demonstrate optic nerve/RNFL pathology. Assessment is limited by image quality and scan selection.","{""glaucoma_detected"":0,""confidence"":""low"",""reasoning"":""The optic nerve head is only partially visualized in a low-contrast SLO image, without definite glaucomatous cupping or focal rim loss. The provided OCT B-scans show preserved-appearing retinal layers but do not clearly demonstrate optic nerve/RNFL pathology. Assessment is limited by image quality and scan selection.""}",0
data/Glaucoma/Test/data_07043.npz,55.6,female,white,non-hispanic,0,0,low,"The optic nerve head is visible but the image quality and grayscale contrast limit assessment; there is no definite glaucomatous rim loss or excavation. The OCT B-scans do not show a clear, concordant pattern of retinal nerve fiber layer loss. Glaucoma cannot be excluded from these images alone.","{""glaucoma_detected"":0,""confidence"":""low"",""reasoning"":""The optic nerve head is visible but the image quality and grayscale contrast limit assessment; there is no definite glaucomatous rim loss or excavation. The OCT B-scans do not show a clear, concordant pattern of retinal nerve fiber layer loss. Glaucoma cannot be excluded from these images alone.""}",1
data/Glaucoma/Test/data_07044.npz,68.44,female,white,non-hispanic,1,1,low,"The optic nerve head appears excavated with a relatively reduced neuroretinal rim, and the OCT B-scans show a prominent optic disc excavation. However, the grayscale fundus image and limited OCT coverage are low quality, so glaucomatous damage cannot be confirmed confidently.","{""glaucoma_detected"":1,""confidence"":""low"",""reasoning"":""The optic nerve head appears excavated with a relatively reduced neuroretinal rim, and the OCT B-scans show a prominent optic disc excavation. However, the grayscale fundus image and limited OCT coverage are low quality, so glaucomatous damage cannot be confirmed confidently.""}",1
data/Glaucoma/Test/data_07045.npz,74.17,male,white,non-hispanic,1,0,low,"The fundus image provides limited visualization of the optic nerve head, without clearly demonstrated glaucomatous rim loss or marked cupping. The OCT B-scans primarily show macular anatomy and do not provide clear evidence of retinal nerve fiber layer loss. Image quality and limited coverage reduce certainty.","{
  ""glaucoma_detected"": 0,
  ""confidence"": ""low"",
  ""reasoning"": ""The fundus image provides limited visualization of the optic nerve head, without clearly demonstrated glaucomatous rim loss or marked cupping. The OCT B-scans primarily show macular anatomy and do not provide clear evidence of retinal nerve fiber layer loss. Image quality and limited coverage reduce certainty.""
}",0
data/Glaucoma/Test/data_07046.npz,36.84,male,white,non-hispanic,0,0,low,The optic nerve head is poorly visualized but does not show definite glaucomatous rim loss or marked cupping. The OCT B-scans are low quality and do not demonstrate a clear glaucomatous retinal nerve fiber layer defect; assessment is limited.,"{
  ""glaucoma_detected"": 0,
  ""confidence"": ""low"",
  ""reasoning"": ""The optic nerve head is poorly visualized but does not show definite glaucomatous rim loss or marked cupping. The OCT B-scans are low quality and do not demonstrate a clear glaucomatous retinal nerve fiber layer defect; assessment is limited.""
}",1
data/Glaucoma/Test/data_07047.npz,68.73,male,black,non-hispanic,0,1,moderate,"The fundus image shows a relatively large, vertically oriented optic disc cup with possible neuroretinal rim thinning, which is suspicious for glaucomatous optic neuropathy. The OCT B-scans are centered on the macula and do not clearly assess peripapillary RNFL, so structural confirmation is limited.","{""glaucoma_detected"":1,""confidence"":""moderate"",""reasoning"":""The fundus image shows a relatively large, vertically oriented optic disc cup with possible neuroretinal rim thinning, which is suspicious for glaucomatous optic neuropathy. The OCT B-scans are centered on the macula and do not clearly assess peripapillary RNFL, so structural confirmation is limited.""}",0
data/Glaucoma/Test/data_07048.npz,70.56,female,white,non-hispanic,0,0,low,"The optic nerve appearance is poorly visualized in the SLO image, with no definite glaucomatous cupping or rim loss identifiable. The OCT B-scans are macular and do not adequately assess the optic nerve or peripapillary RNFL, so glaucoma cannot be reliably confirmed or excluded.","{
  ""glaucoma_detected"": 0,
  ""confidence"": ""low"",
  ""reasoning"": ""The optic nerve appearance is poorly visualized in the SLO image, with no definite glaucomatous cupping or rim loss identifiable. The OCT B-scans are macular and do not adequately assess the optic nerve or peripapillary RNFL, so glaucoma cannot be reliably confirmed or excluded.""
}",1
data/Glaucoma/Test/data_07049.npz,66.62,female,white,hispanic,0,0,low,"The optic nerve head is poorly visualized in the low-contrast SLO image, but there is no definite excessive cupping or focal rim loss. The OCT B-scans do not show a clear glaucomatous retinal nerve fiber layer or optic nerve structural defect. Image quality and limited coverage reduce confidence.","{
  ""glaucoma_detected"": 0,
  ""confidence"": ""low"",
  ""reasoning"": ""The optic nerve head is poorly visualized in the low-contrast SLO image, but there is no definite excessive cupping or focal rim loss. The OCT B-scans do not show a clear glaucomatous retinal nerve fiber layer or optic nerve structural defect. Image quality and limited coverage reduce confidence.""
}",1
data/Glaucoma/Test/data_07050.npz,60.95,female,black,non-hispanic,1,0,low,"The fundus image is too dark and does not clearly show the optic nerve head or neuroretinal rim. The OCT B-scans appear centered on the macula and do not provide evaluable optic-nerve/RNFL information. Glaucoma cannot be reliably assessed from these images, with no definite glaucomatous structural evidence visible.","{""glaucoma_detected"":0,""confidence"":""low"",""reasoning"":""The fundus image is too dark and does not clearly show the optic nerve head or neuroretinal rim. The OCT B-scans appear centered on the macula and do not provide evaluable optic-nerve/RNFL information. Glaucoma cannot be reliably assessed from these images, with no definite glaucomatous structural evidence visible.""}",0
data/Glaucoma/Test/data_07051.npz,61.68,female,black,non-hispanic,0,1,low,"The optic nerve head appears to have a relatively prominent central excavation with possible neuroretinal rim thinning, which is suspicious for glaucomatous cupping. The OCT B-scans are macular rather than optic-nerve/RNFL-focused and do not provide corroborating glaucoma-specific structural evidence; image quality and limited field reduce certainty.","{""glaucoma_detected"":1,""confidence"":""low"",""reasoning"":""The optic nerve head appears to have a relatively prominent central excavation with possible neuroretinal rim thinning, which is suspicious for glaucomatous cupping. The OCT B-scans are macular rather than optic-nerve/RNFL-focused and do not provide corroborating glaucoma-specific structural evidence; image quality and limited field reduce certainty.""}",0
data/Glaucoma/Test/data_07052.npz,67.08,female,white,non-hispanic,1,0,low,"The optic nerve head is only partially assessable and does not show definite glaucomatous rim loss or marked cupping in this image. The OCT B-scans show preserved-appearing retinal architecture but do not clearly evaluate peripapillary RNFL, so glaucoma cannot be excluded.","{""glaucoma_detected"":0,""confidence"":""low"",""reasoning"":""The optic nerve head is only partially assessable and does not show definite glaucomatous rim loss or marked cupping in this image. The OCT B-scans show preserved-appearing retinal architecture but do not clearly evaluate peripapillary RNFL, so glaucoma cannot be excluded.""}",0
data/Glaucoma/Test/data_07053.npz,57.5,female,white,non-hispanic,0,0,low,"The optic nerve image is limited and shows an oval disc with possible central excavation, but no definite focal rim thinning or glaucomatous cupping can be established. The OCT B-scans are macular and do not clearly demonstrate glaucoma-related RNFL or other structural loss.","{""glaucoma_detected"":0,""confidence"":""low"",""reasoning"":""The optic nerve image is limited and shows an oval disc with possible central excavation, but no definite focal rim thinning or glaucomatous cupping can be established. The OCT B-scans are macular and do not clearly demonstrate glaucoma-related RNFL or other structural loss.""}",1
data/Glaucoma/Test/data_07054.npz,81.13,female,white,non-hispanic,1,0,low,"The fundus image is limited and does not clearly demonstrate glaucomatous neuroretinal rim loss or definite pathological cupping. The provided OCT B-scans appear centered away from the optic nerve and do not show interpretable RNFL/optic nerve head measurements. Glaucoma cannot be excluded from these images, but it is not clearly detected.","{""glaucoma_detected"":0,""confidence"":""low"",""reasoning"":""The fundus image is limited and does not clearly demonstrate glaucomatous neuroretinal rim loss or definite pathological cupping. The provided OCT B-scans appear centered away from the optic nerve and do not show interpretable RNFL/optic nerve head measurements. Glaucoma cannot be excluded from these images, but it is not clearly detected.""}",0
data/Glaucoma/Test/data_07055.npz,55.75,male,white,non-hispanic,1,0,low,The optic nerve head appears to retain a substantial neuroretinal rim without clearly excessive cupping or focal rim loss. The OCT images show macular B-scans rather than dedicated optic nerve/RNFL scans and do not demonstrate a clear glaucoma-related structural pattern. Assessment is limited by image quality and incomplete OCT coverage.,"{
  ""glaucoma_detected"": 0,
  ""confidence"": ""low"",
  ""reasoning"": ""The optic nerve head appears to retain a substantial neuroretinal rim without clearly excessive cupping or focal rim loss. The OCT images show macular B-scans rather than dedicated optic nerve/RNFL scans and do not demonstrate a clear glaucoma-related structural pattern. Assessment is limited by image quality and incomplete OCT coverage.""
}",0
data/Glaucoma/Test/data_07056.npz,60.68,female,white,non-hispanic,0,0,low,"The SLO image is low quality and does not clearly demonstrate definite glaucomatous cupping or rim loss. The provided OCT B-scans do not show a clear, interpretable RNFL/optic nerve pattern supporting glaucoma, so glaucoma cannot be established from these images.","{
  ""glaucoma_detected"": 0,
  ""confidence"": ""low"",
  ""reasoning"": ""The SLO image is low quality and does not clearly demonstrate definite glaucomatous cupping or rim loss. The provided OCT B-scans do not show a clear, interpretable RNFL/optic nerve pattern supporting glaucoma, so glaucoma cannot be established from these images.""
}",1
data/Glaucoma/Test/data_07057.npz,77.66,female,white,non-hispanic,1,1,moderate,The optic nerve head appears vertically enlarged and deeply cupped with relatively thin neuroretinal rim. The OCT B-scans provide limited direct RNFL assessment but do not clearly contradict glaucomatous structural change.,"{""glaucoma_detected"":1,""confidence"":""moderate"",""reasoning"":""The optic nerve head appears vertically enlarged and deeply cupped with relatively thin neuroretinal rim. The OCT B-scans provide limited direct RNFL assessment but do not clearly contradict glaucomatous structural change.""}",1
data/Glaucoma/Test/data_07058.npz,54.44,male,white,non-hispanic,1,0,low,"The optic nerve appearance does not show clear glaucomatous excavation or focal rim loss, and the OCT B-scans do not demonstrate an obvious glaucoma-related retinal nerve fiber layer defect. Image quality and sampling are limited, so subtle disease cannot be excluded.","{""glaucoma_detected"":0,""confidence"":""low"",""reasoning"":""The optic nerve appearance does not show clear glaucomatous excavation or focal rim loss, and the OCT B-scans do not demonstrate an obvious glaucoma-related retinal nerve fiber layer defect. Image quality and sampling are limited, so subtle disease cannot be excluded.""}",0
data/Glaucoma/Test/data_07059.npz,69.66,female,white,non-hispanic,0,0,low,"The optic disc is visible but the low-resolution grayscale image does not clearly demonstrate glaucomatous rim thinning or definite increased cupping. The OCT B-scans are macular and do not provide adequate optic nerve/RNFL assessment, so glaucoma cannot be confirmed from these images.","{""glaucoma_detected"":0,""confidence"":""low"",""reasoning"":""The optic disc is visible but the low-resolution grayscale image does not clearly demonstrate glaucomatous rim thinning or definite increased cupping. The OCT B-scans are macular and do not provide adequate optic nerve/RNFL assessment, so glaucoma cannot be confirmed from these images.""}",1
data/Glaucoma/Test/data_07060.npz,51.25,female,white,non-hispanic,1,0,low,The optic disc is visible but the grayscale fundus image is limited and does not show definite glaucomatous rim loss or marked cupping. The OCT B-scans are macular rather than optic-nerve/RNFL scans and show no clear glaucoma-specific structural abnormality. Glaucoma cannot be reliably excluded from these images alone.,"{""glaucoma_detected"":0,""confidence"":""low"",""reasoning"":""The optic disc is visible but the grayscale fundus image is limited and does not show definite glaucomatous rim loss or marked cupping. The OCT B-scans are macular rather than optic-nerve/RNFL scans and show no clear glaucoma-specific structural abnormality. Glaucoma cannot be reliably excluded from these images alone.""}",0
data/Glaucoma/Test/data_07061.npz,36.79,female,white,non-hispanic,0,0,low,"The optic nerve appearance is difficult to assess because of limited image quality and unclear disc margins, but there is no definite glaucomatous rim loss or marked cupping visible. The OCT B-scans show no clear focal retinal structural loss, although they do not provide a dedicated RNFL/GCC analysis.","{""glaucoma_detected"":0,""confidence"":""low"",""reasoning"":""The optic nerve appearance is difficult to assess because of limited image quality and unclear disc margins, but there is no definite glaucomatous rim loss or marked cupping visible. The OCT B-scans show no clear focal retinal structural loss, although they do not provide a dedicated RNFL/GCC analysis.""}",1
data/Glaucoma/Test/data_07062.npz,43.89,female,white,non-hispanic,0,0,moderate,"The optic nerve head appears to have a relatively preserved neuroretinal rim without clear glaucomatous excavation or focal rim loss. The OCT B-scans show no definite corresponding retinal nerve fiber layer or optic nerve structural defect, although image quality and limited sampling reduce certainty.","{""glaucoma_detected"":0,""confidence"":""moderate"",""reasoning"":""The optic nerve head appears to have a relatively preserved neuroretinal rim without clear glaucomatous excavation or focal rim loss. The OCT B-scans show no definite corresponding retinal nerve fiber layer or optic nerve structural defect, although image quality and limited sampling reduce certainty.""}",1
data/Glaucoma/Test/data_07063.npz,79.39,female,white,non-hispanic,1,0,low,"The fundus image is low quality and shows an optic disc with a central excavation, but the neuroretinal rim and cup-to-disc relationship cannot be assessed reliably. The provided OCT B-scans appear macular and do not clearly demonstrate glaucomatous retinal nerve fiber layer or optic nerve head changes. No definite glaucoma evidence is visible.","{""glaucoma_detected"":0,""confidence"":""low"",""reasoning"":""The fundus image is low quality and shows an optic disc with a central excavation, but the neuroretinal rim and cup-to-disc relationship cannot be assessed reliably. The provided OCT B-scans appear macular and do not clearly demonstrate glaucomatous retinal nerve fiber layer or optic nerve head changes. No definite glaucoma evidence is visible.""}",0
data/Glaucoma/Test/data_07064.npz,73.36,female,white,non-hispanic,0,0,low,"The optic nerve appearance is difficult to assess in the limited grayscale SLO image, with no definite glaucomatous rim loss or cupping visible. The OCT scans appear macular rather than dedicated optic-nerve/RNFL scans and do not show glaucoma-specific structural evidence. Glaucoma cannot be excluded from these images alone.","{""glaucoma_detected"":0,""confidence"":""low"",""reasoning"":""The optic nerve appearance is difficult to assess in the limited grayscale SLO image, with no definite glaucomatous rim loss or cupping visible. The OCT scans appear macular rather than dedicated optic-nerve/RNFL scans and do not show glaucoma-specific structural evidence. Glaucoma cannot be excluded from these images alone.""}",1
data/Glaucoma/Test/data_07065.npz,57.18,male,white,non-hispanic,1,0,low,"The optic nerve appearance is limited by image quality, but there is no clear evidence of glaucomatous rim loss or focal RNFL thinning. The OCT B-scans mainly show elevated optic nerve head structures, which are not specific for glaucoma. Overall, glaucoma is not demonstrated on these images.","{""glaucoma_detected"":0,""confidence"":""low"",""reasoning"":""The optic nerve appearance is limited by image quality, but there is no clear evidence of glaucomatous rim loss or focal RNFL thinning. The OCT B-scans mainly show elevated optic nerve head structures, which are not specific for glaucoma. Overall, glaucoma is not demonstrated on these images.""}",0
data/Glaucoma/Test/data_07066.npz,85.43,female,asian,non-hispanic,0,0,low,"The fundus image is very dark and the optic nerve head is poorly visualized, while the OCT B-scans do not clearly demonstrate optic nerve/RNFL loss or other definitive glaucomatous structural changes. Glaucoma cannot be reliably assessed from these limited-quality images.","{""glaucoma_detected"":0,""confidence"":""low"",""reasoning"":""The fundus image is very dark and the optic nerve head is poorly visualized, while the OCT B-scans do not clearly demonstrate optic nerve/RNFL loss or other definitive glaucomatous structural changes. Glaucoma cannot be reliably assessed from these limited-quality images.""}",1
data/Glaucoma/Test/data_07067.npz,29.02,male,white,non-hispanic,0,0,low,"The optic nerve is visible but the image is limited and does not show convincing glaucomatous cupping or focal neuroretinal rim loss. The provided OCT B-scans appear centered on the macula and do not assess the peripapillary retinal nerve fiber layer, so structural agreement for glaucoma is unavailable.","{""glaucoma_detected"":0,""confidence"":""low"",""reasoning"":""The optic nerve is visible but the image is limited and does not show convincing glaucomatous cupping or focal neuroretinal rim loss. The provided OCT B-scans appear centered on the macula and do not assess the peripapillary retinal nerve fiber layer, so structural agreement for glaucoma is unavailable.""}",1
data/Glaucoma/Test/data_07068.npz,69.73,female,asian,non-hispanic,1,0,low,"The optic nerve shows some cupping but a generally preserved neuroretinal rim without definite focal glaucomatous loss. The provided OCT scans are macular and do not adequately assess peripapillary RNFL or the optic nerve head, so glaucoma cannot be confirmed from these images.","{""glaucoma_detected"":0,""confidence"":""low"",""reasoning"":""The optic nerve shows some cupping but a generally preserved neuroretinal rim without definite focal glaucomatous loss. The provided OCT scans are macular and do not adequately assess peripapillary RNFL or the optic nerve head, so glaucoma cannot be confirmed from these images.""}",0
data/Glaucoma/Test/data_07069.npz,83.63,female,white,non-hispanic,1,0,low,"The optic nerve head is poorly visualized and does not show clearly diagnostic glaucomatous cupping or rim loss. The OCT B-scans do not adequately assess the optic nerve/RNFL and show no definite glaucoma-related structural abnormality, so glaucoma cannot be confirmed from these images.","{""glaucoma_detected"":0,""confidence"":""low"",""reasoning"":""The optic nerve head is poorly visualized and does not show clearly diagnostic glaucomatous cupping or rim loss. The OCT B-scans do not adequately assess the optic nerve/RNFL and show no definite glaucoma-related structural abnormality, so glaucoma cannot be confirmed from these images.""}",0
data/Glaucoma/Test/data_07070.npz,65.89,male,white,non-hispanic,0,0,low,"The fundus image shows an optic disc without clearly convincing glaucomatous rim loss or marked cupping, but image quality and limited field of view restrict assessment. The OCT B-scans appear macular and do not provide a dedicated RNFL or optic nerve head evaluation, so glaucoma cannot be excluded.","{""glaucoma_detected"":0,""confidence"":""low"",""reasoning"":""The fundus image shows an optic disc without clearly convincing glaucomatous rim loss or marked cupping, but image quality and limited field of view restrict assessment. The OCT B-scans appear macular and do not provide a dedicated RNFL or optic nerve head evaluation, so glaucoma cannot be excluded.""}",1
data/Glaucoma/Test/data_07071.npz,65.93,female,white,non-hispanic,0,0,low,"The optic nerve head is visible but image quality and grayscale contrast limit assessment; there is no definite marked cupping or focal neuroretinal rim loss. The OCT B-scans appear centered on the macula and do not provide a dedicated retinal nerve fiber layer or optic nerve analysis, so glaucoma cannot be reliably excluded.","{
  ""glaucoma_detected"": 0,
  ""confidence"": ""low"",
  ""reasoning"": ""The optic nerve head is visible but image quality and grayscale contrast limit assessment; there is no definite marked cupping or focal neuroretinal rim loss. The OCT B-scans appear centered on the macula and do not provide a dedicated retinal nerve fiber layer or optic nerve analysis, so glaucoma cannot be reliably excluded.""
}",1
data/Glaucoma/Test/data_07072.npz,48.85,male,white,non-hispanic,0,0,low,"The optic nerve head is poorly visualized in the SLO image, with no definite glaucomatous cupping or rim loss identifiable. The OCT scans show preserved-appearing retinal layers but do not clearly assess peripapillary RNFL. Glaucoma is not demonstrated, though image limitations make confidence low.","{""glaucoma_detected"":0,""confidence"":""low"",""reasoning"":""The optic nerve head is poorly visualized in the SLO image, with no definite glaucomatous cupping or rim loss identifiable. The OCT scans show preserved-appearing retinal layers but do not clearly assess peripapillary RNFL. Glaucoma is not demonstrated, though image limitations make confidence low.""}",1
data/Glaucoma/Test/data_07073.npz,81.81,female,white,non-hispanic,1,0,low,"The optic nerve is only poorly visualized on the SLO image, with no definite glaucomatous rim loss or marked cupping identifiable. The OCT scans are macular rather than optic-nerve/RNFL scans and do not show glaucoma-specific structural evidence. Image quality and limited coverage make the assessment uncertain.","{
  ""glaucoma_detected"": 0,
  ""confidence"": ""low"",
  ""reasoning"": ""The optic nerve is only poorly visualized on the SLO image, with no definite glaucomatous rim loss or marked cupping identifiable. The OCT scans are macular rather than optic-nerve/RNFL scans and do not show glaucoma-specific structural evidence. Image quality and limited coverage make the assessment uncertain.""
}",0
data/Glaucoma/Test/data_07074.npz,46.45,female,black,non-hispanic,0,0,low,"The optic nerve head is visible but the grayscale image provides limited detail; there is no clear glaucomatous rim thinning or marked cupping. The OCT B-scans show preserved-appearing retinal architecture but do not directly assess the peripapillary RNFL. Overall, no definite structural evidence of glaucoma is demonstrated, though image limitations reduce confidence.","{""glaucoma_detected"":0,""confidence"":""low"",""reasoning"":""The optic nerve head is visible but the grayscale image provides limited detail; there is no clear glaucomatous rim thinning or marked cupping. The OCT B-scans show preserved-appearing retinal architecture but do not directly assess the peripapillary RNFL. Overall, no definite structural evidence of glaucoma is demonstrated, though image limitations reduce confidence.""}",1
data/Glaucoma/Test/data_07075.npz,69.78,male,black,non-hispanic,1,1,moderate,"The fundus image suggests a relatively large optic disc excavation with reduced neuroretinal rim, compatible with glaucomatous cupping. The OCT montage is of limited quality and does not clearly demonstrate sectoral RNFL loss, so the assessment remains uncertain.","{
  ""glaucoma_detected"": 1,
  ""confidence"": ""moderate"",
  ""reasoning"": ""The fundus image suggests a relatively large optic disc excavation with reduced neuroretinal rim, compatible with glaucomatous cupping. The OCT montage is of limited quality and does not clearly demonstrate sectoral RNFL loss, so the assessment remains uncertain.""
}",1
data/Glaucoma/Test/data_07076.npz,50.76,female,black,non-hispanic,0,0,low,"The fundus image does not show definite glaucomatous cupping or focal rim loss, but the optic nerve view is limited and the OCT B-scans appear macular rather than optic-nerve/RNFL scans. Glaucoma cannot be excluded from these images alone.","{""glaucoma_detected"":0,""confidence"":""low"",""reasoning"":""The fundus image does not show definite glaucomatous cupping or focal rim loss, but the optic nerve view is limited and the OCT B-scans appear macular rather than optic-nerve/RNFL scans. Glaucoma cannot be excluded from these images alone.""}",1
data/Glaucoma/Test/data_07077.npz,76.73,male,white,non-hispanic,1,1,moderate,"The optic nerve head shows a prominent excavation with relatively reduced neuroretinal rim tissue, compatible with glaucomatous cupping. The OCT B-scans provide limited glaucoma-specific information and do not clearly demonstrate diffuse RNFL loss, so certainty is moderate.","{""glaucoma_detected"":1,""confidence"":""moderate"",""reasoning"":""The optic nerve head shows a prominent excavation with relatively reduced neuroretinal rim tissue, compatible with glaucomatous cupping. The OCT B-scans provide limited glaucoma-specific information and do not clearly demonstrate diffuse RNFL loss, so certainty is moderate.""}",1
data/Glaucoma/Test/data_07078.npz,24.93,male,asian,non-hispanic,0,0,low,"The fundus image is limited in quality but does not show definite glaucomatous rim loss or marked cupping. The provided OCT B-scans appear to sample retinal tissue rather than clearly demonstrating the optic nerve/RNFL, so glaucoma cannot be reliably assessed from OCT; no definite structural evidence of glaucoma is visible.","{""glaucoma_detected"":0,""confidence"":""low"",""reasoning"":""The fundus image is limited in quality but does not show definite glaucomatous rim loss or marked cupping. The provided OCT B-scans appear to sample retinal tissue rather than clearly demonstrating the optic nerve/RNFL, so glaucoma cannot be reliably assessed from OCT; no definite structural evidence of glaucoma is visible.""}",1
data/Glaucoma/Test/data_07079.npz,63.81,male,white,non-hispanic,1,0,low,"The optic disc is visible but the image quality and limited view do not show definite glaucomatous rim loss or clearly pathologic cupping. The OCT scans are macular and do not assess the optic nerve or RNFL, so structural agreement for glaucoma is unavailable.","{""glaucoma_detected"":0,""confidence"":""low"",""reasoning"":""The optic disc is visible but the image quality and limited view do not show definite glaucomatous rim loss or clearly pathologic cupping. The OCT scans are macular and do not assess the optic nerve or RNFL, so structural agreement for glaucoma is unavailable.""}",0
data/Glaucoma/Test/data_07080.npz,73.26,female,white,non-hispanic,1,0,low,"The optic nerve head is poorly visualized, limiting assessment of cup-to-disc configuration and neuroretinal rim. No definite glaucomatous rim loss or focal retinal nerve fiber layer abnormality is evident, and the OCT scans do not clearly demonstrate glaucoma-related structural loss.","{""glaucoma_detected"":0,""confidence"":""low"",""reasoning"":""The optic nerve head is poorly visualized, limiting assessment of cup-to-disc configuration and neuroretinal rim. No definite glaucomatous rim loss or focal retinal nerve fiber layer abnormality is evident, and the OCT scans do not clearly demonstrate glaucoma-related structural loss.""}",0
data/Glaucoma/Test/data_07081.npz,23.96,male,white,non-hispanic,1,0,low,"The optic nerve head appears without obvious marked cupping or focal rim loss on the SLO image. The provided OCT B-scans are macular and do not adequately assess the peripapillary RNFL or optic nerve head, so glaucoma cannot be excluded confidently.","{""glaucoma_detected"":0,""confidence"":""low"",""reasoning"":""The optic nerve head appears without obvious marked cupping or focal rim loss on the SLO image. The provided OCT B-scans are macular and do not adequately assess the peripapillary RNFL or optic nerve head, so glaucoma cannot be excluded confidently.""}",0
data/Glaucoma/Test/data_07082.npz,63.11,female,white,non-hispanic,1,1,low,"The fundus image shows a relatively prominent, vertically oriented optic nerve excavation with possible neuroretinal rim thinning. The OCT B-scans do not provide a clear quantitative RNFL assessment or definite corroborating glaucomatous loss, and image quality is limited.","{
  ""glaucoma_detected"": 1,
  ""confidence"": ""low"",
  ""reasoning"": ""The fundus image shows a relatively prominent, vertically oriented optic nerve excavation with possible neuroretinal rim thinning. The OCT B-scans do not provide a clear quantitative RNFL assessment or definite corroborating glaucomatous loss, and image quality is limited.""
}",1
data/Glaucoma/Test/data_07083.npz,52.22,female,white,non-hispanic,0,0,low,The optic nerve head is visible but image quality and field of view are limited; no definite glaucomatous rim loss or focal excavation is evident. The OCT B-scans show retinal structure but do not provide clear optic-nerve/RNFL assessment. Glaucoma cannot be confirmed from these images alone.,"{""glaucoma_detected"":0,""confidence"":""low"",""reasoning"":""The optic nerve head is visible but image quality and field of view are limited; no definite glaucomatous rim loss or focal excavation is evident. The OCT B-scans show retinal structure but do not provide clear optic-nerve/RNFL assessment. Glaucoma cannot be confirmed from these images alone.""}",1
data/Glaucoma/Test/data_07084.npz,32.78,female,white,non-hispanic,0,0,low,"The optic nerve head is visible without clear focal rim loss or pronounced glaucomatous cupping. The OCT B-scans appear to sample the macular retina rather than the optic nerve/RNFL and do not provide definitive glaucoma assessment. Overall, no convincing structural evidence of glaucoma is present, but image coverage and quality limit confidence.","{
  ""glaucoma_detected"": 0,
  ""confidence"": ""low"",
  ""reasoning"": ""The optic nerve head is visible without clear focal rim loss or pronounced glaucomatous cupping. The OCT B-scans appear to sample the macular retina rather than the optic nerve/RNFL and do not provide definitive glaucoma assessment. Overall, no convincing structural evidence of glaucoma is present, but image coverage and quality limit confidence.""
}",1
data/Glaucoma/Test/data_07085.npz,50.18,female,black,non-hispanic,1,0,low,"The optic nerve appearance does not show definite glaucomatous rim loss or marked cupping on this limited SLO image. The OCT B-scans are macular and do not adequately assess the optic nerve or retinal nerve fiber layer, so glaucoma cannot be excluded.","{
  ""glaucoma_detected"": 0,
  ""confidence"": ""low"",
  ""reasoning"": ""The optic nerve appearance does not show definite glaucomatous rim loss or marked cupping on this limited SLO image. The OCT B-scans are macular and do not adequately assess the optic nerve or retinal nerve fiber layer, so glaucoma cannot be excluded.""
}",0
data/Glaucoma/Test/data_07086.npz,81.12,male,asian,non-hispanic,1,0,low,"The fundus image is low quality and does not clearly demonstrate glaucomatous cupping or neuroretinal rim loss. The provided OCT B-scans appear to sample the macular retina rather than the optic nerve/RNFL, so they do not provide supportive glaucoma evidence.","{
  ""glaucoma_detected"": 0,
  ""confidence"": ""low"",
  ""reasoning"": ""The fundus image is low quality and does not clearly demonstrate glaucomatous cupping or neuroretinal rim loss. The provided OCT B-scans appear to sample the macular retina rather than the optic nerve/RNFL, so they do not provide supportive glaucoma evidence.""
}",0
data/Glaucoma/Test/data_07087.npz,42.63,male,asian,non-hispanic,0,1,moderate,"The optic nerve head appears substantially excavated with relatively reduced neuroretinal rim, and the OCT B-scans show a pronounced optic-disc cup. Image quality and lack of quantitative RNFL/visual-field data limit certainty.","{""glaucoma_detected"":1,""confidence"":""moderate"",""reasoning"":""The optic nerve head appears substantially excavated with relatively reduced neuroretinal rim, and the OCT B-scans show a pronounced optic-disc cup. Image quality and lack of quantitative RNFL/visual-field data limit certainty.""}",0
data/Glaucoma/Test/data_07088.npz,61.85,female,black,non-hispanic,1,0,low,The SLO image provides limited visualization of the optic nerve head and does not clearly show glaucomatous cupping or rim loss. The OCT B-scans appear to be macular scans rather than peripapillary RNFL/optic nerve scans and show no specific glaucomatous structural abnormality. Glaucoma cannot be excluded because image quality and modality coverage are limited.,"{""glaucoma_detected"":0,""confidence"":""low"",""reasoning"":""The SLO image provides limited visualization of the optic nerve head and does not clearly show glaucomatous cupping or rim loss. The OCT B-scans appear to be macular scans rather than peripapillary RNFL/optic nerve scans and show no specific glaucomatous structural abnormality. Glaucoma cannot be excluded because image quality and modality coverage are limited.""}",0
data/Glaucoma/Test/data_07089.npz,54.68,female,white,non-hispanic,0,0,low,The optic nerve appearance is poorly visualized and does not show definite glaucomatous cupping or rim loss. The OCT images are macular scans without dedicated RNFL or optic-nerve-head assessment and show no clear glaucoma-specific structural abnormality. Evaluation is limited by image quality and modality coverage.,"{""glaucoma_detected"":0,""confidence"":""low"",""reasoning"":""The optic nerve appearance is poorly visualized and does not show definite glaucomatous cupping or rim loss. The OCT images are macular scans without dedicated RNFL or optic-nerve-head assessment and show no clear glaucoma-specific structural abnormality. Evaluation is limited by image quality and modality coverage.""}",1
data/Glaucoma/Test/data_07090.npz,44.51,female,black,non-hispanic,0,1,moderate,"The optic nerve head appears substantially cupped with a relatively reduced neuroretinal rim, raising concern for glaucomatous optic neuropathy. The OCT B-scans are macular and do not directly assess the optic nerve or provide clear RNFL evidence, and image quality limits certainty.","{""glaucoma_detected"":1,""confidence"":""moderate"",""reasoning"":""The optic nerve head appears substantially cupped with a relatively reduced neuroretinal rim, raising concern for glaucomatous optic neuropathy. The OCT B-scans are macular and do not directly assess the optic nerve or provide clear RNFL evidence, and image quality limits certainty.""}",0
data/Glaucoma/Test/data_07091.npz,49.85,female,black,non-hispanic,0,0,low,"The optic nerve image does not show definite glaucomatous rim loss or clearly abnormal cupping. The OCT scans are macular B-scans without peripapillary RNFL analysis and do not demonstrate a specific glaucoma-related structural defect, so glaucoma cannot be confirmed from these images.","{
  ""glaucoma_detected"": 0,
  ""confidence"": ""low"",
  ""reasoning"": ""The optic nerve image does not show definite glaucomatous rim loss or clearly abnormal cupping. The OCT scans are macular B-scans without peripapillary RNFL analysis and do not demonstrate a specific glaucoma-related structural defect, so glaucoma cannot be confirmed from these images.""
}",1
data/Glaucoma/Test/data_07092.npz,65.71,male,white,non-hispanic,0,0,low,"The fundus image is low quality and the optic nerve head is poorly delineated, without clearly demonstrable glaucomatous cupping or rim loss. The OCT B-scans do not show a definite focal retinal nerve fiber layer or other glaucomatous structural abnormality, but assessment is limited by image quality and lack of quantitative maps.","{
  ""glaucoma_detected"": 0,
  ""confidence"": ""low"",
  ""reasoning"": ""The fundus image is low quality and the optic nerve head is poorly delineated, without clearly demonstrable glaucomatous cupping or rim loss. The OCT B-scans do not show a definite focal retinal nerve fiber layer or other glaucomatous structural abnormality, but assessment is limited by image quality and lack of quantitative maps.""
}",1
data/Glaucoma/Test/data_07093.npz,64.22,female,white,non-hispanic,0,1,low,"The fundus image suggests possible enlarged vertical optic-disc cupping with relatively reduced neuroretinal rim tissue, but image quality is limited. The provided OCT B-scans do not clearly show the optic nerve head or a diagnostic RNFL pattern, so structural corroboration is absent.","{""glaucoma_detected"":1,""confidence"":""low"",""reasoning"":""The fundus image suggests possible enlarged vertical optic-disc cupping with relatively reduced neuroretinal rim tissue, but image quality is limited. The provided OCT B-scans do not clearly show the optic nerve head or a diagnostic RNFL pattern, so structural corroboration is absent.""}",0
data/Glaucoma/Test/data_07094.npz,85.43,female,white,non-hispanic,1,0,low,"The optic nerve head is poorly visualized on the SLO image, and the OCT B-scans do not show a clear, reliable pattern of retinal nerve fiber layer loss or glaucomatous structural damage. Assessment is limited by image quality and lack of dedicated optic-nerve views.","{""glaucoma_detected"":0,""confidence"":""low"",""reasoning"":""The optic nerve head is poorly visualized on the SLO image, and the OCT B-scans do not show a clear, reliable pattern of retinal nerve fiber layer loss or glaucomatous structural damage. Assessment is limited by image quality and lack of dedicated optic-nerve views.""}",0
data/Glaucoma/Test/data_07095.npz,59.27,female,black,non-hispanic,1,0,moderate,"The optic nerve head shows a visible but apparently preserved neuroretinal rim without clear focal or diffuse glaucomatous excavation. The OCT B-scans do not demonstrate an obvious corresponding retinal nerve fiber layer defect, though image quality and limited scan context reduce certainty.","{""glaucoma_detected"":0,""confidence"":""moderate"",""reasoning"":""The optic nerve head shows a visible but apparently preserved neuroretinal rim without clear focal or diffuse glaucomatous excavation. The OCT B-scans do not demonstrate an obvious corresponding retinal nerve fiber layer defect, though image quality and limited scan context reduce certainty.""}",0
data/Glaucoma/Test/data_07096.npz,73.67,male,white,hispanic,1,0,low,"The optic nerve appearance is limited by the small, low-contrast image, but there is no definite focal neuroretinal rim loss or clearly glaucomatous cupping. The provided OCT B-scans do not show an unambiguous glaucoma-related retinal nerve fiber layer abnormality. Overall, the evidence is insufficient to confirm glaucoma.","{""glaucoma_detected"":0,""confidence"":""low"",""reasoning"":""The optic nerve appearance is limited by the small, low-contrast image, but there is no definite focal neuroretinal rim loss or clearly glaucomatous cupping. The provided OCT B-scans do not show an unambiguous glaucoma-related retinal nerve fiber layer abnormality. Overall, the evidence is insufficient to confirm glaucoma.""}",0
data/Glaucoma/Test/data_07097.npz,56.85,male,white,non-hispanic,1,0,low,"The optic nerve appears without clearly pathological cupping or focal rim loss on the SLO image. The OCT B-scans are centered on the macula and do not provide a dedicated RNFL or optic nerve head assessment, so glaucoma cannot be excluded confidently.","{""glaucoma_detected"":0,""confidence"":""low"",""reasoning"":""The optic nerve appears without clearly pathological cupping or focal rim loss on the SLO image. The OCT B-scans are centered on the macula and do not provide a dedicated RNFL or optic nerve head assessment, so glaucoma cannot be excluded confidently.""}",0
data/Glaucoma/Test/data_07098.npz,76.45,female,white,non-hispanic,0,0,low,"The optic nerve appearance is limited by the small, low-resolution SLO image but does not show definite glaucomatous rim loss or marked cupping. The provided OCT B-scans are macular and do not include a dedicated RNFL or optic nerve assessment, so they cannot corroborate or exclude glaucoma.","{""glaucoma_detected"":0,""confidence"":""low"",""reasoning"":""The optic nerve appearance is limited by the small, low-resolution SLO image but does not show definite glaucomatous rim loss or marked cupping. The provided OCT B-scans are macular and do not include a dedicated RNFL or optic nerve assessment, so they cannot corroborate or exclude glaucoma.""}",1
data/Glaucoma/Test/data_07099.npz,67.29,male,white,hispanic,0,1,low,"The fundus image shows a relatively deep/enlarged optic-disc excavation with possible neuroretinal rim thinning, suspicious for glaucomatous cupping. The OCT B-scans appear macular and do not adequately assess the optic nerve head or peripapillary RNFL, so structural confirmation is limited.","{""glaucoma_detected"":1,""confidence"":""low"",""reasoning"":""The fundus image shows a relatively deep/enlarged optic-disc excavation with possible neuroretinal rim thinning, suspicious for glaucomatous cupping. The OCT B-scans appear macular and do not adequately assess the optic nerve head or peripapillary RNFL, so structural confirmation is limited.""}",0
data/Glaucoma/Test/data_07100.npz,57.89,male,white,non-hispanic,0,0,low,"The optic nerve head is visible but image quality and grayscale contrast limit assessment; there is no definite focal neuroretinal rim loss or marked glaucomatous cupping. The OCT B-scans show generally preserved retinal architecture without a clear glaucoma-specific structural defect, though they do not provide a dedicated RNFL analysis.","{""glaucoma_detected"":0,""confidence"":""low"",""reasoning"":""The optic nerve head is visible but image quality and grayscale contrast limit assessment; there is no definite focal neuroretinal rim loss or marked glaucomatous cupping. The OCT B-scans show generally preserved retinal architecture without a clear glaucoma-specific structural defect, though they do not provide a dedicated RNFL analysis.""}",1
data/Glaucoma/Test/data_07101.npz,87.69,male,white,non-hispanic,1,0,low,"The fundus image is very dark and poorly defined, limiting assessment of the optic nerve head; no definite glaucomatous cupping or rim loss is visible. The OCT B-scans do not clearly show optic nerve/RNFL anatomy or a convincing glaucomatous structural pattern.","{""glaucoma_detected"":0,""confidence"":""low"",""reasoning"":""The fundus image is very dark and poorly defined, limiting assessment of the optic nerve head; no definite glaucomatous cupping or rim loss is visible. The OCT B-scans do not clearly show optic nerve/RNFL anatomy or a convincing glaucomatous structural pattern.""}",0
data/Glaucoma/Test/data_07102.npz,55.76,male,white,non-hispanic,1,0,low,"The optic nerve appearance does not show clearly convincing glaucomatous cupping or focal rim loss. The OCT B-scans show preserved-appearing retinal architecture but are not a dedicated RNFL/optic-nerve scan, and image quality limits assessment; therefore glaucoma cannot be confirmed from these images alone.","{""glaucoma_detected"":0,""confidence"":""low"",""reasoning"":""The optic nerve appearance does not show clearly convincing glaucomatous cupping or focal rim loss. The OCT B-scans show preserved-appearing retinal architecture but are not a dedicated RNFL/optic-nerve scan, and image quality limits assessment; therefore glaucoma cannot be confirmed from these images alone.""}",0
data/Glaucoma/Test/data_07103.npz,46.26,female,white,non-hispanic,0,0,low,"The fundus image shows an optic nerve head without clearly convincing glaucomatous rim loss or marked cupping, although image quality and field of view are limited. The OCT scans are macular rather than optic-nerve/RNFL scans and do not provide corroborating glaucoma-related structural evidence.","{
  ""glaucoma_detected"": 0,
  ""confidence"": ""low"",
  ""reasoning"": ""The fundus image shows an optic nerve head without clearly convincing glaucomatous rim loss or marked cupping, although image quality and field of view are limited. The OCT scans are macular rather than optic-nerve/RNFL scans and do not provide corroborating glaucoma-related structural evidence.""
}",1
data/Glaucoma/Test/data_07104.npz,44.44,male,black,non-hispanic,1,0,low,"The SLO/fundus image is limited in quality and does not clearly demonstrate glaucomatous cupping or focal neuroretinal rim loss. The provided OCT B-scans appear to show retinal/macular structure rather than a dedicated optic nerve head or RNFL analysis, with no definite glaucomatous pattern visible. Glaucoma cannot be excluded from these images alone.","{""glaucoma_detected"":0,""confidence"":""low"",""reasoning"":""The SLO/fundus image is limited in quality and does not clearly demonstrate glaucomatous cupping or focal neuroretinal rim loss. The provided OCT B-scans appear to show retinal/macular structure rather than a dedicated optic nerve head or RNFL analysis, with no definite glaucomatous pattern visible. Glaucoma cannot be excluded from these images alone.""}",0
data/Glaucoma/Test/data_07105.npz,74.16,female,white,non-hispanic,0,1,moderate,"The optic nerve appearance suggests marked central excavation with relatively limited neuroretinal rim, and the OCT B-scans show corresponding deep optic nerve head excavation. Image quality and limited sampling prevent high confidence.","{""glaucoma_detected"":1,""confidence"":""moderate"",""reasoning"":""The optic nerve appearance suggests marked central excavation with relatively limited neuroretinal rim, and the OCT B-scans show corresponding deep optic nerve head excavation. Image quality and limited sampling prevent high confidence.""}",0
data/Glaucoma/Test/data_07106.npz,52.84,female,white,non-hispanic,1,0,low,"The fundus image is low quality and shows no definite glaucomatous optic nerve or rim abnormality. The OCT B-scans appear to be macular and do not assess the optic nerve head or retinal nerve fiber layer, so glaucoma cannot be reliably excluded.","{""glaucoma_detected"":0,""confidence"":""low"",""reasoning"":""The fundus image is low quality and shows no definite glaucomatous optic nerve or rim abnormality. The OCT B-scans appear to be macular and do not assess the optic nerve head or retinal nerve fiber layer, so glaucoma cannot be reliably excluded.""}",0
data/Glaucoma/Test/data_07107.npz,16.44,female,white,non-hispanic,0,0,moderate,"The optic nerve head appears without clear pathological cupping or focal neuroretinal rim loss. The OCT B-scans show generally preserved, continuous retinal architecture without an evident glaucomatous structural defect. Image quality and limited scan context reduce certainty.","{""glaucoma_detected"":0,""confidence"":""moderate"",""reasoning"":""The optic nerve head appears without clear pathological cupping or focal neuroretinal rim loss. The OCT B-scans show generally preserved, continuous retinal architecture without an evident glaucomatous structural defect. Image quality and limited scan context reduce certainty.""}",1
data/Glaucoma/Test/data_07108.npz,83.38,male,white,non-hispanic,1,1,low,"The SLO image shows a prominent optic nerve excavation with a relatively thin neuroretinal rim, raising suspicion for glaucomatous cupping. The OCT B-scans are macular and do not adequately assess the optic nerve or peripapillary RNFL, so structural agreement and diagnostic certainty are limited.","{""glaucoma_detected"":1,""confidence"":""low"",""reasoning"":""The SLO image shows a prominent optic nerve excavation with a relatively thin neuroretinal rim, raising suspicion for glaucomatous cupping. The OCT B-scans are macular and do not adequately assess the optic nerve or peripapillary RNFL, so structural agreement and diagnostic certainty are limited.""}",1
data/Glaucoma/Test/data_07109.npz,58.05,male,white,non-hispanic,1,0,low,"The optic nerve head is visible but does not show clear glaucomatous cupping or focal rim loss in this limited image. The OCT B-scans appear macular and do not adequately assess the optic nerve or retinal nerve fiber layer, so glaucoma cannot be excluded confidently.","{""glaucoma_detected"":0,""confidence"":""low"",""reasoning"":""The optic nerve head is visible but does not show clear glaucomatous cupping or focal rim loss in this limited image. The OCT B-scans appear macular and do not adequately assess the optic nerve or retinal nerve fiber layer, so glaucoma cannot be excluded confidently.""}",0
data/Glaucoma/Test/data_07110.npz,66.5,female,white,non-hispanic,0,0,low,"The optic nerve head is visible but does not show clear focal rim thinning or notching on this limited fundus image. The OCT B-scans appear macular and do not adequately assess the optic nerve or retinal nerve fiber layer, so glaucoma cannot be confirmed from the provided images.","{""glaucoma_detected"":0,""confidence"":""low"",""reasoning"":""The optic nerve head is visible but does not show clear focal rim thinning or notching on this limited fundus image. The OCT B-scans appear macular and do not adequately assess the optic nerve or retinal nerve fiber layer, so glaucoma cannot be confirmed from the provided images.""}",1
data/Glaucoma/Test/data_07111.npz,72.86,female,white,non-hispanic,1,1,low,"The SLO image suggests a relatively large optic disc excavation with reduced-appearing neuroretinal rim, raising suspicion for glaucomatous cupping. The OCT B-scans provide limited structural detail and do not clearly demonstrate quantitative RNFL loss, so confidence is low.","{""glaucoma_detected"":1,""confidence"":""low"",""reasoning"":""The SLO image suggests a relatively large optic disc excavation with reduced-appearing neuroretinal rim, raising suspicion for glaucomatous cupping. The OCT B-scans provide limited structural detail and do not clearly demonstrate quantitative RNFL loss, so confidence is low.""}",1
data/Glaucoma/Test/data_07112.npz,81.09,male,white,non-hispanic,0,1,moderate,"The fundus image shows a relatively deep/large optic nerve excavation with apparent neuroretinal rim thinning, raising concern for glaucomatous cupping. The OCT B-scans are macular rather than optic-nerve/RNFL scans and do not provide strong corroborating evidence; image quality and limited views reduce certainty.","{""glaucoma_detected"":1,""confidence"":""moderate"",""reasoning"":""The fundus image shows a relatively deep/large optic nerve excavation with apparent neuroretinal rim thinning, raising concern for glaucomatous cupping. The OCT B-scans are macular rather than optic-nerve/RNFL scans and do not provide strong corroborating evidence; image quality and limited views reduce certainty.""}",0
data/Glaucoma/Test/data_07113.npz,64.46,female,white,non-hispanic,0,0,low,The optic nerve head is visible but the grayscale image does not show definite glaucomatous rim loss or focal RNFL defects. The OCT B-scans appear to cover the macula rather than the optic nerve/RNFL and provide no clear glaucoma-specific structural evidence; assessment is therefore limited.,"{""glaucoma_detected"":0,""confidence"":""low"",""reasoning"":""The optic nerve head is visible but the grayscale image does not show definite glaucomatous rim loss or focal RNFL defects. The OCT B-scans appear to cover the macula rather than the optic nerve/RNFL and provide no clear glaucoma-specific structural evidence; assessment is therefore limited.""}",1
data/Glaucoma/Test/data_07114.npz,63.24,female,white,non-hispanic,0,1,moderate,"The optic nerve head appears excavated with a relatively reduced neuroretinal rim, and the OCT B-scans show a prominent optic-nerve excavation. Image quality and limited structural detail prevent high-confidence assessment.","{""glaucoma_detected"":1,""confidence"":""moderate"",""reasoning"":""The optic nerve head appears excavated with a relatively reduced neuroretinal rim, and the OCT B-scans show a prominent optic-nerve excavation. Image quality and limited structural detail prevent high-confidence assessment.""}",0
data/Glaucoma/Test/data_07115.npz,84.58,female,white,non-hispanic,1,0,low,"The fundus image is low quality and shows no definite glaucomatous cupping or rim loss. The OCT B-scans do not clearly assess the optic nerve head or retinal nerve fiber layer, so glaucoma cannot be reliably excluded.","{""glaucoma_detected"":0,""confidence"":""low"",""reasoning"":""The fundus image is low quality and shows no definite glaucomatous cupping or rim loss. The OCT B-scans do not clearly assess the optic nerve head or retinal nerve fiber layer, so glaucoma cannot be reliably excluded.""}",0
data/Glaucoma/Test/data_07116.npz,38.37,male,white,non-hispanic,0,0,low,"The optic nerve head is only partially and somewhat poorly visualized, with no definite glaucomatous cupping or rim loss apparent. The provided OCT B-scans show preserved-appearing retinal architecture but do not clearly include a peripapillary RNFL analysis, so glaucoma cannot be assessed reliably from these images.","{""glaucoma_detected"":0,""confidence"":""low"",""reasoning"":""The optic nerve head is only partially and somewhat poorly visualized, with no definite glaucomatous cupping or rim loss apparent. The provided OCT B-scans show preserved-appearing retinal architecture but do not clearly include a peripapillary RNFL analysis, so glaucoma cannot be assessed reliably from these images.""}",1
data/Glaucoma/Test/data_07117.npz,62.23,female,white,non-hispanic,0,1,moderate,"The fundus image shows a relatively large, deep-appearing optic disc cup with reduced neuroretinal rim tissue, suspicious for glaucomatous cupping. The OCT B-scans are macular and do not adequately evaluate peripapillary RNFL or the optic nerve, so structural agreement is limited.","{""glaucoma_detected"":1,""confidence"":""moderate"",""reasoning"":""The fundus image shows a relatively large, deep-appearing optic disc cup with reduced neuroretinal rim tissue, suspicious for glaucomatous cupping. The OCT B-scans are macular and do not adequately evaluate peripapillary RNFL or the optic nerve, so structural agreement is limited.""}",0
data/Glaucoma/Test/data_07118.npz,74.04,female,white,non-hispanic,1,0,low,"The fundus image shows an optic nerve head without clearly demonstrable glaucomatous rim loss or marked cupping, although image quality limits assessment. The provided OCT B-scans are macular rather than dedicated optic-nerve/RNFL scans and do not show a definite glaucoma-related structural abnormality.","{
  ""glaucoma_detected"": 0,
  ""confidence"": ""low"",
  ""reasoning"": ""The fundus image shows an optic nerve head without clearly demonstrable glaucomatous rim loss or marked cupping, although image quality limits assessment. The provided OCT B-scans are macular rather than dedicated optic-nerve/RNFL scans and do not show a definite glaucoma-related structural abnormality.""
}",0
data/Glaucoma/Test/data_07119.npz,81.21,female,asian,non-hispanic,1,0,low,"The optic nerve appearance is difficult to assess from the limited SLO image, with no definite focal neuroretinal rim loss or clearly glaucomatous cupping. The provided OCT B-scans are macular and do not directly evaluate the optic nerve or peripapillary RNFL, so glaucoma cannot be confirmed.","{""glaucoma_detected"":0,""confidence"":""low"",""reasoning"":""The optic nerve appearance is difficult to assess from the limited SLO image, with no definite focal neuroretinal rim loss or clearly glaucomatous cupping. The provided OCT B-scans are macular and do not directly evaluate the optic nerve or peripapillary RNFL, so glaucoma cannot be confirmed.""}",0
data/Glaucoma/Test/data_07120.npz,64.9,female,white,non-hispanic,1,1,low,"The optic nerve head appears to have relatively prominent cupping with a reduced neuroretinal rim, raising concern for glaucomatous structural change. The OCT B-scans are macular and do not adequately evaluate the peripapillary RNFL or optic nerve, so corroboration is limited.","{""glaucoma_detected"":1,""confidence"":""low"",""reasoning"":""The optic nerve head appears to have relatively prominent cupping with a reduced neuroretinal rim, raising concern for glaucomatous structural change. The OCT B-scans are macular and do not adequately evaluate the peripapillary RNFL or optic nerve, so corroboration is limited.""}",1
data/Glaucoma/Test/data_07121.npz,67.77,female,black,non-hispanic,0,0,low,"The SLO image is limited in quality and does not show definite glaucomatous optic-nerve cupping or rim loss. The provided OCT B-scans appear centered on the macula and do not adequately evaluate the optic nerve head or RNFL, so glaucoma cannot be confirmed from these images.","{""glaucoma_detected"":0,""confidence"":""low"",""reasoning"":""The SLO image is limited in quality and does not show definite glaucomatous optic-nerve cupping or rim loss. The provided OCT B-scans appear centered on the macula and do not adequately evaluate the optic nerve head or RNFL, so glaucoma cannot be confirmed from these images.""}",1
data/Glaucoma/Test/data_07122.npz,64.62,male,white,non-hispanic,0,0,low,"The optic nerve head is visible but the limited SLO image does not show definite glaucomatous rim thinning, notching, or marked cupping. The OCT B-scans are macular rather than optic-nerve/RNFL scans and do not provide meaningful glaucoma structural assessment, so glaucoma cannot be excluded.","{""glaucoma_detected"":0,""confidence"":""low"",""reasoning"":""The optic nerve head is visible but the limited SLO image does not show definite glaucomatous rim thinning, notching, or marked cupping. The OCT B-scans are macular rather than optic-nerve/RNFL scans and do not provide meaningful glaucoma structural assessment, so glaucoma cannot be excluded.""}",1
data/Glaucoma/Test/data_07123.npz,57.38,female,white,non-hispanic,0,0,moderate,"The optic nerve head appears without definite glaucomatous excavation or focal rim loss. The OCT B-scans show preserved-appearing macular retinal layers but do not directly assess the peripapillary RNFL. No convincing structural evidence of glaucoma is visible, though assessment is limited by the available views.","{
  ""glaucoma_detected"": 0,
  ""confidence"": ""moderate"",
  ""reasoning"": ""The optic nerve head appears without definite glaucomatous excavation or focal rim loss. The OCT B-scans show preserved-appearing macular retinal layers but do not directly assess the peripapillary RNFL. No convincing structural evidence of glaucoma is visible, though assessment is limited by the available views.""
}",1
data/Glaucoma/Test/data_07124.npz,35.93,female,white,non-hispanic,0,0,moderate,"The optic nerve head shows no clear glaucomatous excavation or focal neuroretinal rim loss, and the OCT B-scans do not demonstrate an evident retinal nerve fiber layer defect. Image quality and lack of quantitative RNFL data limit certainty.","{
  ""glaucoma_detected"": 0,
  ""confidence"": ""moderate"",
  ""reasoning"": ""The optic nerve head shows no clear glaucomatous excavation or focal neuroretinal rim loss, and the OCT B-scans do not demonstrate an evident retinal nerve fiber layer defect. Image quality and lack of quantitative RNFL data limit certainty.""
}",1
data/Glaucoma/Test/data_07125.npz,29.5,male,white,hispanic,1,0,moderate,"The optic nerve appears relatively crowded without clear glaucomatous cupping or focal rim loss. The OCT B-scans show elevated optic nerve head contours, which may reflect disc anatomy or drusen rather than glaucomatous damage; no convincing structural glaucoma pattern is visible. Image quality and limited sampling reduce certainty.","{""glaucoma_detected"":0,""confidence"":""moderate"",""reasoning"":""The optic nerve appears relatively crowded without clear glaucomatous cupping or focal rim loss. The OCT B-scans show elevated optic nerve head contours, which may reflect disc anatomy or drusen rather than glaucomatous damage; no convincing structural glaucoma pattern is visible. Image quality and limited sampling reduce certainty.""}",0
data/Glaucoma/Test/data_07126.npz,49.1,female,white,non-hispanic,0,0,low,"The optic nerve appearance does not show definite glaucomatous cupping or focal rim loss in this limited SLO image. The OCT scans are macular rather than optic-nerve/RNFL-focused and provide no clear glaucoma-specific structural evidence, so assessment is limited.","{""glaucoma_detected"":0,""confidence"":""low"",""reasoning"":""The optic nerve appearance does not show definite glaucomatous cupping or focal rim loss in this limited SLO image. The OCT scans are macular rather than optic-nerve/RNFL-focused and provide no clear glaucoma-specific structural evidence, so assessment is limited.""}",1
data/Glaucoma/Test/data_07127.npz,67.42,male,white,non-hispanic,1,0,low,"The optic nerve appearance does not show clearly diagnostic glaucomatous cupping or rim loss on the available fundus image. The OCT B-scans appear to be macular scans and do not adequately assess peripapillary RNFL or optic nerve structure, so glaucomatous damage cannot be confidently evaluated.","{""glaucoma_detected"":0,""confidence"":""low"",""reasoning"":""The optic nerve appearance does not show clearly diagnostic glaucomatous cupping or rim loss on the available fundus image. The OCT B-scans appear to be macular scans and do not adequately assess peripapillary RNFL or optic nerve structure, so glaucomatous damage cannot be confidently evaluated.""}",0
data/Glaucoma/Test/data_07128.npz,57.97,female,white,non-hispanic,0,0,low,"The SLO/fundus image is too low quality to reliably assess the optic nerve head, cupping, or neuroretinal rim. The provided OCT B-scans show preserved-appearing retinal architecture but do not clearly evaluate the optic nerve or retinal nerve fiber layer. Glaucoma cannot be demonstrated from these images.","{""glaucoma_detected"":0,""confidence"":""low"",""reasoning"":""The SLO/fundus image is too low quality to reliably assess the optic nerve head, cupping, or neuroretinal rim. The provided OCT B-scans show preserved-appearing retinal architecture but do not clearly evaluate the optic nerve or retinal nerve fiber layer. Glaucoma cannot be demonstrated from these images.""}",1
data/Glaucoma/Test/data_07129.npz,48.39,female,white,hispanic,0,0,low,"The optic nerve appearance is limited by the small, low-contrast image but does not show definite glaucomatous rim loss or markedly abnormal cupping. The OCT B-scans do not demonstrate clear focal retinal nerve fiber layer thinning or corresponding structural damage. Overall, no convincing evidence of glaucoma is visible, though image quality limits confidence.","{""glaucoma_detected"":0,""confidence"":""low"",""reasoning"":""The optic nerve appearance is limited by the small, low-contrast image but does not show definite glaucomatous rim loss or markedly abnormal cupping. The OCT B-scans do not demonstrate clear focal retinal nerve fiber layer thinning or corresponding structural damage. Overall, no convincing evidence of glaucoma is visible, though image quality limits confidence.""}",1
data/Glaucoma/Test/data_07130.npz,28.99,female,white,non-hispanic,1,0,low,"The optic nerve head is visible but appears small and bright, with no definite glaucomatous cupping or focal rim loss. The OCT B-scans do not show a clear corresponding retinal nerve fiber layer defect, although optic nerve coverage and image quality are limited, so subtle disease cannot be excluded.","{""glaucoma_detected"":0,""confidence"":""low"",""reasoning"":""The optic nerve head is visible but appears small and bright, with no definite glaucomatous cupping or focal rim loss. The OCT B-scans do not show a clear corresponding retinal nerve fiber layer defect, although optic nerve coverage and image quality are limited, so subtle disease cannot be excluded.""}",0
data/Glaucoma/Test/data_07131.npz,75.13,male,white,non-hispanic,0,1,low,"The optic nerve appearance is suspicious for relatively prominent cupping with possible neuroretinal rim thinning. The OCT B-scans show optic nerve head excavation, but image quality and limited structural coverage make definitive glaucomatous damage uncertain.","{""glaucoma_detected"":1,""confidence"":""low"",""reasoning"":""The optic nerve appearance is suspicious for relatively prominent cupping with possible neuroretinal rim thinning. The OCT B-scans show optic nerve head excavation, but image quality and limited structural coverage make definitive glaucomatous damage uncertain.""}",0
data/Glaucoma/Test/data_07132.npz,69.95,female,white,non-hispanic,0,0,low,"The optic nerve appearance is limited by the grayscale image and does not clearly show glaucomatous rim thinning or focal loss. The OCT scans show generally preserved retinal architecture but do not clearly assess the peripapillary RNFL, so glaucoma cannot be confirmed from these images.","{
  ""glaucoma_detected"": 0,
  ""confidence"": ""low"",
  ""reasoning"": ""The optic nerve appearance is limited by the grayscale image and does not clearly show glaucomatous rim thinning or focal loss. The OCT scans show generally preserved retinal architecture but do not clearly assess the peripapillary RNFL, so glaucoma cannot be confirmed from these images.""
}",1
data/Glaucoma/Test/data_07133.npz,56.72,female,white,non-hispanic,1,0,low,"The optic nerve appearance is limited by low-quality grayscale imaging and does not show definite glaucomatous rim loss or excavation. The OCT B-scans appear centered on the macula rather than the optic nerve/RNFL and do not provide reliable glaucoma-specific structural assessment. Overall, no convincing evidence of glaucoma is visible, but evaluation is limited.","{""glaucoma_detected"":0,""confidence"":""low"",""reasoning"":""The optic nerve appearance is limited by low-quality grayscale imaging and does not show definite glaucomatous rim loss or excavation. The OCT B-scans appear centered on the macula rather than the optic nerve/RNFL and do not provide reliable glaucoma-specific structural assessment. Overall, no convincing evidence of glaucoma is visible, but evaluation is limited.""}",0
data/Glaucoma/Test/data_07134.npz,42.74,female,white,non-hispanic,1,0,low,"The fundus image is low quality and provides limited assessment of the optic nerve head, with no definite glaucomatous cupping or rim loss visible. The OCT B-scans show preserved-appearing retinal architecture without a clear focal nerve fiber layer defect, but coverage and image quality are insufficient for confident exclusion.","{""glaucoma_detected"":0,""confidence"":""low"",""reasoning"":""The fundus image is low quality and provides limited assessment of the optic nerve head, with no definite glaucomatous cupping or rim loss visible. The OCT B-scans show preserved-appearing retinal architecture without a clear focal nerve fiber layer defect, but coverage and image quality are insufficient for confident exclusion.""}",0
data/Glaucoma/Test/data_07135.npz,67.01,female,white,non-hispanic,1,0,low,"The optic nerve head is poorly visualized in the low-contrast SLO image, but there is no clear evidence of marked cupping or focal rim loss. The OCT B-scans do not provide a reliably assessable RNFL pattern or definite glaucomatous structural loss.","{""glaucoma_detected"":0,""confidence"":""low"",""reasoning"":""The optic nerve head is poorly visualized in the low-contrast SLO image, but there is no clear evidence of marked cupping or focal rim loss. The OCT B-scans do not provide a reliably assessable RNFL pattern or definite glaucomatous structural loss.""}",0
data/Glaucoma/Test/data_07136.npz,59.75,female,white,non-hispanic,0,1,low,"The optic nerve head appears suspicious for relatively prominent excavation and reduced neuroretinal rim, but the SLO image is low quality and the OCT B-scans do not clearly demonstrate a corresponding RNFL defect. Glaucoma is therefore possible but not confidently established from these images alone.","{""glaucoma_detected"":1,""confidence"":""low"",""reasoning"":""The optic nerve head appears suspicious for relatively prominent excavation and reduced neuroretinal rim, but the SLO image is low quality and the OCT B-scans do not clearly demonstrate a corresponding RNFL defect. Glaucoma is therefore possible but not confidently established from these images alone.""}",0
data/Glaucoma/Test/data_07137.npz,59.02,female,white,non-hispanic,0,0,low,"The optic nerve head is visible but image quality and grayscale contrast limit assessment; there is no definite glaucomatous rim thinning or pathologic cupping. The OCT B-scans appear macular and do not provide a clear peripapillary RNFL or optic nerve assessment. Overall, glaucoma is not demonstrated, but confidence is low.","{""glaucoma_detected"":0,""confidence"":""low"",""reasoning"":""The optic nerve head is visible but image quality and grayscale contrast limit assessment; there is no definite glaucomatous rim thinning or pathologic cupping. The OCT B-scans appear macular and do not provide a clear peripapillary RNFL or optic nerve assessment. Overall, glaucoma is not demonstrated, but confidence is low.""}",1
data/Glaucoma/Test/data_07138.npz,58.69,female,white,non-hispanic,0,1,low,"The fundus image suggests a relatively enlarged optic nerve cup with reduced-appearing neuroretinal rim, while the OCT montage includes optic nerve head excavation. However, image quality and lack of quantitative RNFL or reliable disc measurements limit certainty.","{""glaucoma_detected"":1,""confidence"":""low"",""reasoning"":""The fundus image suggests a relatively enlarged optic nerve cup with reduced-appearing neuroretinal rim, while the OCT montage includes optic nerve head excavation. However, image quality and lack of quantitative RNFL or reliable disc measurements limit certainty.""}",0
data/Glaucoma/Test/data_07139.npz,28.21,male,white,non-hispanic,1,0,low,"The optic nerve head is visible but the grayscale image is limited and does not show definite glaucomatous rim thinning or focal notching. The provided OCT B-scans appear to show preserved retinal layering without clear glaucomatous structural loss, although they do not adequately assess the optic nerve/RNFL directly.","{
  ""glaucoma_detected"": 0,
  ""confidence"": ""low"",
  ""reasoning"": ""The optic nerve head is visible but the grayscale image is limited and does not show definite glaucomatous rim thinning or focal notching. The provided OCT B-scans appear to show preserved retinal layering without clear glaucomatous structural loss, although they do not adequately assess the optic nerve/RNFL directly.""
}",0
data/Glaucoma/Test/data_07140.npz,62.25,male,white,non-hispanic,0,0,low,"The fundus image does not adequately show the optic nerve head, and the OCT B-scans do not clearly assess the optic nerve or peripapillary retinal nerve fiber layer. Glaucoma cannot be reliably evaluated from these images; no definite glaucomatous structural abnormality is demonstrated.","{""glaucoma_detected"":0,""confidence"":""low"",""reasoning"":""The fundus image does not adequately show the optic nerve head, and the OCT B-scans do not clearly assess the optic nerve or peripapillary retinal nerve fiber layer. Glaucoma cannot be reliably evaluated from these images; no definite glaucomatous structural abnormality is demonstrated.""}",1
data/Glaucoma/Test/data_07141.npz,56.53,female,white,non-hispanic,0,0,low,"The optic disc is visible but the limited grayscale image does not show definite glaucomatous neuroretinal rim loss or marked cupping. The OCT B-scans appear to be macular scans and do not adequately assess peripapillary RNFL or the optic nerve head, so glaucoma cannot be reliably excluded.","{
  ""glaucoma_detected"": 0,
  ""confidence"": ""low"",
  ""reasoning"": ""The optic disc is visible but the limited grayscale image does not show definite glaucomatous neuroretinal rim loss or marked cupping. The OCT B-scans appear to be macular scans and do not adequately assess peripapillary RNFL or the optic nerve head, so glaucoma cannot be reliably excluded.""
}",1
data/Glaucoma/Test/data_07142.npz,72.89,female,white,hispanic,0,0,low,The SLO/fundus image is very limited and does not clearly show the optic nerve head or neuroretinal rim. The OCT B-scans appear centered on the macula and do not provide a usable retinal nerve fiber layer or optic nerve assessment. Glaucoma cannot be established from these images.,"{""glaucoma_detected"":0,""confidence"":""low"",""reasoning"":""The SLO/fundus image is very limited and does not clearly show the optic nerve head or neuroretinal rim. The OCT B-scans appear centered on the macula and do not provide a usable retinal nerve fiber layer or optic nerve assessment. Glaucoma cannot be established from these images.""}",1
data/Glaucoma/Test/data_07143.npz,68.17,female,white,non-hispanic,0,1,low,"The SLO image suggests a relatively large optic disc excavation with reduced neuroretinal rim, which is suspicious for glaucomatous cupping. The OCT B-scans do not clearly include the optic nerve head or provide interpretable RNFL data, and image quality limits certainty.","{""glaucoma_detected"":1,""confidence"":""low"",""reasoning"":""The SLO image suggests a relatively large optic disc excavation with reduced neuroretinal rim, which is suspicious for glaucomatous cupping. The OCT B-scans do not clearly include the optic nerve head or provide interpretable RNFL data, and image quality limits certainty.""}",0
data/Glaucoma/Test/data_07144.npz,67.3,male,white,non-hispanic,0,0,low,"The optic nerve head is visible without definite focal rim loss or clearly glaucomatous cupping. The OCT consists of macular B-scans and does not show dedicated RNFL or optic nerve head assessment, so glaucoma cannot be reliably excluded.","{
  ""glaucoma_detected"": 0,
  ""confidence"": ""low"",
  ""reasoning"": ""The optic nerve head is visible without definite focal rim loss or clearly glaucomatous cupping. The OCT consists of macular B-scans and does not show dedicated RNFL or optic nerve head assessment, so glaucoma cannot be reliably excluded.""
}",1
data/Glaucoma/Test/data_07145.npz,60.92,female,white,non-hispanic,1,1,low,"The optic nerve head appears excavated with a relatively large cup and reduced-appearing neuroretinal rim, raising concern for glaucomatous cupping. The OCT montage is low quality and does not clearly demonstrate RNFL loss, so the finding is uncertain.","{""glaucoma_detected"":1,""confidence"":""low"",""reasoning"":""The optic nerve head appears excavated with a relatively large cup and reduced-appearing neuroretinal rim, raising concern for glaucomatous cupping. The OCT montage is low quality and does not clearly demonstrate RNFL loss, so the finding is uncertain.""}",1
data/Glaucoma/Test/data_07146.npz,44.42,female,white,non-hispanic,0,0,low,"The optic disc appears without definite glaucomatous excavation or focal rim loss, and the available OCT B-scans show no clear glaucoma-related retinal structural abnormality. However, image quality and scan coverage are limited, with no dedicated RNFL or ganglion-cell analysis, so glaucoma cannot be excluded confidently.","{""glaucoma_detected"":0,""confidence"":""low"",""reasoning"":""The optic disc appears without definite glaucomatous excavation or focal rim loss, and the available OCT B-scans show no clear glaucoma-related retinal structural abnormality. However, image quality and scan coverage are limited, with no dedicated RNFL or ganglion-cell analysis, so glaucoma cannot be excluded confidently.""}",1
data/Glaucoma/Test/data_07147.npz,61.9,male,white,non-hispanic,1,0,low,"The optic disc is visible but the low-resolution image does not show definite glaucomatous rim thinning or markedly abnormal cupping. The OCT B-scans appear to sample the posterior pole without a clear optic nerve/RNFL assessment, so there is insufficient structural evidence to confirm glaucoma.","{""glaucoma_detected"":0,""confidence"":""low"",""reasoning"":""The optic disc is visible but the low-resolution image does not show definite glaucomatous rim thinning or markedly abnormal cupping. The OCT B-scans appear to sample the posterior pole without a clear optic nerve/RNFL assessment, so there is insufficient structural evidence to confirm glaucoma.""}",0
data/Glaucoma/Test/data_07148.npz,89.15,male,black,non-hispanic,1,1,low,"The optic nerve head appears to have a relatively enlarged, vertically oriented cup with possible rim thinning, but the fundus image is low quality. The OCT scans are macular and do not adequately assess the optic nerve or retinal nerve fiber layer, so structural confirmation is lacking.","{""glaucoma_detected"":1,""confidence"":""low"",""reasoning"":""The optic nerve head appears to have a relatively enlarged, vertically oriented cup with possible rim thinning, but the fundus image is low quality. The OCT scans are macular and do not adequately assess the optic nerve or retinal nerve fiber layer, so structural confirmation is lacking.""}",1
data/Glaucoma/Test/data_07149.npz,46.58,female,white,non-hispanic,0,0,low,"The fundus image is limited but does not show definite glaucomatous optic-disc cupping or rim loss. The provided OCT B-scans show preserved-appearing retinal layering without an obvious focal glaucomatous defect, although dedicated RNFL/optic-nerve measurements are not available and image quality limits certainty.","{""glaucoma_detected"":0,""confidence"":""low"",""reasoning"":""The fundus image is limited but does not show definite glaucomatous optic-disc cupping or rim loss. The provided OCT B-scans show preserved-appearing retinal layering without an obvious focal glaucomatous defect, although dedicated RNFL/optic-nerve measurements are not available and image quality limits certainty.""}",1
data/Glaucoma/Test/data_07150.npz,59.19,male,black,non-hispanic,1,1,moderate,"The OCT B-scans show an apparent excavated optic nerve head with reduced neuroretinal rim tissue, consistent with glaucomatous cupping. The SLO/fundus image is very poor quality and provides limited corroboration, so confidence is moderate.","{""glaucoma_detected"":1,""confidence"":""moderate"",""reasoning"":""The OCT B-scans show an apparent excavated optic nerve head with reduced neuroretinal rim tissue, consistent with glaucomatous cupping. The SLO/fundus image is very poor quality and provides limited corroboration, so confidence is moderate.""}",1
data/Glaucoma/Test/data_07151.npz,68.78,female,white,non-hispanic,0,0,low,"The fundus image does not show definite glaucomatous cupping or focal neuroretinal rim loss, while the provided OCT B-scans are macular rather than optic-nerve/RNFL scans and do not demonstrate glaucoma-specific structural loss. Assessment is limited by image quality and incomplete modality coverage.","{
  ""glaucoma_detected"": 0,
  ""confidence"": ""low"",
  ""reasoning"": ""The fundus image does not show definite glaucomatous cupping or focal neuroretinal rim loss, while the provided OCT B-scans are macular rather than optic-nerve/RNFL scans and do not demonstrate glaucoma-specific structural loss. Assessment is limited by image quality and incomplete modality coverage.""
}",1
data/Glaucoma/Test/data_07152.npz,68.88,male,black,non-hispanic,1,0,low,"The fundus image is low quality and shows only limited optic nerve detail, without definite glaucomatous cupping or rim loss. The OCT B-scans do not clearly demonstrate retinal nerve fiber layer thinning or a consistent glaucomatous structural pattern. Glaucoma cannot be excluded, but it is not demonstrated by the supplied images.","{""glaucoma_detected"":0,""confidence"":""low"",""reasoning"":""The fundus image is low quality and shows only limited optic nerve detail, without definite glaucomatous cupping or rim loss. The OCT B-scans do not clearly demonstrate retinal nerve fiber layer thinning or a consistent glaucomatous structural pattern. Glaucoma cannot be excluded, but it is not demonstrated by the supplied images.""}",0
data/Glaucoma/Test/data_07153.npz,74.12,female,white,non-hispanic,0,0,low,"The fundus image does not show definite glaucomatous optic nerve cupping or focal rim loss, but visualization is limited. The OCT B-scans appear to be macular scans and do not adequately assess the optic nerve head or peripapillary RNFL, so glaucoma cannot be excluded.","{""glaucoma_detected"":0,""confidence"":""low"",""reasoning"":""The fundus image does not show definite glaucomatous optic nerve cupping or focal rim loss, but visualization is limited. The OCT B-scans appear to be macular scans and do not adequately assess the optic nerve head or peripapillary RNFL, so glaucoma cannot be excluded.""}",1
data/Glaucoma/Test/data_07154.npz,62.67,male,white,non-hispanic,0,0,low,"The optic nerve head is only partially characterized in the low-resolution SLO image, without definite glaucomatous rim loss or marked cupping. The OCT B-scans appear to sample the macula rather than provide a dedicated optic-nerve/RNFL assessment, so structural evidence is limited.","{""glaucoma_detected"":0,""confidence"":""low"",""reasoning"":""The optic nerve head is only partially characterized in the low-resolution SLO image, without definite glaucomatous rim loss or marked cupping. The OCT B-scans appear to sample the macula rather than provide a dedicated optic-nerve/RNFL assessment, so structural evidence is limited.""}",1
data/Glaucoma/Test/data_07155.npz,72.95,female,white,non-hispanic,0,0,low,"The SLO image does not show definite glaucomatous cupping or focal neuroretinal rim loss, and the OCT B-scans appear to sample the macula rather than the optic nerve/RNFL, limiting assessment. No convincing structural evidence of glaucoma is visible, but confidence is low.","{""glaucoma_detected"":0,""confidence"":""low"",""reasoning"":""The SLO image does not show definite glaucomatous cupping or focal neuroretinal rim loss, and the OCT B-scans appear to sample the macula rather than the optic nerve/RNFL, limiting assessment. No convincing structural evidence of glaucoma is visible, but confidence is low.""}",1
data/Glaucoma/Test/data_07156.npz,79.76,female,white,non-hispanic,1,0,low,"The optic nerve head shows a visible cup but no definite focal neuroretinal rim loss or other clear glaucomatous change. The provided OCT B-scans do not clearly assess the peripapillary RNFL and are insufficient for structural glaucoma correlation, so glaucoma cannot be confidently excluded.","{""glaucoma_detected"":0,""confidence"":""low"",""reasoning"":""The optic nerve head shows a visible cup but no definite focal neuroretinal rim loss or other clear glaucomatous change. The provided OCT B-scans do not clearly assess the peripapillary RNFL and are insufficient for structural glaucoma correlation, so glaucoma cannot be confidently excluded.""}",0
data/Glaucoma/Test/data_07157.npz,68.83,female,white,non-hispanic,1,0,low,"The optic nerve head is only marginally assessable and does not show definite glaucomatous rim loss or marked cupping. The OCT B-scans appear to cover retinal/macular structures without clear peripapillary RNFL assessment or a convincing glaucomatous pattern, so glaucoma cannot be confirmed from these images.","{""glaucoma_detected"":0,""confidence"":""low"",""reasoning"":""The optic nerve head is only marginally assessable and does not show definite glaucomatous rim loss or marked cupping. The OCT B-scans appear to cover retinal/macular structures without clear peripapillary RNFL assessment or a convincing glaucomatous pattern, so glaucoma cannot be confirmed from these images.""}",0
data/Glaucoma/Test/data_07158.npz,59.71,male,white,non-hispanic,1,0,low,"The fundus image is limited and does not clearly demonstrate glaucomatous neuroretinal rim loss or definite pathological cupping. The OCT B-scans appear centered on the macula rather than the optic nerve/RNFL, so they provide no reliable glaucoma-specific structural evidence.","{""glaucoma_detected"":0,""confidence"":""low"",""reasoning"":""The fundus image is limited and does not clearly demonstrate glaucomatous neuroretinal rim loss or definite pathological cupping. The OCT B-scans appear centered on the macula rather than the optic nerve/RNFL, so they provide no reliable glaucoma-specific structural evidence.""}",0
data/Glaucoma/Test/data_07159.npz,87.41,female,white,non-hispanic,1,0,low,"The SLO image is limited in quality and does not clearly show glaucomatous cupping or focal neuroretinal rim loss. The OCT B-scans are macular and do not provide a dedicated optic nerve head or RNFL assessment, so glaucoma cannot be reliably evaluated from these images alone.","{""glaucoma_detected"":0,""confidence"":""low"",""reasoning"":""The SLO image is limited in quality and does not clearly show glaucomatous cupping or focal neuroretinal rim loss. The OCT B-scans are macular and do not provide a dedicated optic nerve head or RNFL assessment, so glaucoma cannot be reliably evaluated from these images alone.""}",0
data/Glaucoma/Test/data_07160.npz,57.19,female,white,non-hispanic,0,0,low,"The optic nerve head is visible but poorly defined, with no definite glaucomatous rim loss or marked cupping identifiable. The OCT B-scans do not clearly show optic nerve/RNFL pathology, and image quality limits assessment.","{""glaucoma_detected"":0,""confidence"":""low"",""reasoning"":""The optic nerve head is visible but poorly defined, with no definite glaucomatous rim loss or marked cupping identifiable. The OCT B-scans do not clearly show optic nerve/RNFL pathology, and image quality limits assessment.""}",1
data/Glaucoma/Test/data_07161.npz,34.68,female,white,non-hispanic,1,0,moderate,"The optic nerve head appears without obvious glaucomatous cupping or focal rim loss, and the OCT B-scans do not show clear retinal nerve fiber layer thinning. Image quality and limited views reduce certainty.","{""glaucoma_detected"":0,""confidence"":""moderate"",""reasoning"":""The optic nerve head appears without obvious glaucomatous cupping or focal rim loss, and the OCT B-scans do not show clear retinal nerve fiber layer thinning. Image quality and limited views reduce certainty.""}",0
data/Glaucoma/Test/data_07162.npz,81.84,female,white,non-hispanic,1,0,low,The optic nerve head is visible but appears small and the available view does not show definite glaucomatous cupping or rim loss. The OCT B-scans are macular rather than optic-nerve/RNFL scans and do not provide supportive glaucoma structural evidence; image quality and modality coverage limit confidence.,"{""glaucoma_detected"":0,""confidence"":""low"",""reasoning"":""The optic nerve head is visible but appears small and the available view does not show definite glaucomatous cupping or rim loss. The OCT B-scans are macular rather than optic-nerve/RNFL scans and do not provide supportive glaucoma structural evidence; image quality and modality coverage limit confidence.""}",0
data/Glaucoma/Test/data_07163.npz,76.14,female,white,non-hispanic,0,0,low,"The optic nerve head shows no clearly apparent glaucomatous excavation or focal rim loss in the provided SLO image. The OCT B-scans are macular rather than optic-nerve/RNFL scans and do not provide adequate glaucoma-specific structural assessment, so glaucoma cannot be confidently excluded.","{""glaucoma_detected"":0,""confidence"":""low"",""reasoning"":""The optic nerve head shows no clearly apparent glaucomatous excavation or focal rim loss in the provided SLO image. The OCT B-scans are macular rather than optic-nerve/RNFL scans and do not provide adequate glaucoma-specific structural assessment, so glaucoma cannot be confidently excluded.""}",1
data/Glaucoma/Test/data_07164.npz,53.42,female,white,non-hispanic,0,0,low,"The optic disc is only partially assessable on the SLO image, with no definite glaucomatous rim loss visible. The OCT B-scans appear to sample the macula and do not provide optic nerve head or RNFL assessment, so glaucoma cannot be confirmed from these images.","{""glaucoma_detected"":0,""confidence"":""low"",""reasoning"":""The optic disc is only partially assessable on the SLO image, with no definite glaucomatous rim loss visible. The OCT B-scans appear to sample the macula and do not provide optic nerve head or RNFL assessment, so glaucoma cannot be confirmed from these images.""}",1
data/Glaucoma/Test/data_07165.npz,25.16,female,white,non-hispanic,1,0,low,"The optic nerve head appears generally preserved without clear focal rim loss or marked glaucomatous cupping. The OCT B-scans show retinal structure but do not adequately evaluate the optic nerve or provide clear RNFL assessment, so glaucoma cannot be excluded confidently.","{
  ""glaucoma_detected"": 0,
  ""confidence"": ""low"",
  ""reasoning"": ""The optic nerve head appears generally preserved without clear focal rim loss or marked glaucomatous cupping. The OCT B-scans show retinal structure but do not adequately evaluate the optic nerve or provide clear RNFL assessment, so glaucoma cannot be excluded confidently.""
}",0
data/Glaucoma/Test/data_07166.npz,76.61,female,white,non-hispanic,1,0,low,"The fundus image is low quality and provides limited visualization of the optic nerve head, without definite glaucomatous cupping or rim loss. The OCT scans are macular rather than peripapillary and do not show glaucoma-specific structural assessment. Glaucoma cannot be excluded, but it is not demonstrated on these images.","{""glaucoma_detected"":0,""confidence"":""low"",""reasoning"":""The fundus image is low quality and provides limited visualization of the optic nerve head, without definite glaucomatous cupping or rim loss. The OCT scans are macular rather than peripapillary and do not show glaucoma-specific structural assessment. Glaucoma cannot be excluded, but it is not demonstrated on these images.""}",0
data/Glaucoma/Test/data_07167.npz,74.37,female,white,non-hispanic,0,0,low,The optic nerve head shows a visible neuroretinal rim without definite marked glaucomatous excavation or focal rim loss. The provided OCT B-scans appear to be macular scans and do not demonstrate or assess peripapillary RNFL/optic nerve structure. Glaucoma cannot be confirmed from these images alone.,"{""glaucoma_detected"":0,""confidence"":""low"",""reasoning"":""The optic nerve head shows a visible neuroretinal rim without definite marked glaucomatous excavation or focal rim loss. The provided OCT B-scans appear to be macular scans and do not demonstrate or assess peripapillary RNFL/optic nerve structure. Glaucoma cannot be confirmed from these images alone.""}",1
data/Glaucoma/Test/data_07168.npz,59.26,male,white,non-hispanic,0,0,low,"The optic nerve head appears to have a preserved neuroretinal rim without clearly glaucomatous focal notching or marked cupping. The available OCT B-scans do not show an obvious corresponding retinal nerve fiber layer defect, although image quality and sampling are limited.","{""glaucoma_detected"":0,""confidence"":""low"",""reasoning"":""The optic nerve head appears to have a preserved neuroretinal rim without clearly glaucomatous focal notching or marked cupping. The available OCT B-scans do not show an obvious corresponding retinal nerve fiber layer defect, although image quality and sampling are limited.""}",1
data/Glaucoma/Test/data_07169.npz,81.62,female,black,non-hispanic,1,0,low,"The fundus image is very low quality and does not clearly show the optic nerve head or neuroretinal rim. The OCT B-scans do not demonstrate a definite glaucomatous structural pattern, but they also do not provide clear optic nerve/RNFL assessment. Glaucoma cannot be reliably excluded from these images.","{""glaucoma_detected"":0,""confidence"":""low"",""reasoning"":""The fundus image is very low quality and does not clearly show the optic nerve head or neuroretinal rim. The OCT B-scans do not demonstrate a definite glaucomatous structural pattern, but they also do not provide clear optic nerve/RNFL assessment. Glaucoma cannot be reliably excluded from these images.""}",0
data/Glaucoma/Test/data_07170.npz,62.21,male,white,non-hispanic,0,0,low,"The optic nerve head is only partially assessable but does not show definite glaucomatous rim loss or marked cupping. The OCT images show preserved-appearing retinal architecture without an obvious focal defect, although these scans do not directly provide a reliable peripapillary RNFL assessment. Glaucoma cannot be excluded from the limited images alone.","{""glaucoma_detected"":0,""confidence"":""low"",""reasoning"":""The optic nerve head is only partially assessable but does not show definite glaucomatous rim loss or marked cupping. The OCT images show preserved-appearing retinal architecture without an obvious focal defect, although these scans do not directly provide a reliable peripapillary RNFL assessment. Glaucoma cannot be excluded from the limited images alone.""}",1
data/Glaucoma/Test/data_07171.npz,55.1,female,white,non-hispanic,0,0,low,"The optic nerve is only partially and poorly visualized, with no definite glaucomatous rim loss or marked cupping identifiable. The OCT B-scans do not clearly assess the optic nerve head or show a convincing glaucoma-related retinal nerve fiber layer defect, so evidence is insufficient for glaucoma.","{""glaucoma_detected"":0,""confidence"":""low"",""reasoning"":""The optic nerve is only partially and poorly visualized, with no definite glaucomatous rim loss or marked cupping identifiable. The OCT B-scans do not clearly assess the optic nerve head or show a convincing glaucoma-related retinal nerve fiber layer defect, so evidence is insufficient for glaucoma.""}",1
data/Glaucoma/Test/data_07172.npz,60.02,male,white,non-hispanic,1,0,low,"The optic nerve appearance does not show clearly convincing glaucomatous cupping or rim loss in this limited image. The OCT B-scans are macular rather than optic-nerve/RNFL scans and show no glaucoma-specific structural evidence, so assessment is limited.","{
  ""glaucoma_detected"": 0,
  ""confidence"": ""low"",
  ""reasoning"": ""The optic nerve appearance does not show clearly convincing glaucomatous cupping or rim loss in this limited image. The OCT B-scans are macular rather than optic-nerve/RNFL scans and show no glaucoma-specific structural evidence, so assessment is limited.""
}",0
data/Glaucoma/Test/data_07173.npz,34.87,female,white,non-hispanic,0,0,moderate,"The optic nerve head appears relatively crowded without convincing glaucomatous cupping or focal neuroretinal rim loss. The OCT B-scans show preserved-appearing tissue around the nerve head without a clear pattern of glaucomatous structural thinning, although the images are limited and lack quantitative RNFL measurements.","{""glaucoma_detected"":0,""confidence"":""moderate"",""reasoning"":""The optic nerve head appears relatively crowded without convincing glaucomatous cupping or focal neuroretinal rim loss. The OCT B-scans show preserved-appearing tissue around the nerve head without a clear pattern of glaucomatous structural thinning, although the images are limited and lack quantitative RNFL measurements.""}",1
data/Glaucoma/Test/data_07174.npz,69.92,female,white,non-hispanic,1,0,moderate,"The optic nerve appears crowded with no clear glaucomatous excavation or focal rim loss. OCT B-scans show an elevated, highly reflective optic nerve head configuration suggestive of disc structural prominence/drusen rather than glaucomatous cupping. RNFL assessment is limited, so subtle glaucoma cannot be excluded.","{
  ""glaucoma_detected"": 0,
  ""confidence"": ""moderate"",
  ""reasoning"": ""The optic nerve appears crowded with no clear glaucomatous excavation or focal rim loss. OCT B-scans show an elevated, highly reflective optic nerve head configuration suggestive of disc structural prominence/drusen rather than glaucomatous cupping. RNFL assessment is limited, so subtle glaucoma cannot be excluded.""
}",0
data/Glaucoma/Test/data_07175.npz,76.19,male,white,non-hispanic,0,0,low,The fundus image shows an optic disc with some central cupping but no definite focal rim thinning or notching. The supplied OCT B-scans do not clearly evaluate the peripapillary RNFL and show no specific glaucomatous structural abnormality. Glaucoma cannot be confirmed from these images alone.,"{""glaucoma_detected"":0,""confidence"":""low"",""reasoning"":""The fundus image shows an optic disc with some central cupping but no definite focal rim thinning or notching. The supplied OCT B-scans do not clearly evaluate the peripapillary RNFL and show no specific glaucomatous structural abnormality. Glaucoma cannot be confirmed from these images alone.""}",1
data/Glaucoma/Test/data_07176.npz,53.77,male,asian,non-hispanic,0,0,low,The optic nerve head shows some cupping but no clearly demonstrated focal neuroretinal rim loss or definite glaucomatous excavation. The OCT B-scans appear macular and do not provide clear glaucoma-specific RNFL or optic nerve assessment. Image quality and limited coverage make the evaluation uncertain.,"{""glaucoma_detected"":0,""confidence"":""low"",""reasoning"":""The optic nerve head shows some cupping but no clearly demonstrated focal neuroretinal rim loss or definite glaucomatous excavation. The OCT B-scans appear macular and do not provide clear glaucoma-specific RNFL or optic nerve assessment. Image quality and limited coverage make the evaluation uncertain.""}",1
data/Glaucoma/Test/data_07177.npz,76.64,female,white,non-hispanic,0,0,low,"The optic nerve head is visible but limited by grayscale image quality, and there is no clear, convincing glaucomatous cupping or focal rim loss. The OCT B-scans show preserved-appearing retinal layers but do not provide a clear RNFL analysis. Overall, no definite glaucoma is demonstrated, though assessment is limited.","{
  ""glaucoma_detected"": 0,
  ""confidence"": ""low"",
  ""reasoning"": ""The optic nerve head is visible but limited by grayscale image quality, and there is no clear, convincing glaucomatous cupping or focal rim loss. The OCT B-scans show preserved-appearing retinal layers but do not provide a clear RNFL analysis. Overall, no definite glaucoma is demonstrated, though assessment is limited.""
}",1
data/Glaucoma/Test/data_07178.npz,51.44,male,white,non-hispanic,0,0,low,The optic nerve head is visible but the fundus image is low contrast and does not clearly show focal rim thinning or glaucomatous cupping. The OCT montage shows preserved-appearing retinal layers around the nerve head without definite localized RNFL loss. Assessment is limited by image quality and lack of quantitative measurements.,"{""glaucoma_detected"":0,""confidence"":""low"",""reasoning"":""The optic nerve head is visible but the fundus image is low contrast and does not clearly show focal rim thinning or glaucomatous cupping. The OCT montage shows preserved-appearing retinal layers around the nerve head without definite localized RNFL loss. Assessment is limited by image quality and lack of quantitative measurements.""}",1
data/Glaucoma/Test/data_07179.npz,52.58,female,black,non-hispanic,1,0,low,"The fundus image shows an optic disc with some central excavation, but the limited resolution and lack of clear rim thinning or focal notching prevent reliable glaucomatous assessment. The provided OCT B-scans appear to sample retinal/macular anatomy rather than the optic nerve or peripapillary RNFL, so they do not provide corroborating glaucoma-related structural evidence.","{
  ""glaucoma_detected"": 0,
  ""confidence"": ""low"",
  ""reasoning"": ""The fundus image shows an optic disc with some central excavation, but the limited resolution and lack of clear rim thinning or focal notching prevent reliable glaucomatous assessment. The provided OCT B-scans appear to sample retinal/macular anatomy rather than the optic nerve or peripapillary RNFL, so they do not provide corroborating glaucoma-related structural evidence.""
}",0
data/Glaucoma/Test/data_07180.npz,63.11,male,white,non-hispanic,1,1,moderate,"The fundus image shows a relatively large, vertically elongated optic cup with reduced-appearing neuroretinal rim, suspicious for glaucomatous cupping. The OCT scans are macular B-scans and do not adequately assess peripapillary RNFL or the optic nerve head, limiting confirmation.","{""glaucoma_detected"":1,""confidence"":""moderate"",""reasoning"":""The fundus image shows a relatively large, vertically elongated optic cup with reduced-appearing neuroretinal rim, suspicious for glaucomatous cupping. The OCT scans are macular B-scans and do not adequately assess peripapillary RNFL or the optic nerve head, limiting confirmation.""}",1
data/Glaucoma/Test/data_07181.npz,62.02,female,white,non-hispanic,1,0,low,The optic nerve head shows a visible cup but generally preserved neuroretinal rim without definite focal rim loss or retinal nerve fiber layer defects. The OCT B-scans are limited in quality and do not show clear glaucomatous structural loss; overall evidence is insufficient for glaucoma.,"{""glaucoma_detected"":0,""confidence"":""low"",""reasoning"":""The optic nerve head shows a visible cup but generally preserved neuroretinal rim without definite focal rim loss or retinal nerve fiber layer defects. The OCT B-scans are limited in quality and do not show clear glaucomatous structural loss; overall evidence is insufficient for glaucoma.""}",0
data/Glaucoma/Test/data_07182.npz,57.29,female,white,non-hispanic,0,0,low,"The optic nerve head appears to have a relatively preserved neuroretinal rim without definite glaucomatous cupping or focal rim loss. The OCT B-scans are macular and do not adequately assess the optic nerve or peripapillary RNFL, so structural evidence is limited.","{
  ""glaucoma_detected"": 0,
  ""confidence"": ""low"",
  ""reasoning"": ""The optic nerve head appears to have a relatively preserved neuroretinal rim without definite glaucomatous cupping or focal rim loss. The OCT B-scans are macular and do not adequately assess the optic nerve or peripapillary RNFL, so structural evidence is limited.""
}",1
data/Glaucoma/Test/data_07183.npz,59.26,female,white,non-hispanic,0,0,low,"The SLO image shows an optic disc with possible central excavation, but the view is limited and does not clearly demonstrate glaucomatous rim thinning, notching, or focal RNFL loss. The provided OCT B-scans are macular rather than optic-nerve/RNFL scans and do not provide supportive glaucoma evidence.","{""glaucoma_detected"":0,""confidence"":""low"",""reasoning"":""The SLO image shows an optic disc with possible central excavation, but the view is limited and does not clearly demonstrate glaucomatous rim thinning, notching, or focal RNFL loss. The provided OCT B-scans are macular rather than optic-nerve/RNFL scans and do not provide supportive glaucoma evidence.""}",1
data/Glaucoma/Test/data_07184.npz,75.36,female,white,non-hispanic,1,0,low,"The fundus image is limited in quality but does not show definite glaucomatous rim loss or marked cupping. The OCT B-scans appear to cover retinal/macular structure rather than providing clear optic nerve or RNFL assessment, so glaucoma cannot be reliably confirmed or excluded.","{""glaucoma_detected"":0,""confidence"":""low"",""reasoning"":""The fundus image is limited in quality but does not show definite glaucomatous rim loss or marked cupping. The OCT B-scans appear to cover retinal/macular structure rather than providing clear optic nerve or RNFL assessment, so glaucoma cannot be reliably confirmed or excluded.""}",0
data/Glaucoma/Test/data_07185.npz,78.66,female,black,non-hispanic,0,0,low,"The optic nerve image is low quality and does not clearly demonstrate glaucomatous rim thinning or definitive cupping. The provided OCT B-scans appear to be macular and do not adequately assess the optic nerve or retinal nerve fiber layer, so glaucoma cannot be confirmed from these images.","{""glaucoma_detected"":0,""confidence"":""low"",""reasoning"":""The optic nerve image is low quality and does not clearly demonstrate glaucomatous rim thinning or definitive cupping. The provided OCT B-scans appear to be macular and do not adequately assess the optic nerve or retinal nerve fiber layer, so glaucoma cannot be confirmed from these images.""}",1
data/Glaucoma/Test/data_07186.npz,58.44,female,white,non-hispanic,1,0,low,"The SLO image does not show definite glaucomatous optic-disc cupping or focal neuroretinal rim loss. The OCT B-scans show generally preserved retinal architecture without a clear glaucoma-related structural defect, although the scans do not clearly provide dedicated peripapillary RNFL assessment and image quality is limited.","{""glaucoma_detected"":0,""confidence"":""low"",""reasoning"":""The SLO image does not show definite glaucomatous optic-disc cupping or focal neuroretinal rim loss. The OCT B-scans show generally preserved retinal architecture without a clear glaucoma-related structural defect, although the scans do not clearly provide dedicated peripapillary RNFL assessment and image quality is limited.""}",0
data/Glaucoma/Test/data_07187.npz,58.64,female,white,non-hispanic,0,0,low,The SLO image is low quality and does not clearly show the optic nerve head or neuroretinal rim. The provided OCT B-scans show retinal layers but no definite glaucomatous structural loss or convincing RNFL pattern. Glaucoma cannot be confidently assessed from these images.,"{""glaucoma_detected"":0,""confidence"":""low"",""reasoning"":""The SLO image is low quality and does not clearly show the optic nerve head or neuroretinal rim. The provided OCT B-scans show retinal layers but no definite glaucomatous structural loss or convincing RNFL pattern. Glaucoma cannot be confidently assessed from these images.""}",1
data/Glaucoma/Test/data_07188.npz,60.38,female,asian,non-hispanic,1,0,low,"The optic nerve head is only partially clear but does not show definite glaucomatous cupping or focal rim loss. The OCT B-scans have limited quality and do not demonstrate a clear retinal nerve fiber layer defect. Overall, no convincing structural evidence of glaucoma is visible, though image limitations reduce confidence.","{""glaucoma_detected"":0,""confidence"":""low"",""reasoning"":""The optic nerve head is only partially clear but does not show definite glaucomatous cupping or focal rim loss. The OCT B-scans have limited quality and do not demonstrate a clear retinal nerve fiber layer defect. Overall, no convincing structural evidence of glaucoma is visible, though image limitations reduce confidence.""}",0
data/Glaucoma/Test/data_07189.npz,79.93,male,black,non-hispanic,1,0,low,"The fundus image is dark and the optic nerve head is poorly visualized, limiting assessment of cupping and neuroretinal rim. The available OCT B-scans do not show a clear glaucomatous structural abnormality, but they are not sufficient for confident RNFL or optic nerve evaluation.","{
  ""glaucoma_detected"": 0,
  ""confidence"": ""low"",
  ""reasoning"": ""The fundus image is dark and the optic nerve head is poorly visualized, limiting assessment of cupping and neuroretinal rim. The available OCT B-scans do not show a clear glaucomatous structural abnormality, but they are not sufficient for confident RNFL or optic nerve evaluation.""
}",0
data/Glaucoma/Test/data_07190.npz,61.41,female,black,non-hispanic,1,0,low,The fundus image is low quality and provides limited assessment of the optic nerve head; no definite glaucomatous cupping or rim loss can be confirmed. The OCT B-scans appear macular and do not show optic-nerve/RNFL measurements or clear glaucoma-specific structural loss.,"{""glaucoma_detected"":0,""confidence"":""low"",""reasoning"":""The fundus image is low quality and provides limited assessment of the optic nerve head; no definite glaucomatous cupping or rim loss can be confirmed. The OCT B-scans appear macular and do not show optic-nerve/RNFL measurements or clear glaucoma-specific structural loss.""}",0
data/Glaucoma/Test/data_07191.npz,70.16,male,asian,non-hispanic,1,0,low,"The optic nerve appearance is limited by image quality but does not show definite glaucomatous rim loss or marked cupping. The OCT B-scans do not demonstrate a clear, concordant glaucomatous retinal nerve fiber layer defect; assessment is limited because dedicated RNFL/optic nerve measurements are not evident.","{
  ""glaucoma_detected"": 0,
  ""confidence"": ""low"",
  ""reasoning"": ""The optic nerve appearance is limited by image quality but does not show definite glaucomatous rim loss or marked cupping. The OCT B-scans do not demonstrate a clear, concordant glaucomatous retinal nerve fiber layer defect; assessment is limited because dedicated RNFL/optic nerve measurements are not evident.""
}",0
data/Glaucoma/Test/data_07192.npz,71.98,female,white,non-hispanic,0,0,low,"The optic nerve is only partially and poorly visualized, with no definite glaucomatous rim loss or marked cupping identifiable. The OCT B-scans appear macular and do not assess the optic nerve or retinal nerve fiber layer, so structural evidence is insufficient.","{""glaucoma_detected"":0,""confidence"":""low"",""reasoning"":""The optic nerve is only partially and poorly visualized, with no definite glaucomatous rim loss or marked cupping identifiable. The OCT B-scans appear macular and do not assess the optic nerve or retinal nerve fiber layer, so structural evidence is insufficient.""}",1
data/Glaucoma/Test/data_07193.npz,81.82,female,white,non-hispanic,0,0,low,"The SLO image is low quality and provides limited visualization of the optic nerve head, with no definite glaucomatous cupping or rim loss identifiable. The OCT B-scans appear to show retinal/macular structure rather than a clear optic nerve or RNFL assessment, and do not demonstrate a specific glaucomatous pattern.","{""glaucoma_detected"":0,""confidence"":""low"",""reasoning"":""The SLO image is low quality and provides limited visualization of the optic nerve head, with no definite glaucomatous cupping or rim loss identifiable. The OCT B-scans appear to show retinal/macular structure rather than a clear optic nerve or RNFL assessment, and do not demonstrate a specific glaucomatous pattern.""}",1
data/Glaucoma/Test/data_07194.npz,67.76,female,white,non-hispanic,1,0,low,The SLO image is low quality and shows no definite glaucomatous cupping or rim loss. The OCT B-scans are macular rather than optic-nerve/RNFL-focused and do not provide clear evidence of glaucomatous structural damage.,"{""glaucoma_detected"":0,""confidence"":""low"",""reasoning"":""The SLO image is low quality and shows no definite glaucomatous cupping or rim loss. The OCT B-scans are macular rather than optic-nerve/RNFL-focused and do not provide clear evidence of glaucomatous structural damage.""}",0
data/Glaucoma/Test/data_07195.npz,64.53,female,white,non-hispanic,0,0,low,"The fundus image is limited in quality but does not show definite glaucomatous cupping or rim loss. The OCT B-scans show no clearly identifiable focal retinal nerve fiber layer or optic nerve structural loss, though coverage and image quality are limited.","{""glaucoma_detected"":0,""confidence"":""low"",""reasoning"":""The fundus image is limited in quality but does not show definite glaucomatous cupping or rim loss. The OCT B-scans show no clearly identifiable focal retinal nerve fiber layer or optic nerve structural loss, though coverage and image quality are limited.""}",1
data/Glaucoma/Test/data_07196.npz,57.23,male,white,non-hispanic,1,0,low,"The optic disc appears to have a visible neuroretinal rim without definite glaucomatous cupping or focal rim loss. The provided OCT B-scans are macular and do not show clear glaucoma-related structural abnormalities, but they do not adequately assess the peripapillary RNFL or optic nerve head.","{""glaucoma_detected"":0,""confidence"":""low"",""reasoning"":""The optic disc appears to have a visible neuroretinal rim without definite glaucomatous cupping or focal rim loss. The provided OCT B-scans are macular and do not show clear glaucoma-related structural abnormalities, but they do not adequately assess the peripapillary RNFL or optic nerve head.""}",0
data/Glaucoma/Test/data_07197.npz,64.84,female,white,non-hispanic,1,0,low,"The optic nerve head shows some cupping but no definite focal neuroretinal rim loss or excavation is evident in this limited-quality image. The OCT B-scans show generally preserved retinal architecture without clear glaucomatous structural loss, although dedicated RNFL/ganglion-cell measurements are not provided.","{""glaucoma_detected"":0,""confidence"":""low"",""reasoning"":""The optic nerve head shows some cupping but no definite focal neuroretinal rim loss or excavation is evident in this limited-quality image. The OCT B-scans show generally preserved retinal architecture without clear glaucomatous structural loss, although dedicated RNFL/ganglion-cell measurements are not provided.""}",0
data/Glaucoma/Test/data_07198.npz,50.13,male,white,non-hispanic,0,0,low,"The optic nerve head appears without clearly evident glaucomatous cupping or rim loss, but the fundus image is limited and the OCT B-scans do not clearly assess the optic nerve or retinal nerve fiber layer. Therefore, no definite glaucoma is detected, with low confidence.","{""glaucoma_detected"":0,""confidence"":""low"",""reasoning"":""The optic nerve head appears without clearly evident glaucomatous cupping or rim loss, but the fundus image is limited and the OCT B-scans do not clearly assess the optic nerve or retinal nerve fiber layer. Therefore, no definite glaucoma is detected, with low confidence.""}",1
data/Glaucoma/Test/data_07199.npz,65.98,male,white,non-hispanic,-1,0,low,"The SLO/fundus image is low quality and does not clearly demonstrate glaucomatous cupping or focal neuroretinal rim loss. The provided OCT B-scans do not show a definite glaucoma-related retinal nerve fiber layer pattern, but assessment is limited by image presentation and lack of quantitative measurements.","{""glaucoma_detected"":0,""confidence"":""low"",""reasoning"":""The SLO/fundus image is low quality and does not clearly demonstrate glaucomatous cupping or focal neuroretinal rim loss. The provided OCT B-scans do not show a definite glaucoma-related retinal nerve fiber layer pattern, but assessment is limited by image presentation and lack of quantitative measurements.""}",0
data/Glaucoma/Test/data_07200.npz,59.88,female,white,non-hispanic,0,1,low,"The optic nerve head appears to have relatively prominent central excavation with a reduced-appearing neuroretinal rim, raising suspicion for glaucomatous cupping. The OCT B-scans are limited and do not clearly demonstrate corresponding RNFL loss, so the assessment is uncertain.","{""glaucoma_detected"":1,""confidence"":""low"",""reasoning"":""The optic nerve head appears to have relatively prominent central excavation with a reduced-appearing neuroretinal rim, raising suspicion for glaucomatous cupping. The OCT B-scans are limited and do not clearly demonstrate corresponding RNFL loss, so the assessment is uncertain.""}",0
data/Glaucoma/Test/data_07201.npz,74.01,male,white,non-hispanic,1,1,moderate,"The fundus image shows a relatively large optic disc excavation with apparent neuroretinal rim thinning, concerning for glaucomatous optic neuropathy. The OCT B-scans are limited and do not provide clear peripapillary RNFL measurements or definitive corroboration; image quality and modality agreement therefore limit confidence.","{""glaucoma_detected"":1,""confidence"":""moderate"",""reasoning"":""The fundus image shows a relatively large optic disc excavation with apparent neuroretinal rim thinning, concerning for glaucomatous optic neuropathy. The OCT B-scans are limited and do not provide clear peripapillary RNFL measurements or definitive corroboration; image quality and modality agreement therefore limit confidence.""}",1
data/Glaucoma/Test/data_07202.npz,33.9,female,asian,non-hispanic,0,0,low,"The fundus view is limited but does not show definite glaucomatous rim loss or marked cupping. The OCT scans appear to be macular B-scans without optic nerve head or RNFL assessment, so glaucoma cannot be reliably excluded.","{""glaucoma_detected"":0,""confidence"":""low"",""reasoning"":""The fundus view is limited but does not show definite glaucomatous rim loss or marked cupping. The OCT scans appear to be macular B-scans without optic nerve head or RNFL assessment, so glaucoma cannot be reliably excluded.""}",1
data/Glaucoma/Test/data_07203.npz,63.32,female,black,non-hispanic,1,1,low,"The low-quality SLO image suggests possible optic disc excavation/cupping, but the disc and neuroretinal rim are poorly defined. The provided OCT B-scans are macular and do not adequately assess the optic nerve or RNFL, so glaucomatous damage cannot be confirmed.","{""glaucoma_detected"":1,""confidence"":""low"",""reasoning"":""The low-quality SLO image suggests possible optic disc excavation/cupping, but the disc and neuroretinal rim are poorly defined. The provided OCT B-scans are macular and do not adequately assess the optic nerve or RNFL, so glaucomatous damage cannot be confirmed.""}",1
data/Glaucoma/Test/data_07204.npz,72.2,male,white,non-hispanic,1,0,low,"The optic nerve appearance is only partially assessable and does not show definite glaucomatous rim loss or marked cupping in this image. The OCT scans are macular B-scans without a dedicated RNFL/optic-nerve assessment, so glaucoma cannot be reliably excluded.","{""glaucoma_detected"":0,""confidence"":""low"",""reasoning"":""The optic nerve appearance is only partially assessable and does not show definite glaucomatous rim loss or marked cupping in this image. The OCT scans are macular B-scans without a dedicated RNFL/optic-nerve assessment, so glaucoma cannot be reliably excluded.""}",0
data/Glaucoma/Test/data_07205.npz,71.45,male,white,non-hispanic,0,1,low,"The SLO/fundus image suggests a relatively large optic-disc excavation, but the image is low quality and the neuroretinal rim is difficult to assess. The provided OCT B-scans appear macular and do not adequately evaluate the peripapillary RNFL or optic nerve, so structural evidence is incomplete.","{""glaucoma_detected"":1,""confidence"":""low"",""reasoning"":""The SLO/fundus image suggests a relatively large optic-disc excavation, but the image is low quality and the neuroretinal rim is difficult to assess. The provided OCT B-scans appear macular and do not adequately evaluate the peripapillary RNFL or optic nerve, so structural evidence is incomplete.""}",0
data/Glaucoma/Test/data_07206.npz,78.27,male,white,non-hispanic,1,0,low,"The optic nerve appearance does not show definite glaucomatous cupping or focal rim loss, and the OCT B-scans do not demonstrate a clear glaucoma-related structural abnormality. Image quality and limited view reduce certainty.","{
  ""glaucoma_detected"": 0,
  ""confidence"": ""low"",
  ""reasoning"": ""The optic nerve appearance does not show definite glaucomatous cupping or focal rim loss, and the OCT B-scans do not demonstrate a clear glaucoma-related structural abnormality. Image quality and limited view reduce certainty.""
}",0
data/Glaucoma/Test/data_07207.npz,47.28,male,white,non-hispanic,0,0,low,"The optic nerve appearance is difficult to assess on the limited grayscale SLO image, with no definite glaucomatous cupping or rim loss visible. The OCT B-scans appear to be macular scans and do not evaluate peripapillary RNFL or the optic nerve head, so structural evidence is insufficient.","{""glaucoma_detected"":0,""confidence"":""low"",""reasoning"":""The optic nerve appearance is difficult to assess on the limited grayscale SLO image, with no definite glaucomatous cupping or rim loss visible. The OCT B-scans appear to be macular scans and do not evaluate peripapillary RNFL or the optic nerve head, so structural evidence is insufficient.""}",1
data/Glaucoma/Test/data_07208.npz,74.07,female,white,non-hispanic,0,0,low,"The optic nerve head is only moderately visible in the low-contrast SLO image, without definite glaucomatous rim loss or marked cupping. The OCT B-scans do not directly assess the peripapillary RNFL and show no clear glaucoma-specific structural abnormality. Glaucoma cannot be excluded from these limited images.","{""glaucoma_detected"":0,""confidence"":""low"",""reasoning"":""The optic nerve head is only moderately visible in the low-contrast SLO image, without definite glaucomatous rim loss or marked cupping. The OCT B-scans do not directly assess the peripapillary RNFL and show no clear glaucoma-specific structural abnormality. Glaucoma cannot be excluded from these limited images.""}",1
data/Glaucoma/Test/data_07209.npz,67.6,male,white,non-hispanic,1,0,low,"The optic nerve appearance does not show definite glaucomatous cupping or focal neuroretinal rim loss, and the OCT B-scans do not demonstrate clear glaucoma-related structural loss. Image quality and limited scan coverage reduce confidence.","{
  ""glaucoma_detected"": 0,
  ""confidence"": ""low"",
  ""reasoning"": ""The optic nerve appearance does not show definite glaucomatous cupping or focal neuroretinal rim loss, and the OCT B-scans do not demonstrate clear glaucoma-related structural loss. Image quality and limited scan coverage reduce confidence.""
}",0
data/Glaucoma/Test/data_07210.npz,64.71,male,white,non-hispanic,0,0,low,"The optic nerve appearance does not show a clear glaucomatous rim defect or marked cupping in this limited-quality SLO image. The provided OCT B-scans are macular rather than optic-nerve/RNFL scans and do not demonstrate glaucoma-specific structural loss, so glaucoma cannot be excluded confidently.","{""glaucoma_detected"":0,""confidence"":""low"",""reasoning"":""The optic nerve appearance does not show a clear glaucomatous rim defect or marked cupping in this limited-quality SLO image. The provided OCT B-scans are macular rather than optic-nerve/RNFL scans and do not demonstrate glaucoma-specific structural loss, so glaucoma cannot be excluded confidently.""}",1
data/Glaucoma/Test/data_07211.npz,58.78,male,white,non-hispanic,0,0,low,"The optic nerve head appears relatively crowded without clear pathological cupping or focal rim loss. The OCT B-scans do not show a definite glaucomatous structural defect, but coverage and image quality are limited, so glaucoma cannot be excluded confidently.","{""glaucoma_detected"":0,""confidence"":""low"",""reasoning"":""The optic nerve head appears relatively crowded without clear pathological cupping or focal rim loss. The OCT B-scans do not show a definite glaucomatous structural defect, but coverage and image quality are limited, so glaucoma cannot be excluded confidently.""}",1
data/Glaucoma/Test/data_07212.npz,83.28,female,white,non-hispanic,1,0,low,The SLO/fundus image is too limited and poorly visualized to assess the optic nerve head or cupping. The OCT B-scans show preserved-appearing retinal layers but do not adequately visualize the optic nerve or provide reliable RNFL assessment. Glaucoma cannot be confirmed from these images.,"{""glaucoma_detected"":0,""confidence"":""low"",""reasoning"":""The SLO/fundus image is too limited and poorly visualized to assess the optic nerve head or cupping. The OCT B-scans show preserved-appearing retinal layers but do not adequately visualize the optic nerve or provide reliable RNFL assessment. Glaucoma cannot be confirmed from these images.""}",0
data/Glaucoma/Test/data_07213.npz,81.89,male,white,non-hispanic,0,0,low,The fundus image is too dark and limited to reliably assess the optic nerve head or neuroretinal rim. The OCT B-scans appear macular rather than optic-nerve/RNFL scans and do not provide clear glaucoma-specific structural evidence. Glaucoma cannot be confirmed from these images.,"{""glaucoma_detected"":0,""confidence"":""low"",""reasoning"":""The fundus image is too dark and limited to reliably assess the optic nerve head or neuroretinal rim. The OCT B-scans appear macular rather than optic-nerve/RNFL scans and do not provide clear glaucoma-specific structural evidence. Glaucoma cannot be confirmed from these images.""}",1
data/Glaucoma/Test/data_07214.npz,62.96,female,white,non-hispanic,1,0,low,"The SLO image is low quality and provides limited visualization of the optic nerve head, with no definite glaucomatous cupping or rim loss identifiable. The OCT B-scans appear to be macular scans and do not adequately assess the optic nerve or retinal nerve fiber layer. Glaucoma cannot be confirmed from these images.","{""glaucoma_detected"":0,""confidence"":""low"",""reasoning"":""The SLO image is low quality and provides limited visualization of the optic nerve head, with no definite glaucomatous cupping or rim loss identifiable. The OCT B-scans appear to be macular scans and do not adequately assess the optic nerve or retinal nerve fiber layer. Glaucoma cannot be confirmed from these images.""}",0
data/Glaucoma/Test/data_07215.npz,70.52,male,white,non-hispanic,1,1,low,"The optic nerve head appears substantially excavated with a relatively thin neuroretinal rim, raising concern for glaucomatous cupping. The OCT B-scans do not clearly demonstrate definitive retinal nerve fiber layer loss, and image quality/coverage limits certainty.","{""glaucoma_detected"":1,""confidence"":""low"",""reasoning"":""The optic nerve head appears substantially excavated with a relatively thin neuroretinal rim, raising concern for glaucomatous cupping. The OCT B-scans do not clearly demonstrate definitive retinal nerve fiber layer loss, and image quality/coverage limits certainty.""}",1
data/Glaucoma/Test/data_07216.npz,77.42,male,asian,non-hispanic,1,0,low,"The fundus image is dark and provides limited visualization of the optic nerve head; no definite glaucomatous cupping or rim loss is apparent. The OCT B-scans do not clearly include the optic nerve head or a readable RNFL analysis, so glaucoma cannot be reliably assessed.","{""glaucoma_detected"":0,""confidence"":""low"",""reasoning"":""The fundus image is dark and provides limited visualization of the optic nerve head; no definite glaucomatous cupping or rim loss is apparent. The OCT B-scans do not clearly include the optic nerve head or a readable RNFL analysis, so glaucoma cannot be reliably assessed.""}",0
data/Glaucoma/Test/data_07217.npz,71.11,male,white,non-hispanic,1,1,low,"The SLO image suggests an enlarged optic disc excavation with relatively reduced neuroretinal rim, raising concern for glaucomatous cupping. The OCT B-scans are limited and do not clearly demonstrate corresponding retinal nerve fiber layer loss, so the finding is uncertain.","{""glaucoma_detected"":1,""confidence"":""low"",""reasoning"":""The SLO image suggests an enlarged optic disc excavation with relatively reduced neuroretinal rim, raising concern for glaucomatous cupping. The OCT B-scans are limited and do not clearly demonstrate corresponding retinal nerve fiber layer loss, so the finding is uncertain.""}",1
data/Glaucoma/Test/data_07218.npz,74.7,female,white,non-hispanic,0,0,low,The SLO image is too dark and poorly defined to assess the optic nerve head or neuroretinal rim. The OCT B-scans show retinal layers but do not clearly include the optic nerve head or a glaucoma-specific RNFL pattern. Glaucoma cannot be reliably evaluated from these images.,"{
  ""glaucoma_detected"": 0,
  ""confidence"": ""low"",
  ""reasoning"": ""The SLO image is too dark and poorly defined to assess the optic nerve head or neuroretinal rim. The OCT B-scans show retinal layers but do not clearly include the optic nerve head or a glaucoma-specific RNFL pattern. Glaucoma cannot be reliably evaluated from these images.""
}",1
data/Glaucoma/Test/data_07219.npz,80.22,female,black,non-hispanic,1,0,low,"The SLO image is low quality and does not clearly demonstrate glaucomatous cupping or rim loss. The OCT B-scans show retinal structure but do not provide clear, interpretable optic-nerve/RNFL evidence of glaucoma. Glaucoma cannot be confirmed from these images.","{""glaucoma_detected"":0,""confidence"":""low"",""reasoning"":""The SLO image is low quality and does not clearly demonstrate glaucomatous cupping or rim loss. The OCT B-scans show retinal structure but do not provide clear, interpretable optic-nerve/RNFL evidence of glaucoma. Glaucoma cannot be confirmed from these images.""}",0
data/Glaucoma/Test/data_07220.npz,59.57,male,white,non-hispanic,1,0,low,"The optic nerve appearance is poorly defined in the limited SLO image, but there is no definite focal rim loss or marked cupping. The OCT B-scans do not show a clear glaucomatous retinal nerve fiber layer pattern, although they appear limited and are not clearly centered on the optic nerve.","{
  ""glaucoma_detected"": 0,
  ""confidence"": ""low"",
  ""reasoning"": ""The optic nerve appearance is poorly defined in the limited SLO image, but there is no definite focal rim loss or marked cupping. The OCT B-scans do not show a clear glaucomatous retinal nerve fiber layer pattern, although they appear limited and are not clearly centered on the optic nerve.""
}",0
data/Glaucoma/Test/data_07221.npz,80.9,female,white,non-hispanic,1,0,low,"The optic nerve head appears small with a relatively preserved neuroretinal rim and no clear glaucomatous cupping. The OCT B-scans show no definite focal retinal nerve fiber layer or related structural loss, although image quality and coverage are limited.","{""glaucoma_detected"":0,""confidence"":""low"",""reasoning"":""The optic nerve head appears small with a relatively preserved neuroretinal rim and no clear glaucomatous cupping. The OCT B-scans show no definite focal retinal nerve fiber layer or related structural loss, although image quality and coverage are limited.""}",0
data/Glaucoma/Test/data_07222.npz,63.24,female,black,non-hispanic,1,0,low,"The fundus image is limited and the optic nerve head is only partially well defined, but there is no clear definite glaucomatous rim loss or marked cupping. The OCT B-scans show retinal structure without an obvious focal glaucomatous defect, though they do not provide reliable quantitative RNFL assessment.","{""glaucoma_detected"":0,""confidence"":""low"",""reasoning"":""The fundus image is limited and the optic nerve head is only partially well defined, but there is no clear definite glaucomatous rim loss or marked cupping. The OCT B-scans show retinal structure without an obvious focal glaucomatous defect, though they do not provide reliable quantitative RNFL assessment.""}",0
data/Glaucoma/Test/data_07223.npz,77.75,female,white,non-hispanic,0,1,low,"The fundus image suggests a relatively large, vertically oriented optic nerve excavation with possible rim thinning, raising concern for glaucomatous cupping. Image quality is limited, and the provided OCT B-scans do not clearly assess the peripapillary RNFL or show corroborating glaucomatous structural loss.","{""glaucoma_detected"":1,""confidence"":""low"",""reasoning"":""The fundus image suggests a relatively large, vertically oriented optic nerve excavation with possible rim thinning, raising concern for glaucomatous cupping. Image quality is limited, and the provided OCT B-scans do not clearly assess the peripapillary RNFL or show corroborating glaucomatous structural loss.""}",0
data/Glaucoma/Test/data_07224.npz,59.83,female,white,non-hispanic,1,0,low,The optic nerve appearance is limited by the low-quality grayscale image but does not show clearly convincing rim thinning or glaucomatous excavation. The OCT scans are macular and do not provide a dedicated RNFL or ganglion-cell assessment; no definite glaucomatous structural abnormality is evident.,"{""glaucoma_detected"":0,""confidence"":""low"",""reasoning"":""The optic nerve appearance is limited by the low-quality grayscale image but does not show clearly convincing rim thinning or glaucomatous excavation. The OCT scans are macular and do not provide a dedicated RNFL or ganglion-cell assessment; no definite glaucomatous structural abnormality is evident.""}",0
data/Glaucoma/Test/data_07225.npz,50.97,female,white,non-hispanic,0,0,low,"The optic nerve head is visible without clear glaucomatous excavation or focal rim loss, but the image is limited and the OCT B-scans do not adequately show a dedicated RNFL or optic nerve assessment. Glaucoma cannot be excluded confidently from these images alone.","{
  ""glaucoma_detected"": 0,
  ""confidence"": ""low"",
  ""reasoning"": ""The optic nerve head is visible without clear glaucomatous excavation or focal rim loss, but the image is limited and the OCT B-scans do not adequately show a dedicated RNFL or optic nerve assessment. Glaucoma cannot be excluded confidently from these images alone.""
}",1
data/Glaucoma/Test/data_07226.npz,76.78,male,white,non-hispanic,1,0,low,"The optic nerve appearance is poorly visualized in the low-contrast fundus image, without definite glaucomatous cupping or focal rim loss. The provided OCT B-scans are macular and do not clearly assess the optic nerve or retinal nerve fiber layer, so glaucoma cannot be reliably confirmed or excluded.","{
  ""glaucoma_detected"": 0,
  ""confidence"": ""low"",
  ""reasoning"": ""The optic nerve appearance is poorly visualized in the low-contrast fundus image, without definite glaucomatous cupping or focal rim loss. The provided OCT B-scans are macular and do not clearly assess the optic nerve or retinal nerve fiber layer, so glaucoma cannot be reliably confirmed or excluded.""
}",0
data/Glaucoma/Test/data_07227.npz,66.21,male,asian,non-hispanic,0,1,moderate,"The optic nerve head appears excavated with a relatively prominent vertical cup and reduced neuroretinal rim, while the OCT B-scans show corresponding optic-disc excavation. Image quality and limited structural sampling prevent high-confidence classification.","{""glaucoma_detected"":1,""confidence"":""moderate"",""reasoning"":""The optic nerve head appears excavated with a relatively prominent vertical cup and reduced neuroretinal rim, while the OCT B-scans show corresponding optic-disc excavation. Image quality and limited structural sampling prevent high-confidence classification.""}",0
data/Glaucoma/Test/data_07228.npz,85.66,female,white,non-hispanic,1,0,low,"The optic nerve head is poorly visualized and the fundus image has limited contrast, but there is no clear evidence of glaucomatous excavation or focal rim loss. The OCT B-scans do not show a definitive glaucoma-related structural abnormality, though dedicated RNFL/GCC measurements are not provided.","{
  ""glaucoma_detected"": 0,
  ""confidence"": ""low"",
  ""reasoning"": ""The optic nerve head is poorly visualized and the fundus image has limited contrast, but there is no clear evidence of glaucomatous excavation or focal rim loss. The OCT B-scans do not show a definitive glaucoma-related structural abnormality, though dedicated RNFL/GCC measurements are not provided.""
}",0
data/Glaucoma/Test/data_07229.npz,27.59,female,white,non-hispanic,1,0,low,"The optic nerve head shows a visible cup but no definite focal neuroretinal rim loss or glaucomatous excavation. The OCT B-scans do not demonstrate a clear, concordant retinal nerve fiber layer abnormality, though image quality and scan coverage limit assessment.","{""glaucoma_detected"":0,""confidence"":""low"",""reasoning"":""The optic nerve head shows a visible cup but no definite focal neuroretinal rim loss or glaucomatous excavation. The OCT B-scans do not demonstrate a clear, concordant retinal nerve fiber layer abnormality, though image quality and scan coverage limit assessment.""}",0
data/Glaucoma/Test/data_07230.npz,50.5,male,black,non-hispanic,1,0,low,"The fundus image is very dark and does not allow reliable assessment of the optic nerve head or neuroretinal rim. The OCT B-scans show preserved-appearing macular layers but do not evaluate the optic nerve or RNFL adequately. Glaucoma cannot be confirmed from these images, though assessment is limited by image quality and scan coverage.","{""glaucoma_detected"":0,""confidence"":""low"",""reasoning"":""The fundus image is very dark and does not allow reliable assessment of the optic nerve head or neuroretinal rim. The OCT B-scans show preserved-appearing macular layers but do not evaluate the optic nerve or RNFL adequately. Glaucoma cannot be confirmed from these images, though assessment is limited by image quality and scan coverage.""}",0
data/Glaucoma/Test/data_07231.npz,62.33,female,asian,non-hispanic,0,0,low,"The optic nerve head is visible but the image is low contrast and does not show definite glaucomatous cupping or focal neuroretinal rim loss. The OCT B-scans do not demonstrate a clear, consistent retinal nerve fiber layer defect, although assessment is limited by sparse scans and image quality.","{
  ""glaucoma_detected"": 0,
  ""confidence"": ""low"",
  ""reasoning"": ""The optic nerve head is visible but the image is low contrast and does not show definite glaucomatous cupping or focal neuroretinal rim loss. The OCT B-scans do not demonstrate a clear, consistent retinal nerve fiber layer defect, although assessment is limited by sparse scans and image quality.""
}",1
data/Glaucoma/Test/data_07232.npz,70.55,female,white,non-hispanic,0,0,low,"The optic nerve appearance does not show clear glaucomatous excavation or rim loss in the limited SLO view. The OCT B-scans are macular and do not adequately assess the retinal nerve fiber layer or optic nerve head, so glaucoma cannot be excluded confidently.","{""glaucoma_detected"":0,""confidence"":""low"",""reasoning"":""The optic nerve appearance does not show clear glaucomatous excavation or rim loss in the limited SLO view. The OCT B-scans are macular and do not adequately assess the retinal nerve fiber layer or optic nerve head, so glaucoma cannot be excluded confidently.""}",1
data/Glaucoma/Test/data_07233.npz,42.24,female,white,non-hispanic,0,0,low,"The optic nerve head appears without clearly marked glaucomatous excavation or rim loss, but the view is limited. The provided OCT B-scans are macular rather than dedicated RNFL/optic-nerve scans and do not show a clear glaucoma-related structural abnormality; therefore glaucoma cannot be reliably confirmed or excluded.","{""glaucoma_detected"":0,""confidence"":""low"",""reasoning"":""The optic nerve head appears without clearly marked glaucomatous excavation or rim loss, but the view is limited. The provided OCT B-scans are macular rather than dedicated RNFL/optic-nerve scans and do not show a clear glaucoma-related structural abnormality; therefore glaucoma cannot be reliably confirmed or excluded.""}",1
data/Glaucoma/Test/data_07234.npz,70.94,male,black,non-hispanic,1,0,low,"The optic nerve is only partially assessable on the low-quality SLO image, without clear definite glaucomatous rim loss or cupping. The OCT B-scans appear macular and do not provide a clear retinal nerve fiber layer or optic nerve assessment, so glaucoma cannot be confirmed from these images.","{""glaucoma_detected"":0,""confidence"":""low"",""reasoning"":""The optic nerve is only partially assessable on the low-quality SLO image, without clear definite glaucomatous rim loss or cupping. The OCT B-scans appear macular and do not provide a clear retinal nerve fiber layer or optic nerve assessment, so glaucoma cannot be confirmed from these images.""}",0
data/Glaucoma/Test/data_07235.npz,77.35,female,white,non-hispanic,0,0,low,The optic nerve appearance does not show clearly pathological cupping or focal rim loss in this limited-quality SLO image. The OCT B-scans are noisy and do not demonstrate a definite glaucomatous retinal nerve fiber layer pattern; assessment is therefore uncertain.,"{""glaucoma_detected"":0,""confidence"":""low"",""reasoning"":""The optic nerve appearance does not show clearly pathological cupping or focal rim loss in this limited-quality SLO image. The OCT B-scans are noisy and do not demonstrate a definite glaucomatous retinal nerve fiber layer pattern; assessment is therefore uncertain.""}",1
data/Glaucoma/Test/data_07236.npz,65.52,female,white,non-hispanic,1,0,low,"The optic nerve appearance does not show definite glaucomatous rim loss or marked cupping on this limited-quality image. The OCT B-scans appear to sample retinal tissue without clearly demonstrating glaucomatous RNFL thinning, and no quantitative measurements are provided.","{
  ""glaucoma_detected"": 0,
  ""confidence"": ""low"",
  ""reasoning"": ""The optic nerve appearance does not show definite glaucomatous rim loss or marked cupping on this limited-quality image. The OCT B-scans appear to sample retinal tissue without clearly demonstrating glaucomatous RNFL thinning, and no quantitative measurements are provided.""
}",0
data/Glaucoma/Test/data_07237.npz,59.55,female,white,non-hispanic,1,0,moderate,The optic nerve head appears elevated but does not show convincing glaucomatous excavation or focal rim loss on the SLO image. OCT B-scans show preserved-appearing retinal layers around the nerve without clear glaucomatous RNFL thinning; the disc elevation may reflect non-glaucomatous anatomy such as drusen. Image quality and limited sampling reduce certainty.,"{""glaucoma_detected"":0,""confidence"":""moderate"",""reasoning"":""The optic nerve head appears elevated but does not show convincing glaucomatous excavation or focal rim loss on the SLO image. OCT B-scans show preserved-appearing retinal layers around the nerve without clear glaucomatous RNFL thinning; the disc elevation may reflect non-glaucomatous anatomy such as drusen. Image quality and limited sampling reduce certainty.""}",0
data/Glaucoma/Test/data_07238.npz,51.84,male,white,non-hispanic,0,0,low,"The optic disc is visible but has limited image quality and no definite glaucomatous neuroretinal rim loss or cupping can be established. The OCT B-scans appear centered on the macula and do not show the optic nerve or provide evaluable RNFL information, so glaucoma cannot be confirmed from these images.","{
  ""glaucoma_detected"": 0,
  ""confidence"": ""low"",
  ""reasoning"": ""The optic disc is visible but has limited image quality and no definite glaucomatous neuroretinal rim loss or cupping can be established. The OCT B-scans appear centered on the macula and do not show the optic nerve or provide evaluable RNFL information, so glaucoma cannot be confirmed from these images.""
}",1
data/Glaucoma/Test/data_07239.npz,69.33,male,white,non-hispanic,1,0,low,The optic nerve head is visible but the low-resolution SLO image does not show definite glaucomatous rim thinning or focal notching. The OCT B-scans are centered on the macula and do not adequately assess the optic nerve or peripapillary RNFL; no clear glaucoma-related structural abnormality is evident.,"{""glaucoma_detected"":0,""confidence"":""low"",""reasoning"":""The optic nerve head is visible but the low-resolution SLO image does not show definite glaucomatous rim thinning or focal notching. The OCT B-scans are centered on the macula and do not adequately assess the optic nerve or peripapillary RNFL; no clear glaucoma-related structural abnormality is evident.""}",0
data/Glaucoma/Test/data_07240.npz,67.75,male,white,hispanic,1,0,low,"The optic nerve head is only moderately assessable and does not show definite focal rim loss, notching, or hemorrhage. The OCT B-scans do not provide clear peripapillary RNFL or optic nerve head analysis, so glaucomatous structural damage cannot be confirmed.","{""glaucoma_detected"":0,""confidence"":""low"",""reasoning"":""The optic nerve head is only moderately assessable and does not show definite focal rim loss, notching, or hemorrhage. The OCT B-scans do not provide clear peripapillary RNFL or optic nerve head analysis, so glaucomatous structural damage cannot be confirmed.""}",0
data/Glaucoma/Test/data_07241.npz,31.88,female,white,non-hispanic,0,0,low,"The optic nerve head is only partially visualized and does not show clear glaucomatous cupping or rim loss. The OCT scans show preserved macular retinal architecture but do not directly assess the optic nerve or peripapillary RNFL. Glaucoma is therefore not evident, though evaluation is limited.","{
  ""glaucoma_detected"": 0,
  ""confidence"": ""low"",
  ""reasoning"": ""The optic nerve head is only partially visualized and does not show clear glaucomatous cupping or rim loss. The OCT scans show preserved macular retinal architecture but do not directly assess the optic nerve or peripapillary RNFL. Glaucoma is therefore not evident, though evaluation is limited.""
}",1
data/Glaucoma/Test/data_07242.npz,62.48,male,white,non-hispanic,0,0,low,"The optic nerve appearance is difficult to assess because of limited grayscale image quality, but there is no definite focal rim loss or marked glaucomatous cupping visible. The OCT B-scans show generally preserved retinal layering without clear structural loss, though they do not directly provide a dedicated peripapillary RNFL assessment.","{""glaucoma_detected"":0,""confidence"":""low"",""reasoning"":""The optic nerve appearance is difficult to assess because of limited grayscale image quality, but there is no definite focal rim loss or marked glaucomatous cupping visible. The OCT B-scans show generally preserved retinal layering without clear structural loss, though they do not directly provide a dedicated peripapillary RNFL assessment.""}",1
data/Glaucoma/Test/data_07243.npz,38.34,female,white,non-hispanic,0,0,moderate,"The optic nerve head appears to retain a visible neuroretinal rim without definite focal rim loss or glaucomatous excavation. The OCT B-scans show generally preserved retinal layering without clear localized RNFL thinning, though image quality and sampling limit certainty.","{""glaucoma_detected"":0,""confidence"":""moderate"",""reasoning"":""The optic nerve head appears to retain a visible neuroretinal rim without definite focal rim loss or glaucomatous excavation. The OCT B-scans show generally preserved retinal layering without clear localized RNFL thinning, though image quality and sampling limit certainty.""}",1
data/Glaucoma/Test/data_07244.npz,68.03,male,white,non-hispanic,1,0,low,The fundus image is low quality and does not clearly show the optic nerve head or reliable neuroretinal rim assessment. The OCT B-scans show retinal layers but do not provide clear optic-nerve/RNFL structural evidence of glaucoma. Glaucoma cannot be confidently assessed from these images.,"{""glaucoma_detected"":0,""confidence"":""low"",""reasoning"":""The fundus image is low quality and does not clearly show the optic nerve head or reliable neuroretinal rim assessment. The OCT B-scans show retinal layers but do not provide clear optic-nerve/RNFL structural evidence of glaucoma. Glaucoma cannot be confidently assessed from these images.""}",0
data/Glaucoma/Test/data_07245.npz,56.29,female,black,non-hispanic,1,1,moderate,"The optic nerve head appears excavated with a relatively prominent central cup and possible rim thinning. The OCT B-scans are limited in quality and do not clearly demonstrate RNFL loss, so structural support is incomplete.","{""glaucoma_detected"":1,""confidence"":""moderate"",""reasoning"":""The optic nerve head appears excavated with a relatively prominent central cup and possible rim thinning. The OCT B-scans are limited in quality and do not clearly demonstrate RNFL loss, so structural support is incomplete.""}",1
data/Glaucoma/Test/data_07246.npz,69.07,female,white,non-hispanic,1,0,low,"The optic nerve appearance does not show clear glaucomatous cupping or focal rim loss. The provided OCT B-scans show generally preserved retinal architecture but do not adequately assess the peripapillary RNFL or optic nerve head, so glaucoma cannot be excluded confidently.","{""glaucoma_detected"":0,""confidence"":""low"",""reasoning"":""The optic nerve appearance does not show clear glaucomatous cupping or focal rim loss. The provided OCT B-scans show generally preserved retinal architecture but do not adequately assess the peripapillary RNFL or optic nerve head, so glaucoma cannot be excluded confidently.""}",0
data/Glaucoma/Test/data_07247.npz,86.88,female,white,non-hispanic,1,0,low,The fundus image is poorly illuminated and does not clearly show the optic nerve head or neuroretinal rim. The OCT scans appear to be macular rather than optic-nerve/RNFL scans and do not demonstrate glaucoma-specific structural loss. Glaucoma cannot be reliably assessed from these images.,"{
  ""glaucoma_detected"": 0,
  ""confidence"": ""low"",
  ""reasoning"": ""The fundus image is poorly illuminated and does not clearly show the optic nerve head or neuroretinal rim. The OCT scans appear to be macular rather than optic-nerve/RNFL scans and do not demonstrate glaucoma-specific structural loss. Glaucoma cannot be reliably assessed from these images.""
}",0
data/Glaucoma/Test/data_07248.npz,74.24,male,white,non-hispanic,1,1,moderate,"The optic nerve head appears substantially excavated with a relatively thin neuroretinal rim, and the OCT B-scans show prominent optic-disc excavation. Image quality and limited sampling reduce certainty, but the structural findings are suspicious for glaucomatous damage.","{""glaucoma_detected"":1,""confidence"":""moderate"",""reasoning"":""The optic nerve head appears substantially excavated with a relatively thin neuroretinal rim, and the OCT B-scans show prominent optic-disc excavation. Image quality and limited sampling reduce certainty, but the structural findings are suspicious for glaucomatous damage.""}",1
data/Glaucoma/Test/data_07249.npz,60.01,male,white,non-hispanic,0,0,low,"The optic nerve head appears to have a relatively preserved neuroretinal rim without definite glaucomatous cupping. The OCT B-scans show no clearly demonstrable focal retinal nerve fiber layer loss, although image quality and lack of quantitative thickness data limit assessment.","{
  ""glaucoma_detected"": 0,
  ""confidence"": ""low"",
  ""reasoning"": ""The optic nerve head appears to have a relatively preserved neuroretinal rim without definite glaucomatous cupping. The OCT B-scans show no clearly demonstrable focal retinal nerve fiber layer loss, although image quality and lack of quantitative thickness data limit assessment.""
}",1
data/Glaucoma/Test/data_07250.npz,75.1,female,white,non-hispanic,0,0,low,"The fundus image is very poor quality with limited visualization of the optic nerve head, and the OCT B-scans do not clearly assess the optic nerve or retinal nerve fiber layer. No definite glaucomatous structural abnormality can be identified, but the study is inadequate for confident exclusion.","{""glaucoma_detected"":0,""confidence"":""low"",""reasoning"":""The fundus image is very poor quality with limited visualization of the optic nerve head, and the OCT B-scans do not clearly assess the optic nerve or retinal nerve fiber layer. No definite glaucomatous structural abnormality can be identified, but the study is inadequate for confident exclusion.""}",1
